,Districts/Neighborhoods,Address,County,Routes Served,Name,Route,Route Type,Agency Stop ID,Lat,Lon
0,Industrial District,"Seattle, WA",King,5,4th Ave S & S Royal Brougham Way,5 - Shoreline Community College - Seattle,Seattle,,47.593342,-122.328957
1,International District,"Seattle, WA",King,5,4th Ave S & S Jackson St,5 - Shoreline Community College - Seattle,Seattle,,47.599827,-122.328972
2,Pioneer Square,"Seattle, WA",King,5,3rd Ave & James St,5 - Shoreline Community College - Seattle,Seattle,,47.602642,-122.331184
3,Central Business District,"Seattle, WA",King,5,3rd Ave & Madison St,5 - Shoreline Community College - Seattle,Seattle,,47.605541,-122.333832
4,Central Business District,"Seattle, WA",King,5,3rd Ave & Union St,5 - Shoreline Community College - Seattle,Seattle,,47.608688,-122.336700
5,Central Business District,"Seattle, WA",King,5,3rd Ave & Pine St,5 - Shoreline Community College - Seattle,Seattle,,47.611137,-122.338951
6,"Belltown, Denny Regrade","Seattle, WA",King,1,3rd Ave & Virginia St,5 - Shoreline Community College - Seattle,Seattle,,47.612995,-122.341743
7,"Belltown, Denny Regrade","Seattle, WA",King,1,3rd Ave & Bell St,5 - Shoreline Community College - Seattle,Seattle,,47.615120,-122.345337
8,,"Seattle, WA",King,5,7th Ave N & Denny Way,5 - Shoreline Community College - Seattle,Seattle,,47.619087,-122.343445
9,,"Seattle, WA",King,5,7th Ave N & Harrison St,5 - Shoreline Community College - Seattle,Seattle,,47.621895,-122.343506
10,"Cascade, Westlake","Seattle, WA",King,5,Aurora Ave N & Prospect St,5 - Shoreline Community College - Seattle,Seattle,,47.629238,-122.343353
11,"Cascade, Westlake","Seattle, WA",King,5,Aurora Ave N & Galer St,5 - Shoreline Community College - Seattle,Seattle,,47.632572,-122.343323
12,"Cascade, Westlake","Seattle, WA",King,5,Aurora Ave N & Crockett St,5 - Shoreline Community College - Seattle,Seattle,,47.637405,-122.344185
13,Queen Anne,"Seattle, WA",King,5,Aurora Ave N & Lynn St,5 - Shoreline Community College - Seattle,Seattle,,47.638874,-122.345200
14,Queen Anne,"Seattle, WA",King,5,Aurora Ave N & Halladay St,5 - Shoreline Community College - Seattle,Seattle,,47.641975,-122.346672
15,Fremont,"Seattle, WA",King,5,Aurora Ave N & N 38th St,5 - Shoreline Community College - Seattle,Seattle,,47.652473,-122.346619
16,Fremont,"Seattle, WA",King,5,Fremont Ave N & N 39th St,5 - Shoreline Community College - Seattle,Seattle,,47.654400,-122.349815
17,Fremont,"Seattle, WA",King,5,Fremont Ave N & N 41st St,5 - Shoreline Community College - Seattle,Seattle,,47.656902,-122.349854
18,Fremont,"Seattle, WA",King,5,N 43rd St & Fremont Ave N,5 - Shoreline Community College - Seattle,Seattle,,47.659023,-122.350403
19,Fremont,"Seattle, WA",King,5,Phinney Ave N & N 43rd St,5 - Shoreline Community College - Seattle,Seattle,,47.659287,-122.354279
20,Fremont,"Seattle, WA",King,5,Phinney Ave N & N 46th St,5 - Shoreline Community College - Seattle,Seattle,,47.662418,-122.353882
21,Fremont,"Seattle, WA",King,5,Phinney Ave N & N 50th St,5 - Shoreline Community College - Seattle,Seattle,,47.664959,-122.353874
22,Phinney Ridge,"Seattle, WA",King,5,Phinney Ave N & N 53rd St,5 - Shoreline Community College - Seattle,Seattle,,47.666897,-122.354324
23,Phinney Ridge,"Seattle, WA",King,5,Phinney Ave N & N 55th St,5 - Shoreline Community College - Seattle,Seattle,,47.668350,-122.354309
24,Phinney Ridge,"Seattle, WA",King,5,Phinney Ave N & N 58th St,5 - Shoreline Community College - Seattle,Seattle,,47.670960,-122.354294
25,Phinney Ridge,"Seattle, WA",King,5,Phinney Ave N & N 60th St,5 - Shoreline Community College - Seattle,Seattle,,47.672764,-122.354279
26,Phinney Ridge,"Seattle, WA",King,5,Phinney Ave N & N 64th St,5 - Shoreline Community College - Seattle,Seattle,,47.675819,-122.354256
27,Phinney Ridge,"Seattle, WA",King,5,Phinney Ave N & N 67th St,5 - Shoreline Community College - Seattle,Seattle,,47.677280,-122.354256
28,Phinney Ridge,"Seattle, WA",King,5,Greenwood Ave N & N 68th St,5 - Shoreline Community College - Seattle,Seattle,,47.678936,-122.355209
29,Phinney Ridge,"Seattle, WA",King,5,Greenwood Ave N & N 72nd St,5 - Shoreline Community College - Seattle,Seattle,,47.681381,-122.355209
30,Greenwood,"Seattle, WA",King,5,Greenwood Ave N & N 75th St,5 - Shoreline Community College - Seattle,Seattle,,47.683537,-122.355194
31,Greenwood,"Seattle, WA",King,5,Greenwood Ave N & N 80th St,5 - Shoreline Community College - Seattle,Seattle,,47.687332,-122.355194
32,Greenwood,"Seattle, WA",King,5,Greenwood Ave N & N 85th St,5 - Shoreline Community College - Seattle,Seattle,,47.690968,-122.355209
33,Greenwood,"Seattle, WA",King,5,Greenwood Ave N & N 87th St,5 - Shoreline Community College - Seattle,Seattle,,47.692844,-122.355225
34,Greenwood,"Seattle, WA",King,5,Greenwood Ave N & N 90th St,5 - Shoreline Community College - Seattle,Seattle,,47.694466,-122.355247
35,Greenwood,"Seattle, WA",King,5,Greenwood Ave N & N 92nd St,5 - Shoreline Community College - Seattle,Seattle,,47.696289,-122.355278
36,Greenwood,"Seattle, WA",King,5,Greenwood Ave N & N 97th St,5 - Shoreline Community College - Seattle,Seattle,,47.700008,-122.355309
37,Greenwood,"Seattle, WA",King,5,Greenwood Ave N & N 100th St,5 - Shoreline Community College - Seattle,Seattle,,47.701737,-122.355316
38,Greenwood,"Seattle, WA",King,5,Greenwood Ave N & N 103rd St,5 - Shoreline Community College - Seattle,Seattle,,47.703884,-122.355347
39,Bitter Lake,"Seattle, WA",King,5,Greenwood Ave N & N 107th St,5 - Shoreline Community College - Seattle,Seattle,,47.707176,-122.355347
40,Bitter Lake,"Seattle, WA",King,5,Greenwood Ave N & N 110th St,5 - Shoreline Community College - Seattle,Seattle,,47.709072,-122.355347
41,Bitter Lake,"Seattle, WA",King,5,Greenwood Ave N & N 112th St,5 - Shoreline Community College - Seattle,Seattle,,47.710777,-122.355400
42,Bitter Lake,"Seattle, WA",King,5,Greenwood Ave N & N 117th St,5 - Shoreline Community College - Seattle,Seattle,,47.714401,-122.355415
43,Bitter Lake,"Seattle, WA",King,5,Greenwood Ave N & N 122nd St,5 - Shoreline Community College - Seattle,Seattle,,47.718021,-122.355431
44,Bitter Lake,"Seattle, WA",King,5,Greenwood Ave N & N 125th St,5 - Shoreline Community College - Seattle,Seattle,,47.720032,-122.355438
45,Bitter Lake,"Seattle, WA",King,5,Greenwood Ave N & N 130th St,5 - Shoreline Community College - Seattle,Seattle,,47.723671,-122.355453
46,Bitter Lake,"Seattle, WA",King,5,Greenwood Ave N & N 134th St,5 - Shoreline Community College - Seattle,Seattle,,47.726650,-122.355438
47,Bitter Lake,"Seattle, WA",King,5,Greenwood Ave N & N 137th St,5 - Shoreline Community College - Seattle,Seattle,,47.728973,-122.355453
48,Bitter Lake,"Seattle, WA",King,5,Greenwood Ave N & N 143rd St,5 - Shoreline Community College - Seattle,Seattle,,47.732136,-122.355453
49,Bitter Lake,"Seattle, WA",King,5,Greenwood Ave N & N 145th St,5 - Shoreline Community College - Seattle,Seattle,,47.733524,-122.355469
50,Highland Terrace,"Shoreline, WA",King,5,Dayton Ave N & N 150th St,5 - Shoreline Community College - Seattle,Seattle,,47.737946,-122.353050
51,Highland Terrace,"Shoreline, WA",King,5,Dayton Ave N & N 155th St,5 - Shoreline Community College - Seattle,Seattle,,47.741745,-122.353119
52,Highland Terrace,"Shoreline, WA",King,5,Dayton Ave N & N 160th St,5 - Shoreline Community College - Seattle,Seattle,,47.744144,-122.353134
53,Shoreline Community College,"Shoreline, WA",King,5,N Innis Arden Way & Greenwood Ave N,5 - Shoreline Community College - Seattle,Seattle,,47.746098,-122.357193
54,Shoreline Community College,"Shoreline, WA",King,5,Shoreline CC & N Innis Arden Way,5 - Shoreline Community College - Seattle,Seattle,,47.746998,-122.357857
55,"Atlantic, Central District","Seattle, WA",King,8,Mt. Baker Transfer Area - Bay 2,8 - Seattle Center - Capitol Hill - Mount Baker,Seattle,,47.577591,-122.297127
56,"Mount Baker, Rainier Valley","Seattle, WA",King,8,Martin L King Jr Way S & S Mcclellan St,8 - Seattle Center - Capitol Hill - Mount Baker,Seattle,,47.578617,-122.296089
57,"Mount Baker, Rainier Valley","Seattle, WA",King,8,Martin L King Jr Way S & S Bayview St,8 - Seattle Center - Capitol Hill - Mount Baker,Seattle,,47.581486,-122.297020
58,"Mount Baker, Rainier Valley","Seattle, WA",King,8,Martin L King Jr Way S & S Walker St,8 - Seattle Center - Capitol Hill - Mount Baker,Seattle,,47.583851,-122.298042
59,"Mount Baker, Rainier Valley","Seattle, WA",King,4,Martin L King Jr Way S & S Massachusetts St,8 - Seattle Center - Capitol Hill - Mount Baker,Seattle,,47.588734,-122.297821
60,"Mount Baker, Rainier Valley","Seattle, WA",King,4,Martin L King Jr Way S & S Irving St,8 - Seattle Center - Capitol Hill - Mount Baker,Seattle,,47.590630,-122.297348
61,"Central District, Leschi","Seattle, WA",King,8,Martin L King Jr Way S & S Dearborn St,8 - Seattle Center - Capitol Hill - Mount Baker,Seattle,,47.595352,-122.297523
62,"Atlantic, Central District","Seattle, WA",King,8,S Jackson St & Martin L King Jr Way S,8 - Seattle Center - Capitol Hill - Mount Baker,Seattle,,47.599304,-122.297752
63,"Atlantic, Central District","Seattle, WA",King,4,23rd Ave S & S Jackson St,8 - Seattle Center - Capitol Hill - Mount Baker,Seattle,,47.599697,-122.302124
64,"Atlantic, Central District","Seattle, WA",King,8,E Yesler Way & 23rd Ave S,8 - Seattle Center - Capitol Hill - Mount Baker,Seattle,,47.601601,-122.301727
65,"Atlantic, Central District","Seattle, WA",King,8,E Yesler Way & 27th Ave S,8 - Seattle Center - Capitol Hill - Mount Baker,Seattle,,47.601585,-122.297539
66,"Central District, Leschi","Seattle, WA",King,8,Martin L King Jr Way & E Alder St,8 - Seattle Center - Capitol Hill - Mount Baker,Seattle,,47.604504,-122.296700
67,"Central District, Leschi","Seattle, WA",King,8,Martin L King Jr Way & E Cherry St,8 - Seattle Center - Capitol Hill - Mount Baker,Seattle,,47.607601,-122.296249
68,"Central District, Madrona","Seattle, WA",King,8,Martin L King Jr Way & E Marion St,8 - Seattle Center - Capitol Hill - Mount Baker,Seattle,,47.610191,-122.296127
69,"Central District, Madrona","Seattle, WA",King,8,Martin L King Jr Way & E Union St,8 - Seattle Center - Capitol Hill - Mount Baker,Seattle,,47.612625,-122.296112
70,"Central District, Madrona","Seattle, WA",King,8,Martin L King Jr Way & E Olive St,8 - Seattle Center - Capitol Hill - Mount Baker,Seattle,,47.616684,-122.296043
71,"Central District, Harrison/Denny-Blaine","Seattle, WA",King,8,Martin L King Jr Way E & E John St,8 - Seattle Center - Capitol Hill - Mount Baker,Seattle,,47.620106,-122.295990
72,"Capitol Hill, Stevens","Seattle, WA",King,8,E Madison St & Martin L King Jr Way E,8 - Seattle Center - Capitol Hill - Mount Baker,Seattle,,47.623097,-122.296906
73,"Capitol Hill, Stevens","Seattle, WA",King,8,E Madison St & 25th Ave E,8 - Seattle Center - Capitol Hill - Mount Baker,Seattle,,47.620869,-122.300186
74,"Capitol Hill, Stevens","Seattle, WA",King,8,E John St & 22nd Ave E,8 - Seattle Center - Capitol Hill - Mount Baker,Seattle,,47.620277,-122.303993
75,"Capitol Hill, Stevens","Seattle, WA",King,8,E Thomas St & 19th Ave E,8 - Seattle Center - Capitol Hill - Mount Baker,Seattle,,47.620556,-122.307190
76,"Capitol Hill, Stevens","Seattle, WA",King,8,E Thomas St & 16th Ave E,8 - Seattle Center - Capitol Hill - Mount Baker,Seattle,,47.620571,-122.311920
77,"Broadway, Capitol Hill","Seattle, WA",King,8,E John St & 15th Ave E,8 - Seattle Center - Capitol Hill - Mount Baker,Seattle,,47.620033,-122.313202
78,"Broadway, Capitol Hill","Seattle, WA",King,8,E John St & 12th Ave E,8 - Seattle Center - Capitol Hill - Mount Baker,Seattle,,47.620003,-122.317535
79,,"Seattle, WA",King,8,E John St & 10th Ave E,8 - Seattle Center - Capitol Hill - Mount Baker,Seattle,,47.619980,-122.320114
80,"Broadway, Capitol Hill","Seattle, WA",King,8,E Olive Way & Summit Ave E,8 - Seattle Center - Capitol Hill - Mount Baker,Seattle,,47.619152,-122.325119
81,"Broadway, Capitol Hill","Seattle, WA",King,8,E Denny Way & Bellevue Ave E,8 - Seattle Center - Capitol Hill - Mount Baker,Seattle,,47.618565,-122.326553
82,Cascade,"Seattle, WA",King,8,Denny Way & Fairview Ave N,8 - Seattle Center - Capitol Hill - Mount Baker,Seattle,,47.618603,-122.334213
83,Cascade,"Seattle, WA",King,8,Denny Way & Westlake Ave,8 - Seattle Center - Capitol Hill - Mount Baker,Seattle,,47.618603,-122.338806
84,Cascade,"Seattle, WA",King,8,Denny Way & 7th Ave N,8 - Seattle Center - Capitol Hill - Mount Baker,Seattle,,47.618626,-122.343323
85,Cascade,"Seattle, WA",King,8,Denny Way & 5th Ave N,8 - Seattle Center - Capitol Hill - Mount Baker,Seattle,,47.618641,-122.347847
86,,"Seattle, WA",King,2,Denny Way & 2nd Ave N,8 - Seattle Center - Capitol Hill - Mount Baker,Seattle,,47.618660,-122.352615
87,,"Seattle, WA",King,1,1st Ave N & Denny Way,8 - Seattle Center - Capitol Hill - Mount Baker,Seattle,,47.619118,-122.355362
88,Queen Anne,"Seattle, WA",King,1,1st Ave N & Republican St,8 - Seattle Center - Capitol Hill - Mount Baker,Seattle,,47.623123,-122.355309
89,Queen Anne,"Seattle, WA",King,1,Mercer St & Queen Anne Ave N,8 - Seattle Center - Capitol Hill - Mount Baker,Seattle,,47.624649,-122.356552
90,Central Business District,"Seattle, WA",King,3,Pine St & 9th Ave,11 - Madison Park - Seattle,Seattle,,47.613377,-122.332603
91,Central Business District,"Seattle, WA",King,3,Pine St & 5th Ave,11 - Madison Park - Seattle,Seattle,,47.611767,-122.336456
92,Central Business District,"Seattle, WA",King,10,Pine St & 4th Ave,11 - Madison Park - Seattle,Seattle,,47.611103,-122.338028
93,Central Business District,"Seattle, WA",King,3,Pike St & 4th Ave,11 - Madison Park - Seattle,Seattle,,47.610073,-122.336838
94,Central Business District,"Seattle, WA",King,3,Pike St & 6th Ave,11 - Madison Park - Seattle,Seattle,,47.611034,-122.334526
95,,"Seattle, WA",King,3,Pike St & 7th Ave,11 - Madison Park - Seattle,Seattle,,47.611809,-122.332687
96,First Hill,"Seattle, WA",King,3,Pike St & Minor Ave,11 - Madison Park - Seattle,Seattle,,47.613785,-122.327957
97,"Broadway, Capitol Hill","Seattle, WA",King,3,Bellevue Ave & E Olive St,11 - Madison Park - Seattle,Seattle,,47.616509,-122.326691
98,"Broadway, Capitol Hill","Seattle, WA",King,8,E Olive Way & Summit Ave E,11 - Madison Park - Seattle,Seattle,,47.619129,-122.324883
99,"Broadway, Capitol Hill","Seattle, WA",King,8,E John St & Broadway E,11 - Madison Park - Seattle,Seattle,,47.619846,-122.320473
100,"Broadway, Capitol Hill","Seattle, WA",King,8,E John St & 12th Ave E,11 - Madison Park - Seattle,Seattle,,47.619873,-122.316429
101,"Broadway, Capitol Hill","Seattle, WA",King,8,E John St & 15th Ave E,11 - Madison Park - Seattle,Seattle,,47.619892,-122.313042
102,"Capitol Hill, Stevens","Seattle, WA",King,8,E Thomas St & 16th Ave E,11 - Madison Park - Seattle,Seattle,,47.620426,-122.311020
103,"Capitol Hill, Stevens","Seattle, WA",King,8,E Thomas St & 19th Ave E,11 - Madison Park - Seattle,Seattle,,47.620422,-122.307518
104,"Capitol Hill, Stevens","Seattle, WA",King,8,E John St & 22nd Ave E,11 - Madison Park - Seattle,Seattle,,47.620144,-122.303177
105,"Central District, Mann","Seattle, WA",King,8,E Madison St & 24th Ave E,11 - Madison Park - Seattle,Seattle,,47.620537,-122.300407
106,"Central District, Mann","Seattle, WA",King,8,E Madison St & Martin L King Jr Way E,11 - Madison Park - Seattle,Seattle,,47.622658,-122.297264
107,"Central District, Harrison/Denny-Blaine","Seattle, WA",King,11,E Madison St & 29th Ave E,11 - Madison Park - Seattle,Seattle,,47.624065,-122.295189
108,"Central District, Harrison/Denny-Blaine","Seattle, WA",King,11,E Madison St & Lake Washington Blvd,11 - Madison Park - Seattle,Seattle,,47.626152,-122.292099
109,"Central District, Harrison/Denny-Blaine","Seattle, WA",King,11,E Madison St & 33rd Ave E,11 - Madison Park - Seattle,Seattle,,47.628185,-122.289093
110,"Central District, Harrison/Denny-Blaine","Seattle, WA",King,11,E Madison St & 36th Ave E,11 - Madison Park - Seattle,Seattle,,47.629940,-122.286514
111,"Capitol Hill, Madison Park","Seattle, WA",King,11,E Madison St & 38th Ave E,11 - Madison Park - Seattle,Seattle,,47.631443,-122.284302
112,"Capitol Hill, Madison Park","Seattle, WA",King,11,E Madison St & 39th Ave E,11 - Madison Park - Seattle,Seattle,,47.632427,-122.282822
113,"Capitol Hill, Madison Park","Seattle, WA",King,11,E Madison St & 41st Ave E,11 - Madison Park - Seattle,Seattle,,47.634331,-122.280022
114,"Capitol Hill, Madison Park","Seattle, WA",King,11,43rd Ave E & E Blaine St,11 - Madison Park - Seattle,Seattle,,47.634884,-122.277046
115,"Capitol Hill, Madison Park","Seattle, WA",King,11,43rd Ave E & E Madison St,11 - Madison Park - Seattle,Seattle,,47.636631,-122.277016
116,"Capitol Hill, Madison Park","Seattle, WA",King,11,43rd Ave E & E Lynn St,11 - Madison Park - Seattle,Seattle,,47.639088,-122.276993
117,"Capitol Hill, Madison Park","Seattle, WA",King,11,E Mcgilvra St & 42nd Ave E,11 - Madison Park - Seattle,Seattle,,47.640774,-122.278122
118,"Belltown, Denny Regrade","Seattle, WA",King,5,Wall St & 5th Ave,21 - Arbor Heights - Westwood Village - West Seattle - Seattle,Seattle,,47.617504,-122.345268
119,Belltown,"Seattle, WA",King,1,3rd Ave & Bell St,21 - Arbor Heights - Westwood Village - West Seattle - Seattle,Seattle,,47.614300,-122.344269
120,Belltown,"Seattle, WA",King,1,3rd Ave & Virginia St,21 - Arbor Heights - Westwood Village - West Seattle - Seattle,Seattle,,47.612438,-122.341110
121,Central Business District,"Seattle, WA",King,21,3rd Ave & Pike St,21 - Arbor Heights - Westwood Village - West Seattle - Seattle,Seattle,,47.609791,-122.337959
122,Central Business District,"Seattle, WA",King,21,3rd Ave & Seneca St,21 - Arbor Heights - Westwood Village - West Seattle - Seattle,Seattle,,47.606442,-122.334900
123,Central Business District,"Seattle, WA",King,21,3rd Ave & Columbia St,21 - Arbor Heights - Westwood Village - West Seattle - Seattle,Seattle,,47.603580,-122.332275
124,Pioneer Square,"Seattle, WA",King,1,3rd Ave S & S Main St,21 - Arbor Heights - Westwood Village - West Seattle - Seattle,Seattle,,47.600239,-122.330376
125,Industrial District,"Seattle, WA",King,21,1st Ave S & S Atlantic St,21 - Arbor Heights - Westwood Village - West Seattle - Seattle,Seattle,,47.589901,-122.334297
126,Industrial District,"Seattle, WA",King,21,1st Ave S & S Holgate St,21 - Arbor Heights - Westwood Village - West Seattle - Seattle,Seattle,,47.585762,-122.334297
127,,"Seattle, WA",King,21,1st Ave S & S Walker St,21 - Arbor Heights - Westwood Village - West Seattle - Seattle,Seattle,,47.583652,-122.334297
128,Industrial District,"Seattle, WA",King,21,1st Ave S & S Stacy St,21 - Arbor Heights - Westwood Village - West Seattle - Seattle,Seattle,,47.581554,-122.334297
129,Industrial District,"Seattle, WA",King,21,1st Ave S & S Lander St,21 - Arbor Heights - Westwood Village - West Seattle - Seattle,Seattle,,47.579250,-122.334312
130,Industrial District,"Seattle, WA",King,21,1st Ave S & S Hanford St,21 - Arbor Heights - Westwood Village - West Seattle - Seattle,Seattle,,47.575752,-122.334312
131,Industrial District,"Seattle, WA",King,21,SW Spokane St & Chelan Ave SW,21 - Arbor Heights - Westwood Village - West Seattle - Seattle,Seattle,,47.571720,-122.363365
132,Industrial District,"Seattle, WA",King,21,SW Spokane St & 26th Ave SW,21 - Arbor Heights - Westwood Village - West Seattle - Seattle,Seattle,,47.571712,-122.366165
133,"Fairmount Park, West Seattle","Seattle, WA",King,21,SW Avalon Way & SW Bradford St,21 - Arbor Heights - Westwood Village - West Seattle - Seattle,Seattle,,47.568867,-122.370850
134,"Fairmount Park, West Seattle","Seattle, WA",King,21,SW Avalon Way & SW Genesee St,21 - Arbor Heights - Westwood Village - West Seattle - Seattle,Seattle,,47.564774,-122.372597
136,,"Seattle, WA",King,21,Columbia St & Alaskan Way,21 - Arbor Heights - Westwood Village - West Seattle - Seattle,Seattle,,47.602615,-122.336784
137,Pioneer Square,County:,King,21,Alaskan Way S & S Jackson St,21 - Arbor Heights - Westwood Village - West Seattle - Seattle,Seattle,,47.598717,-122.335960
138,"Fairmount Park, West Seattle","Seattle, WA",King,21,35th Ave SW & SW Avalon Way,21 - Arbor Heights - Westwood Village - West Seattle - Seattle,Seattle,,47.563503,-122.376305
139,"Fairmount Park, West Seattle","Seattle, WA",King,21,35th Ave SW & SW Edmunds St,21 - Arbor Heights - Westwood Village - West Seattle - Seattle,Seattle,,47.559006,-122.376343
140,"Fairmount Park, West Seattle","Seattle, WA",King,21,35th Ave SW & SW Hudson St,21 - Arbor Heights - Westwood Village - West Seattle - Seattle,Seattle,,47.557186,-122.376358
141,"Fairmount Park, West Seattle","Seattle, WA",King,21,35th Ave SW & SW Dawson St,21 - Arbor Heights - Westwood Village - West Seattle - Seattle,Seattle,,47.555370,-122.376373
142,"Fairmount Park, West Seattle","Seattle, WA",King,21,35th Ave SW & SW Findlay St,21 - Arbor Heights - Westwood Village - West Seattle - Seattle,Seattle,,47.551716,-122.376411
143,"Fairmount Park, West Seattle","Seattle, WA",King,21,35th Ave SW & SW Raymond St,21 - Arbor Heights - Westwood Village - West Seattle - Seattle,Seattle,,47.548080,-122.376480
144,"Gatewood, West Seattle","Seattle, WA",King,21,35th Ave SW & SW Morgan St,21 - Arbor Heights - Westwood Village - West Seattle - Seattle,Seattle,,47.544190,-122.376564
145,"Gatewood, West Seattle","Seattle, WA",King,21,35th Ave SW & SW Holly St,21 - Arbor Heights - Westwood Village - West Seattle - Seattle,Seattle,,47.542610,-122.376602
146,"Gatewood, West Seattle","Seattle, WA",King,21,35th Ave SW & SW Myrtle St,21 - Arbor Heights - Westwood Village - West Seattle - Seattle,Seattle,,47.538975,-122.376686
147,"Gatewood, West Seattle","Seattle, WA",King,21,35th Ave SW & SW Webster St,21 - Arbor Heights - Westwood Village - West Seattle - Seattle,Seattle,,47.535229,-122.376709
148,"Gatewood, West Seattle","Seattle, WA",King,21,35th Ave SW & SW Ida St,21 - Arbor Heights - Westwood Village - West Seattle - Seattle,Seattle,,47.533905,-122.376724
149,"Gatewood, West Seattle","Seattle, WA",King,21,35th Ave SW & SW Kenyon St,21 - Arbor Heights - Westwood Village - West Seattle - Seattle,Seattle,,47.531616,-122.376740
150,"Gatewood, West Seattle","Seattle, WA",King,21,35th Ave SW & SW Elmgrove St,21 - Arbor Heights - Westwood Village - West Seattle - Seattle,Seattle,,47.529922,-122.376740
151,"Fauntleroy, West Seattle","Seattle, WA",King,21,35th Ave SW & SW Thistle St,21 - Arbor Heights - Westwood Village - West Seattle - Seattle,Seattle,,47.528038,-122.376740
152,"Fauntleroy, West Seattle","Seattle, WA",King,21,35th Ave SW & SW Trenton St,21 - Arbor Heights - Westwood Village - West Seattle - Seattle,Seattle,,47.524403,-122.376755
153,"Fauntleroy, West Seattle","Seattle, WA",King,21,35th Ave SW & SW Henderson St,21 - Arbor Heights - Westwood Village - West Seattle - Seattle,Seattle,,47.522942,-122.376808
154,"Delridge, Roxhill","Seattle, WA",King,21,SW Barton St & 35th Ave SW,21 - Arbor Heights - Westwood Village - West Seattle - Seattle,Seattle,,47.521000,-122.376358
155,"Delridge, Roxhill","Seattle, WA",King,21,SW Barton St & 26th Ave SW - Bay 1,21 - Arbor Heights - Westwood Village - West Seattle - Seattle,Seattle,,47.520962,-122.367355
156,"Delridge, Roxhill","Seattle, WA",King,21,SW Roxbury St & 28th Ave SW,21 - Arbor Heights - Westwood Village - West Seattle - Seattle,Seattle,,47.517456,-122.368050
157,"Fauntleroy, West Seattle","Seattle, WA",King,21,35th Ave SW & SW Barton St,21 - Arbor Heights - Westwood Village - West Seattle - Seattle,Seattle,,47.520824,-122.376877
158,"Fauntleroy, West Seattle","Seattle, WA",King,21,35th Ave SW & SW Cambridge St,21 - Arbor Heights - Westwood Village - West Seattle - Seattle,Seattle,,47.519039,-122.376900
159,"Arbor Heights, West Seattle","Seattle, WA",King,21,35th Ave SW & SW Roxbury St,21 - Arbor Heights - Westwood Village - West Seattle - Seattle,Seattle,,47.516853,-122.376900
160,"Arbor Heights, West Seattle","Seattle, WA",King,21,SW 100th St & 35th Ave SW,21 - Arbor Heights - Westwood Village - West Seattle - Seattle,Seattle,,47.513794,-122.376945
161,"Arbor Heights, West Seattle","Seattle, WA",King,21,SW 100th St & 37th Ave SW,21 - Arbor Heights - Westwood Village - West Seattle - Seattle,Seattle,,47.513809,-122.379280
162,"Arbor Heights, West Seattle","Seattle, WA",King,21,SW 100th St & 39th Ave SW,21 - Arbor Heights - Westwood Village - West Seattle - Seattle,Seattle,,47.513821,-122.382149
163,"Arbor Heights, West Seattle","Seattle, WA",King,21,SW 100th St & 41st Ave SW,21 - Arbor Heights - Westwood Village - West Seattle - Seattle,Seattle,,47.513836,-122.384758
164,"Arbor Heights, West Seattle","Seattle, WA",King,21,SW 100th St & 42nd Ave SW,21 - Arbor Heights - Westwood Village - West Seattle - Seattle,Seattle,,47.513840,-122.386086
165,"Arbor Heights, West Seattle","Seattle, WA",King,21,44th Ave SW & SW 100th St,21 - Arbor Heights - Westwood Village - West Seattle - Seattle,Seattle,,47.513500,-122.388695
166,"Arbor Heights, West Seattle","Seattle, WA",King,21,44th Ave SW & Marine View Dr SW,21 - Arbor Heights - Westwood Village - West Seattle - Seattle,Seattle,,47.510818,-122.388824
167,"Fauntleroy, West Seattle","Seattle, WA",King,21,Marine View Dr SW & SW 104th St,21 - Arbor Heights - Westwood Village - West Seattle - Seattle,Seattle,,47.509960,-122.388214
168,"Arbor Heights, West Seattle","Seattle, WA",King,21,SW 106th St & California Ave SW,21 - Arbor Heights - Westwood Village - West Seattle - Seattle,Seattle,,47.508213,-122.386742
169,"Arbor Heights, West Seattle","Seattle, WA",King,21,SW 106th St & 41st Ave SW,21 - Arbor Heights - Westwood Village - West Seattle - Seattle,Seattle,,47.508190,-122.384331
170,"Arbor Heights, West Seattle","Seattle, WA",King,21,SW 106th St & 39th Ave SW,21 - Arbor Heights - Westwood Village - West Seattle - Seattle,Seattle,,47.508167,-122.381653
171,"Arbor Heights, West Seattle","Seattle, WA",King,21,39th Ave SW & Marine View Dr SW,21 - Arbor Heights - Westwood Village - West Seattle - Seattle,Seattle,,47.506519,-122.381599
172,"Arbor Heights, West Seattle","Seattle, WA",King,21,Marine View Dr SW & SW 110th St,21 - Arbor Heights - Westwood Village - West Seattle - Seattle,Seattle,,47.504662,-122.380615
173,"Arbor Heights, West Seattle","Seattle, WA",King,21,Marine View Dr SW & SW 112th St,21 - Arbor Heights - Westwood Village - West Seattle - Seattle,Seattle,,47.502823,-122.380943
174,"Arbor Heights, West Seattle","Seattle, WA",King,21,Marine View Dr SW & SW Ocean View Dr,21 - Arbor Heights - Westwood Village - West Seattle - Seattle,Seattle,,47.500572,-122.379417
176,"Arbor Heights, West Seattle","Seattle, WA",King,21,35th Ave SW & 37th Ave SW,21 - Arbor Heights - Westwood Village - West Seattle - Seattle,Seattle,,47.499927,-122.376083
177,"Arbor Heights, West Seattle","Seattle, WA",King,21,35th Ave SW & SW 114th St,21 - Arbor Heights - Westwood Village - West Seattle - Seattle,Seattle,,47.501240,-122.376053
178,"Arbor Heights, West Seattle","Seattle, WA",King,21,35th Ave SW & SW 112th St,21 - Arbor Heights - Westwood Village - West Seattle - Seattle,Seattle,,47.502644,-122.376045
179,"Arbor Heights, West Seattle","Seattle, WA",King,21,35th Ave SW & SW 110th St,21 - Arbor Heights - Westwood Village - West Seattle - Seattle,Seattle,,47.504570,-122.375977
180,"Arbor Heights, West Seattle","Seattle, WA",King,21,35th Ave SW & SW 108th St,21 - Arbor Heights - Westwood Village - West Seattle - Seattle,Seattle,,47.506340,-122.375908
181,"Arbor Heights, West Seattle","Seattle, WA",King,21,35th Ave SW & SW 106th St,21 - Arbor Heights - Westwood Village - West Seattle - Seattle,Seattle,,47.508423,-122.375824
182,"Arbor Heights, West Seattle","Seattle, WA",King,21,35th Ave SW & SW 104th St,21 - Arbor Heights - Westwood Village - West Seattle - Seattle,Seattle,,47.510208,-122.375793
183,"Arbor Heights, West Seattle","Seattle, WA",King,21,35th Ave SW & SW 102nd St,21 - Arbor Heights - Westwood Village - West Seattle - Seattle,Seattle,,47.512127,-122.376053
184,"Arbor Heights, West Seattle","Seattle, WA",King,21,35th Ave SW & SW 100th St,21 - Arbor Heights - Westwood Village - West Seattle - Seattle,Seattle,,47.513985,-122.376312
185,"Arbor Heights, West Seattle","Seattle, WA",King,21,35th Ave SW & SW 98th St,21 - Arbor Heights - Westwood Village - West Seattle - Seattle,Seattle,,47.515640,-122.376534
187,"Genesee, West Seattle, West Seattle Junction","Seattle, WA",King,22,44th Ave SW & SW Alaska St - Bay 6,22 - Arbor Heights - Westwood Village - Alaska Junction,Seattle,,47.561474,-122.388039
188,"Genesee, West Seattle, West Seattle Junction","Seattle, WA",King,22,SW Oregon St & California Ave SW,22 - Arbor Heights - Westwood Village - Alaska Junction,Seattle,,47.562882,-122.387177
189,"Seaview, West Seattle, West Seattle Junction","Seattle, WA",King,22,California Ave SW & Erskine Way SW,22 - Arbor Heights - Westwood Village - Alaska Junction,Seattle,,47.558594,-122.386955
190,"Seaview, West Seattle","Seattle, WA",King,22,California Ave SW & SW Dawson St,22 - Arbor Heights - Westwood Village - Alaska Junction,Seattle,,47.555512,-122.387039
191,"Seaview, West Seattle","Seattle, WA",King,22,California Ave SW & SW Findlay St,22 - Arbor Heights - Westwood Village - Alaska Junction,Seattle,,47.551769,-122.387146
192,"Seaview, West Seattle","Seattle, WA",King,22,California Ave SW & SW Raymond St,22 - Arbor Heights - Westwood Village - Alaska Junction,Seattle,,47.548256,-122.387260
193,"Gatewood, West Seattle","Seattle, WA",King,22,California Ave SW & Fauntleroy Way SW,22 - Arbor Heights - Westwood Village - Alaska Junction,Seattle,,47.544586,-122.387329
194,"Gatewood, West Seattle","Seattle, WA",King,22,California Ave SW & SW Willow St,22 - Arbor Heights - Westwood Village - Alaska Junction,Seattle,,47.542049,-122.387352
195,"Gatewood, West Seattle","Seattle, WA",King,22,California Ave SW & SW Myrtle St,22 - Arbor Heights - Westwood Village - Alaska Junction,Seattle,,47.539951,-122.387383
196,"Gatewood, West Seattle","Seattle, WA",King,22,California Ave SW & SW Othello St,22 - Arbor Heights - Westwood Village - Alaska Junction,Seattle,,47.538197,-122.387390
197,"Gatewood, West Seattle","Seattle, WA",King,22,California Ave SW & SW Webster St,22 - Arbor Heights - Westwood Village - Alaska Junction,Seattle,,47.535610,-122.387421
198,"Gatewood, West Seattle","Seattle, WA",King,22,SW Ida St & California Ave SW,22 - Arbor Heights - Westwood Village - Alaska Junction,Seattle,,47.534302,-122.386864
199,"Gatewood, West Seattle","Seattle, WA",King,22,SW Ida St & 41st Ave SW,22 - Arbor Heights - Westwood Village - Alaska Junction,Seattle,,47.534294,-122.384811
200,"Gatewood, West Seattle","Seattle, WA",King,22,41st Ave SW & SW Portland St,22 - Arbor Heights - Westwood Village - Alaska Junction,Seattle,,47.532665,-122.384773
201,"Gatewood, West Seattle","Seattle, WA",King,22,41st Ave SW & SW Monroe St,22 - Arbor Heights - Westwood Village - Alaska Junction,Seattle,,47.531307,-122.384781
202,"Gatewood, West Seattle","Seattle, WA",King,22,41st Ave SW & SW Southern St,22 - Arbor Heights - Westwood Village - Alaska Junction,Seattle,,47.529716,-122.384796
203,"Fauntleroy, West Seattle","Seattle, WA",King,22,SW Thistle St & 41st Ave SW,22 - Arbor Heights - Westwood Village - Alaska Junction,Seattle,,47.528400,-122.384308
204,"Fauntleroy, West Seattle","Seattle, WA",King,22,SW Thistle St & 39th Ave SW,22 - Arbor Heights - Westwood Village - Alaska Junction,Seattle,,47.528351,-122.382133
205,"Fauntleroy, West Seattle","Seattle, WA",King,22,SW Thistle St & 37th Ave SW,22 - Arbor Heights - Westwood Village - Alaska Junction,Seattle,,47.528290,-122.379471
206,"Fauntleroy, West Seattle","Seattle, WA",King,22,SW Thistle St & 35th Ave SW,22 - Arbor Heights - Westwood Village - Alaska Junction,Seattle,,47.528229,-122.377136
207,"Delridge, Roxhill","Seattle, WA",King,22,SW Thistle St & 34th Ave SW,22 - Arbor Heights - Westwood Village - Alaska Junction,Seattle,,47.528217,-122.374924
208,"Delridge, Roxhill","Seattle, WA",King,22,SW Thistle St & 31st Ave SW,22 - Arbor Heights - Westwood Village - Alaska Junction,Seattle,,47.528217,-122.372269
209,"Delridge, Roxhill","Seattle, WA",King,22,SW Thistle St & 28th Ave SW,22 - Arbor Heights - Westwood Village - Alaska Junction,Seattle,,47.528213,-122.368759
210,"Delridge, South Delridge","Seattle, WA",King,22,SW Thistle St & 25th Ave SW,22 - Arbor Heights - Westwood Village - Alaska Junction,Seattle,,47.528213,-122.364922
211,"Delridge, South Delridge","Seattle, WA",King,22,Delridge Way SW & SW Thistle St,22 - Arbor Heights - Westwood Village - Alaska Junction,Seattle,,47.528050,-122.360565
212,,"Seattle, WA",King,22,Delridge Way SW & SW Henderson St,22 - Arbor Heights - Westwood Village - Alaska Junction,Seattle,,47.522961,-122.360596
213,"Delridge, Roxhill","Seattle, WA",King,22,SW Barton St & 25th Ave SW - Bay 3,22 - Arbor Heights - Westwood Village - Alaska Junction,Seattle,,47.521091,-122.365234
214,"Delridge, Roxhill","Seattle, WA",King,21,SW Roxbury St & 28th Ave SW,22 - Arbor Heights - Westwood Village - Alaska Junction,Seattle,,47.517456,-122.368050
215,"Delridge, Roxhill","Seattle, WA",King,21,SW Roxbury St & 30th Ave SW,22 - Arbor Heights - Westwood Village - Alaska Junction,Seattle,,47.517498,-122.371864
216,"Arbor Heights, West Seattle","Seattle, WA",King,21,35th Ave SW & SW Roxbury St,22 - Arbor Heights - Westwood Village - Alaska Junction,Seattle,,47.516853,-122.376900
217,Industrial District,"Seattle, WA",King,5,4th Ave S & S Royal Brougham Way,24 - Magnolia - Seattle,Seattle,,47.593342,-122.328957
218,International District,"Seattle, WA",King,5,4th Ave S & S Jackson St,24 - Magnolia - Seattle,Seattle,,47.599827,-122.328972
219,Pioneer Square,"Seattle, WA",King,5,3rd Ave & James St,24 - Magnolia - Seattle,Seattle,,47.602642,-122.331184
220,Central Business District,"Seattle, WA",King,5,3rd Ave & Madison St,24 - Magnolia - Seattle,Seattle,,47.605541,-122.333832
221,Central Business District,"Seattle, WA",King,5,3rd Ave & Union St,24 - Magnolia - Seattle,Seattle,,47.608688,-122.336700
222,Central Business District,"Seattle, WA",King,5,3rd Ave & Pine St,24 - Magnolia - Seattle,Seattle,,47.611137,-122.338951
223,"Belltown, Denny Regrade","Seattle, WA",King,1,3rd Ave & Virginia St,24 - Magnolia - Seattle,Seattle,,47.612995,-122.341743
224,"Belltown, Denny Regrade","Seattle, WA",King,1,3rd Ave & Bell St,24 - Magnolia - Seattle,Seattle,,47.615120,-122.345337
225,"Belltown, Denny Regrade","Seattle, WA",King,1,3rd Ave & Vine St,24 - Magnolia - Seattle,Seattle,,47.616959,-122.348450
226,,"Seattle, WA",King,2,Denny Way & 2nd Ave N,24 - Magnolia - Seattle,Seattle,,47.618660,-122.352615
227,Queen Anne,"Seattle, WA",King,17,Denny Way & Queen Anne Ave N,24 - Magnolia - Seattle,Seattle,,47.618656,-122.356606
228,Queen Anne,"Seattle, WA",King,24,Western Ave W & Elliott Ave W,24 - Magnolia - Seattle,Seattle,,47.619965,-122.359512
229,Queen Anne,"Seattle, WA",King,17,Elliott Ave W & 4th Ave W,24 - Magnolia - Seattle,Seattle,,47.621441,-122.361740
230,Queen Anne,"Seattle, WA",King,24,Elliott Ave W & 6th Ave W,24 - Magnolia - Seattle,Seattle,,47.623394,-122.364059
231,Queen Anne,"Seattle, WA",King,24,Elliott Ave W & W Mercer St,24 - Magnolia - Seattle,Seattle,,47.625282,-122.366394
232,Queen Anne,"Seattle, WA",King,24,Elliott Ave W & W Mercer Pl,24 - Magnolia - Seattle,Seattle,,47.626415,-122.367958
233,West Queen Anne,"Seattle, WA",King,17,Elliott Ave W & W Prospect St,24 - Magnolia - Seattle,Seattle,,47.629013,-122.371414
234,Interbay,"Seattle, WA",King,24,Thorndyke Ave W & W Hayes St,24 - Magnolia - Seattle,Seattle,,47.634010,-122.391762
235,"Magnolia, Southeast Magnolia","Seattle, WA",King,24,28th Ave W & W Blaine St,24 - Magnolia - Seattle,Seattle,,47.634918,-122.392952
236,"Magnolia, Southeast Magnolia","Seattle, WA",King,24,28th Ave W & W Crockett St,24 - Magnolia - Seattle,Seattle,,47.637867,-122.392929
237,"Magnolia, Southeast Magnolia","Seattle, WA",King,24,28th Ave W & W Lynn St,24 - Magnolia - Seattle,Seattle,,47.639294,-122.392914
238,"Magnolia, Southeast Magnolia","Seattle, WA",King,24,28th Ave W & W Halladay St,24 - Magnolia - Seattle,Seattle,,47.642265,-122.392868
239,"Magnolia, Southeast Magnolia","Seattle, WA",King,24,28th Ave W & W Raye St,24 - Magnolia - Seattle,Seattle,,47.643593,-122.392845
240,"Magnolia, Southeast Magnolia","Seattle, WA",King,24,28th Ave W & W Fulton St,24 - Magnolia - Seattle,Seattle,,47.645695,-122.392815
241,"Magnolia, Southeast Magnolia","Seattle, WA",King,24,28th Ave W & W Barrett St,24 - Magnolia - Seattle,Seattle,,47.647057,-122.392799
242,"Lawton Park, Magnolia","Seattle, WA",King,24,28th Ave W & W Dravus St,24 - Magnolia - Seattle,Seattle,,47.648777,-122.392799
243,"Lawton Park, Magnolia","Seattle, WA",King,24,28th Ave W & W Bertona St,24 - Magnolia - Seattle,Seattle,,47.650600,-122.392792
244,"Lawton Park, Magnolia","Seattle, WA",King,24,28th Ave W & W Ruffner St,24 - Magnolia - Seattle,Seattle,,47.652222,-122.392792
245,"Lawton Park, Magnolia","Seattle, WA",King,24,W Tilden St & 29th Ave W,24 - Magnolia - Seattle,Seattle,,47.653236,-122.394539
246,"Lawton Park, Magnolia","Seattle, WA",King,24,30th Ave W & W Emerson St,24 - Magnolia - Seattle,Seattle,,47.654320,-122.395561
247,"Lawton Park, Magnolia","Seattle, WA",King,24,30th Ave W & W Thurman St,24 - Magnolia - Seattle,Seattle,,47.656258,-122.395561
248,"Lawton Park, Magnolia","Seattle, WA",King,24,31st Ave W & W Mansell St,24 - Magnolia - Seattle,Seattle,,47.658649,-122.396721
249,"Lawton Park, Magnolia","Seattle, WA",King,24,31st Ave W & W Jameson St,24 - Magnolia - Seattle,Seattle,,47.659981,-122.397461
250,"Lawton Park, Magnolia","Seattle, WA",King,24,W Government Way & 33rd Ave W,24 - Magnolia - Seattle,Seattle,,47.660004,-122.399757
251,"Lawton Park, Magnolia","Seattle, WA",King,24,34th Ave W & W Government Way,24 - Magnolia - Seattle,Seattle,,47.658730,-122.401001
252,"Lawton Park, Magnolia","Seattle, WA",King,24,34th Ave W & W Elmore St,24 - Magnolia - Seattle,Seattle,,47.657532,-122.401001
253,"Lawton Park, Magnolia","Seattle, WA",King,24,34th Ave W & W Thurman St,24 - Magnolia - Seattle,Seattle,,47.655613,-122.401001
254,"Lawton Park, Magnolia","Seattle, WA",King,24,34th Ave W & W Emerson St,24 - Magnolia - Seattle,Seattle,,47.653786,-122.401001
255,"Lawton Park, Magnolia","Seattle, WA",King,24,34th Ave W & W Ruffner St,24 - Magnolia - Seattle,Seattle,,47.652046,-122.401016
256,"Lawton Park, Magnolia","Seattle, WA",King,24,34th Ave W & W Bertona St,24 - Magnolia - Seattle,Seattle,,47.650257,-122.401016
257,"Lawton Park, Magnolia","Seattle, WA",King,24,34th Ave W & W Dravus St,24 - Magnolia - Seattle,Seattle,,47.648434,-122.401024
258,"Briarcliff, Magnolia","Seattle, WA",King,24,34th Ave W & W Barrett St,24 - Magnolia - Seattle,Seattle,,47.646625,-122.401039
259,"Briarcliff, Magnolia","Seattle, WA",King,24,34th Ave W & W Armour St,24 - Magnolia - Seattle,Seattle,,47.644810,-122.401054
260,"Briarcliff, Magnolia","Seattle, WA",King,24,34th Ave W & W Raye St,24 - Magnolia - Seattle,Seattle,,47.642983,-122.401070
261,"Briarcliff, Magnolia","Seattle, WA",King,24,34th Ave W & W Mcgraw St,24 - Magnolia - Seattle,Seattle,,47.639950,-122.401093
262,"Briarcliff, Magnolia","Seattle, WA",King,24,Viewmont Way W & 35th Ave W,24 - Magnolia - Seattle,Seattle,,47.639011,-122.402191
263,"Briarcliff, Magnolia","Seattle, WA",King,24,35th Ave W & W Mcgraw St,24 - Magnolia - Seattle,Seattle,,47.639343,-122.402267
264,"Briarcliff, Magnolia","Seattle, WA",King,24,Viewmont Way W & Edgemont Pl W,24 - Magnolia - Seattle,Seattle,,47.637913,-122.403732
265,"Briarcliff, Magnolia","Seattle, WA",King,24,West Viewmont Way W & Constance Dr W,24 - Magnolia - Seattle,Seattle,,47.637333,-122.405907
266,"Briarcliff, Magnolia","Seattle, WA",King,24,West Viewmont Way W & Montavista Pl W,24 - Magnolia - Seattle,Seattle,,47.638718,-122.407257
267,"Briarcliff, Magnolia","Seattle, WA",King,24,West Viewmont Way W & W Parkmont Pl,24 - Magnolia - Seattle,Seattle,,47.640213,-122.409279
268,"Briarcliff, Magnolia","Seattle, WA",King,24,West Viewmont Way W & Westmont Way W,24 - Magnolia - Seattle,Seattle,,47.642364,-122.409576
269,"Briarcliff, Magnolia","Seattle, WA",King,24,West Viewmont Way W & W Raye St,24 - Magnolia - Seattle,Seattle,,47.643417,-122.409554
270,"Briarcliff, Magnolia","Seattle, WA",King,24,West Viewmont Way W & W Armour St,24 - Magnolia - Seattle,Seattle,,47.644936,-122.409523
271,"Briarcliff, Magnolia","Seattle, WA",King,24,West Viewmont Way W & W Barrett Ln,24 - Magnolia - Seattle,Seattle,,47.647152,-122.409470
272,"Briarcliff, Magnolia","Seattle, WA",King,24,West Viewmont Way W & W Dravus St,24 - Magnolia - Seattle,Seattle,,47.648777,-122.409470
273,"Briarcliff, Magnolia","Seattle, WA",King,24,West Viewmont Way W & W Bertona St,24 - Magnolia - Seattle,Seattle,,47.650650,-122.409470
274,"Briarcliff, Magnolia","Seattle, WA",King,24,West Viewmont Way W & W Ruffner St,24 - Magnolia - Seattle,Seattle,,47.652237,-122.410545
275,"Lawton Park, Magnolia","Seattle, WA",King,24,W Emerson St & Magnolia Blvd W,24 - Magnolia - Seattle,Seattle,,47.654167,-122.411751
276,Belltown,"Seattle, WA",King,1,3rd Ave & Cedar St,27 - Colman Park - Seattle,Seattle,,47.616776,-122.348450
277,Belltown,"Seattle, WA",King,1,3rd Ave & Bell St,27 - Colman Park - Seattle,Seattle,,47.614300,-122.344269
278,Belltown,"Seattle, WA",King,1,3rd Ave & Virginia St,27 - Colman Park - Seattle,Seattle,,47.612438,-122.341110
279,Central Business District,"Seattle, WA",King,24,3rd Ave & Pike St,27 - Colman Park - Seattle,Seattle,,47.609070,-122.337288
280,Central Business District,"Seattle, WA",King,21,3rd Ave & Seneca St,27 - Colman Park - Seattle,Seattle,,47.606442,-122.334900
281,Central Business District,"Seattle, WA",King,21,3rd Ave & Columbia St,27 - Colman Park - Seattle,Seattle,,47.603580,-122.332275
282,Pioneer Square,"Seattle, WA",King,27,Yesler Way & Prefontaine Pl S,27 - Colman Park - Seattle,Seattle,,47.601646,-122.329582
283,International District,"Seattle, WA",King,27,Yesler Way & 6th Ave S,27 - Colman Park - Seattle,Seattle,,47.601639,-122.325050
284,Yesler Terrace,"Seattle, WA",King,27,Yesler Way & 8th Ave S,27 - Colman Park - Seattle,Seattle,,47.601627,-122.323586
285,,"Seattle, WA",King,27,E Yesler Way & Broadway,27 - Colman Park - Seattle,Seattle,,47.601691,-122.320065
286,"Atlantic, Central District, Squire Park","Seattle, WA",King,27,E Yesler Way & 12th Ave S,27 - Colman Park - Seattle,Seattle,,47.601620,-122.316254
287,"Atlantic, Central District, Squire Park","Seattle, WA",King,27,E Yesler Way & 14th Ave S,27 - Colman Park - Seattle,Seattle,,47.601624,-122.313667
288,"Atlantic, Central District, Squire Park","Seattle, WA",King,27,E Yesler Way & 16th Ave S,27 - Colman Park - Seattle,Seattle,,47.601620,-122.311211
289,"Atlantic, Central District, Squire Park","Seattle, WA",King,27,E Yesler Way & 18th Ave S,27 - Colman Park - Seattle,Seattle,,47.601616,-122.308640
290,"Atlantic, Central District, Squire Park","Seattle, WA",King,27,E Yesler Way & 22nd Ave S,27 - Colman Park - Seattle,Seattle,,47.601605,-122.304642
291,"Atlantic, Central District","Seattle, WA",King,8,E Yesler Way & 23rd Ave S,27 - Colman Park - Seattle,Seattle,,47.601601,-122.301727
292,"Atlantic, Central District","Seattle, WA",King,8,E Yesler Way & 27th Ave S,27 - Colman Park - Seattle,Seattle,,47.601585,-122.297539
293,"Central District, Leschi","Seattle, WA",King,27,E Yesler Way & 28th Ave S,27 - Colman Park - Seattle,Seattle,,47.601585,-122.295525
294,"Central District, Leschi","Seattle, WA",King,27,E Yesler Way & 30th Ave S,27 - Colman Park - Seattle,Seattle,,47.601582,-122.293808
295,"Central District, Leschi","Seattle, WA",King,27,E Yesler Way & 32nd Ave S,27 - Colman Park - Seattle,Seattle,,47.601578,-122.291611
296,"Central District, Leschi","Seattle, WA",King,27,Lake Dell Ave & 32nd Ave,27 - Colman Park - Seattle,Seattle,,47.602123,-122.290840
297,"Central District, Leschi","Seattle, WA",King,27,Lake Dell Ave & E Spruce St,27 - Colman Park - Seattle,Seattle,,47.603291,-122.290024
298,"Central District, Leschi","Seattle, WA",King,27,E Alder St & 35th Ave,27 - Colman Park - Seattle,Seattle,,47.604309,-122.287766
299,"Central District, Leschi","Seattle, WA",King,27,E Alder St & Erie Ave,27 - Colman Park - Seattle,Seattle,,47.603798,-122.285217
300,"Central District, Leschi","Seattle, WA",King,27,Lakeside Ave S & E Yesler Way,27 - Colman Park - Seattle,Seattle,,47.601624,-122.285461
301,"Central District, Leschi","Seattle, WA",King,27,Lakeside Ave S & S Leschi Pl,27 - Colman Park - Seattle,Seattle,,47.599522,-122.286499
302,"Central District, Leschi","Seattle, WA",King,27,Lakeside Ave S & S Lane St,27 - Colman Park - Seattle,Seattle,,47.596744,-122.287498
303,"Central District, Leschi","Seattle, WA",King,27,Lakeside Ave S & S Charles St,27 - Colman Park - Seattle,Seattle,,47.594566,-122.287918
304,"Mount Baker, Rainier Valley","Seattle, WA",King,27,Lakeside Ave S & S Day St,27 - Colman Park - Seattle,Seattle,,47.589550,-122.286392
305,"Mount Baker, Rainier Valley","Seattle, WA",King,27,36th Ave S & S Day St,27 - Colman Park - Seattle,Seattle,,47.588829,-122.286720
306,Laurelhurst,"Seattle, WA",King,31,NE 45th St & 45th Ave NE,31 - Children's Hospital - University District - Magnolia,Seattle,,47.661541,-122.280174
307,Laurelhurst,"Seattle, WA",King,31,NE 45th St & 42nd Ave NE,31 - Children's Hospital - University District - Magnolia,Seattle,,47.661346,-122.282616
308,,"Seattle, WA",King,31,NE 45th St & 40th Ave NE,31 - Children's Hospital - University District - Magnolia,Seattle,,47.661335,-122.284637
309,Bryant,"Seattle, WA",King,31,NE 45th St & 36th Ave NE,31 - Children's Hospital - University District - Magnolia,Seattle,,47.661205,-122.289627
310,,"Seattle, WA",King,31,NE 45th St & University Village,31 - Children's Hospital - University District - Magnolia,Seattle,,47.661278,-122.295418
311,,"Seattle, WA",King,31,NE 45th St & 20th Ave NE,31 - Children's Hospital - University District - Magnolia,Seattle,,47.661327,-122.306923
312,,"Seattle, WA",King,31,NE 45th St & 17th Ave NE,31 - Children's Hospital - University District - Magnolia,Seattle,,47.661327,-122.310120
313,,"Seattle, WA",King,31,NE 45th St & University Way NE - Bay 2,31 - Children's Hospital - University District - Magnolia,Seattle,,47.661339,-122.313614
314,University District,"Seattle, WA",King,31,Roosevelt Way NE & NE 45th St,31 - Children's Hospital - University District - Magnolia,Seattle,,47.660953,-122.317818
315,University District,"Seattle, WA",King,31,Roosevelt Way NE & NE 42nd St,31 - Children's Hospital - University District - Magnolia,Seattle,,47.658455,-122.317879
316,University District,"Seattle, WA",King,31,NE 42nd St & 8th Ave NE,31 - Children's Hospital - University District - Magnolia,Seattle,,47.657589,-122.320366
317,,"Seattle, WA",King,31,NE 40th St & 1st Ave NE,31 - Children's Hospital - University District - Magnolia,Seattle,,47.655613,-122.327423
318,Wallingford,"Seattle, WA",King,31,N 40th St & Eastern Ave N,31 - Children's Hospital - University District - Magnolia,Seattle,,47.655628,-122.329376
319,,"Seattle, WA",King,31,N 40th St & Bagley Ave N,31 - Children's Hospital - University District - Magnolia,Seattle,,47.655666,-122.333145
320,Wallingford,"Seattle, WA",King,31,N 40th St & Wallingford Ave N,31 - Children's Hospital - University District - Magnolia,Seattle,,47.655716,-122.336098
321,Wallingford,"Seattle, WA",King,31,Wallingford Ave N & N 39th St,31 - Children's Hospital - University District - Magnolia,Seattle,,47.654091,-122.336388
322,Wallingford,"Seattle, WA",King,31,Wallingford Ave N & N 37th St,31 - Children's Hospital - University District - Magnolia,Seattle,,47.651783,-122.336411
323,Wallingford,"Seattle, WA",King,31,N 35th St & Wallingford Ave N,31 - Children's Hospital - University District - Magnolia,Seattle,,47.649262,-122.336823
324,Wallingford,"Seattle, WA",King,31,N 35th St & Woodlawn Ave N,31 - Children's Hospital - University District - Magnolia,Seattle,,47.649281,-122.339073
325,Fremont,"Seattle, WA",King,31,N 35th St & Stone Way N,31 - Children's Hospital - University District - Magnolia,Seattle,,47.649574,-122.343216
326,Fremont,"Seattle, WA",King,31,N 35th St & Troll Ave N,31 - Children's Hospital - University District - Magnolia,Seattle,,47.650250,-122.347549
327,Fremont,"Seattle, WA",King,31,Fremont Ave N & N 34th St,31 - Children's Hospital - University District - Magnolia,Seattle,,47.649735,-122.349869
328,Queen Anne,"Seattle, WA",King,31,Nickerson St & 3rd Ave N,31 - Children's Hospital - University District - Magnolia,Seattle,,47.647102,-122.351685
329,Queen Anne,"Seattle, WA",King,31,Nickerson St & Warren Ave N,31 - Children's Hospital - University District - Magnolia,Seattle,,47.648811,-122.355431
330,Queen Anne,"Seattle, WA",King,31,Nickerson St & Cremona St,31 - Children's Hospital - University District - Magnolia,Seattle,,47.649681,-122.357300
331,Queen Anne,"Seattle, WA",King,31,W Nickerson St & 3rd Ave W,31 - Children's Hospital - University District - Magnolia,Seattle,,47.650986,-122.361244
332,Queen Anne,"Seattle, WA",King,31,W Nickerson St & 6th Ave W,31 - Children's Hospital - University District - Magnolia,Seattle,,47.651791,-122.364815
333,Queen Anne,"Seattle, WA",King,31,W Nickerson St & 8th Ave W,31 - Children's Hospital - University District - Magnolia,Seattle,,47.652348,-122.367241
334,Queen Anne,"Seattle, WA",King,31,W Nickerson St & Jesse Ave W,31 - Children's Hospital - University District - Magnolia,Seattle,,47.653969,-122.370102
335,Queen Anne,"Seattle, WA",King,31,W Nickerson St & 11th Ave W,31 - Children's Hospital - University District - Magnolia,Seattle,,47.654903,-122.371696
336,Queen Anne,"Seattle, WA",King,31,W Nickerson St & W Emerson St,31 - Children's Hospital - University District - Magnolia,Seattle,,47.654415,-122.375740
337,Interbay,"Seattle, WA",King,31,W Emerson Pl & 21st Ave W,31 - Children's Hospital - University District - Magnolia,Seattle,,47.655808,-122.383720
338,"Lawton Park, Magnolia","Seattle, WA",King,31,Gilman Ave W & 23rd Ave W,31 - Children's Hospital - University District - Magnolia,Seattle,,47.655155,-122.385712
339,"Lawton Park, Magnolia","Seattle, WA",King,31,22nd Ave W & Gilman Ave W,31 - Children's Hospital - University District - Magnolia,Seattle,,47.653683,-122.384758
340,"Lawton Park, Magnolia","Seattle, WA",King,31,22nd Ave W & W Ruffner St,31 - Children's Hospital - University District - Magnolia,Seattle,,47.651901,-122.384781
341,"Lawton Park, Magnolia","Seattle, WA",King,31,22nd Ave W & W Bertona St,31 - Children's Hospital - University District - Magnolia,Seattle,,47.650131,-122.384773
342,"Magnolia, Southeast Magnolia","Seattle, WA",King,31,22nd Ave W & W Dravus St,31 - Children's Hospital - University District - Magnolia,Seattle,,47.648266,-122.384773
343,"Magnolia, Southeast Magnolia","Seattle, WA",King,31,22nd Ave W & W Barrett St,31 - Children's Hospital - University District - Magnolia,Seattle,,47.646347,-122.384758
344,"Magnolia, Southeast Magnolia","Seattle, WA",King,31,22nd Ave W & W Armour St,31 - Children's Hospital - University District - Magnolia,Seattle,,47.644539,-122.384743
345,"Magnolia, Southeast Magnolia","Seattle, WA",King,31,22nd Ave W & Thorndyke Ave W,31 - Children's Hospital - University District - Magnolia,Seattle,,47.643047,-122.384720
346,"Magnolia, Southeast Magnolia","Seattle, WA",King,31,Thorndyke Ave W & 23rd Ave W,31 - Children's Hospital - University District - Magnolia,Seattle,,47.640659,-122.386398
347,"Magnolia, Southeast Magnolia","Seattle, WA",King,31,Thorndyke Ave W & Thorndyke Pl W,31 - Children's Hospital - University District - Magnolia,Seattle,,47.639835,-122.387108
348,"Magnolia, Southeast Magnolia","Seattle, WA",King,31,Thorndyke Ave W & W Boston St,31 - Children's Hospital - University District - Magnolia,Seattle,,47.638294,-122.388252
349,"Magnolia, Southeast Magnolia","Seattle, WA",King,31,Thorndyke Ave W & W Newton St,31 - Children's Hospital - University District - Magnolia,Seattle,,47.636757,-122.389404
350,"Magnolia, Southeast Magnolia","Seattle, WA",King,31,Thorndyke Ave W & W Blaine St,31 - Children's Hospital - University District - Magnolia,Seattle,,47.634792,-122.391106
351,"Magnolia, Southeast Magnolia","Seattle, WA",King,24,28th Ave W & W Blaine St,31 - Children's Hospital - University District - Magnolia,Seattle,,47.634918,-122.392952
352,"Magnolia, Southeast Magnolia","Seattle, WA",King,31,Condon Way W & W Crockett St,31 - Children's Hospital - University District - Magnolia,Seattle,,47.637577,-122.395409
353,Laurelhurst,"Seattle, WA",King,31,NE 45th St & 45th Ave NE,32 - Children's Hospital - University District - Seattle Center,Seattle,,47.661541,-122.280174
354,Laurelhurst,"Seattle, WA",King,31,NE 45th St & 42nd Ave NE,32 - Children's Hospital - University District - Seattle Center,Seattle,,47.661346,-122.282616
355,,"Seattle, WA",King,31,NE 45th St & 40th Ave NE,32 - Children's Hospital - University District - Seattle Center,Seattle,,47.661335,-122.284637
356,Bryant,"Seattle, WA",King,31,NE 45th St & 36th Ave NE,32 - Children's Hospital - University District - Seattle Center,Seattle,,47.661205,-122.289627
357,,"Seattle, WA",King,31,NE 45th St & University Village,32 - Children's Hospital - University District - Seattle Center,Seattle,,47.661278,-122.295418
358,,"Seattle, WA",King,31,NE 45th St & 20th Ave NE,32 - Children's Hospital - University District - Seattle Center,Seattle,,47.661327,-122.306923
359,,"Seattle, WA",King,31,NE 45th St & 17th Ave NE,32 - Children's Hospital - University District - Seattle Center,Seattle,,47.661327,-122.310120
360,,"Seattle, WA",King,31,NE 45th St & University Way NE - Bay 2,32 - Children's Hospital - University District - Seattle Center,Seattle,,47.661339,-122.313614
361,University District,"Seattle, WA",King,31,Roosevelt Way NE & NE 45th St,32 - Children's Hospital - University District - Seattle Center,Seattle,,47.660953,-122.317818
362,University District,"Seattle, WA",King,31,Roosevelt Way NE & NE 42nd St,32 - Children's Hospital - University District - Seattle Center,Seattle,,47.658455,-122.317879
363,University District,"Seattle, WA",King,31,NE 42nd St & 8th Ave NE,32 - Children's Hospital - University District - Seattle Center,Seattle,,47.657589,-122.320366
364,,"Seattle, WA",King,31,NE 40th St & 1st Ave NE,32 - Children's Hospital - University District - Seattle Center,Seattle,,47.655613,-122.327423
365,Wallingford,"Seattle, WA",King,31,N 40th St & Eastern Ave N,32 - Children's Hospital - University District - Seattle Center,Seattle,,47.655628,-122.329376
366,,"Seattle, WA",King,31,N 40th St & Bagley Ave N,32 - Children's Hospital - University District - Seattle Center,Seattle,,47.655666,-122.333145
367,Wallingford,"Seattle, WA",King,31,N 40th St & Wallingford Ave N,32 - Children's Hospital - University District - Seattle Center,Seattle,,47.655716,-122.336098
368,Wallingford,"Seattle, WA",King,31,Wallingford Ave N & N 39th St,32 - Children's Hospital - University District - Seattle Center,Seattle,,47.654091,-122.336388
369,Wallingford,"Seattle, WA",King,31,Wallingford Ave N & N 37th St,32 - Children's Hospital - University District - Seattle Center,Seattle,,47.651783,-122.336411
370,Wallingford,"Seattle, WA",King,31,N 35th St & Wallingford Ave N,32 - Children's Hospital - University District - Seattle Center,Seattle,,47.649262,-122.336823
371,Wallingford,"Seattle, WA",King,31,N 35th St & Woodlawn Ave N,32 - Children's Hospital - University District - Seattle Center,Seattle,,47.649281,-122.339073
372,Fremont,"Seattle, WA",King,31,N 35th St & Stone Way N,32 - Children's Hospital - University District - Seattle Center,Seattle,,47.649574,-122.343216
373,Fremont,"Seattle, WA",King,31,N 35th St & Troll Ave N,32 - Children's Hospital - University District - Seattle Center,Seattle,,47.650250,-122.347549
374,Fremont,"Seattle, WA",King,31,Fremont Ave N & N 34th St,32 - Children's Hospital - University District - Seattle Center,Seattle,,47.649735,-122.349869
375,Queen Anne,"Seattle, WA",King,31,Nickerson St & 3rd Ave N,32 - Children's Hospital - University District - Seattle Center,Seattle,,47.647102,-122.351685
376,Queen Anne,"Seattle, WA",King,31,Nickerson St & Warren Ave N,32 - Children's Hospital - University District - Seattle Center,Seattle,,47.648811,-122.355431
377,Queen Anne,"Seattle, WA",King,31,Nickerson St & Cremona St,32 - Children's Hospital - University District - Seattle Center,Seattle,,47.649681,-122.357300
378,Queen Anne,"Seattle, WA",King,31,W Nickerson St & 3rd Ave W,32 - Children's Hospital - University District - Seattle Center,Seattle,,47.650986,-122.361244
379,Queen Anne,"Seattle, WA",King,31,W Nickerson St & 6th Ave W,32 - Children's Hospital - University District - Seattle Center,Seattle,,47.651791,-122.364815
380,Queen Anne,"Seattle, WA",King,31,W Nickerson St & 8th Ave W,32 - Children's Hospital - University District - Seattle Center,Seattle,,47.652348,-122.367241
381,Queen Anne,"Seattle, WA",King,31,W Nickerson St & Jesse Ave W,32 - Children's Hospital - University District - Seattle Center,Seattle,,47.653969,-122.370102
382,Queen Anne,"Seattle, WA",King,31,W Nickerson St & 11th Ave W,32 - Children's Hospital - University District - Seattle Center,Seattle,,47.654903,-122.371696
383,Interbay,"Seattle, WA",King,32,15th Ave W & W Dravus St,32 - Children's Hospital - University District - Seattle Center,Seattle,,47.648064,-122.376877
384,Interbay,"Seattle, WA",King,32,15th Ave W & W Armour St,32 - Children's Hospital - University District - Seattle Center,Seattle,,47.644825,-122.376328
385,Interbay,"Seattle, WA",King,32,15th Ave W & W Wheeler St,32 - Children's Hospital - University District - Seattle Center,Seattle,,47.640183,-122.376312
386,Interbay,"Seattle, WA",King,32,15th Ave W & W Armory Way,32 - Children's Hospital - University District - Seattle Center,Seattle,,47.637287,-122.376305
387,Interbay,"Seattle, WA",King,24,Elliott Ave W & W Galer St,32 - Children's Hospital - University District - Seattle Center,Seattle,,47.631882,-122.375305
388,Interbay,"Seattle, WA",King,17,Elliott Ave W & W Prospect St,32 - Children's Hospital - University District - Seattle Center,Seattle,,47.629135,-122.371849
389,Queen Anne,"Seattle, WA",King,32,W Mercer St & 3rd Ave W,32 - Children's Hospital - University District - Seattle Center,Seattle,,47.624531,-122.360809
390,Queen Anne,"Seattle, WA",King,1,Queen Anne Ave N & W Mercer St,32 - Children's Hospital - University District - Seattle Center,Seattle,,47.624062,-122.356812
391,Queen Anne,"Seattle, WA",King,1,Queen Anne Ave N & W Harrison St,32 - Children's Hospital - University District - Seattle Center,Seattle,,47.621834,-122.356819
392,Industrial District,"Seattle, WA",King,5,4th Ave S & S Royal Brougham Way,33 - Discovery Park - East Magnolia - Seattle,Seattle,,47.593342,-122.328957
393,International District,"Seattle, WA",King,5,4th Ave S & S Jackson St,33 - Discovery Park - East Magnolia - Seattle,Seattle,,47.599827,-122.328972
394,Pioneer Square,"Seattle, WA",King,27,Yesler Way & 3rd Ave,33 - Discovery Park - East Magnolia - Seattle,Seattle,,47.601780,-122.329803
395,Pioneer Square,"Seattle, WA",King,5,3rd Ave & James St,33 - Discovery Park - East Magnolia - Seattle,Seattle,,47.602642,-122.331184
396,Central Business District,"Seattle, WA",King,5,3rd Ave & Madison St,33 - Discovery Park - East Magnolia - Seattle,Seattle,,47.605541,-122.333832
397,Central Business District,"Seattle, WA",King,5,3rd Ave & Union St,33 - Discovery Park - East Magnolia - Seattle,Seattle,,47.608688,-122.336700
398,Central Business District,"Seattle, WA",King,5,3rd Ave & Pine St,33 - Discovery Park - East Magnolia - Seattle,Seattle,,47.611137,-122.338951
399,"Belltown, Denny Regrade","Seattle, WA",King,1,3rd Ave & Virginia St,33 - Discovery Park - East Magnolia - Seattle,Seattle,,47.612995,-122.341743
400,"Belltown, Denny Regrade","Seattle, WA",King,1,3rd Ave & Bell St,33 - Discovery Park - East Magnolia - Seattle,Seattle,,47.615120,-122.345337
401,"Belltown, Denny Regrade","Seattle, WA",King,1,3rd Ave & Vine St,33 - Discovery Park - East Magnolia - Seattle,Seattle,,47.616959,-122.348450
402,,"Seattle, WA",King,2,Denny Way & 2nd Ave N,33 - Discovery Park - East Magnolia - Seattle,Seattle,,47.618660,-122.352615
403,Queen Anne,"Seattle, WA",King,17,Denny Way & Queen Anne Ave N,33 - Discovery Park - East Magnolia - Seattle,Seattle,,47.618656,-122.356606
404,Queen Anne,"Seattle, WA",King,24,Western Ave W & Elliott Ave W,33 - Discovery Park - East Magnolia - Seattle,Seattle,,47.619965,-122.359512
405,Queen Anne,"Seattle, WA",King,17,Elliott Ave W & 4th Ave W,33 - Discovery Park - East Magnolia - Seattle,Seattle,,47.621441,-122.361740
406,Queen Anne,"Seattle, WA",King,24,Elliott Ave W & 6th Ave W,33 - Discovery Park - East Magnolia - Seattle,Seattle,,47.623394,-122.364059
407,Queen Anne,"Seattle, WA",King,24,Elliott Ave W & W Mercer St,33 - Discovery Park - East Magnolia - Seattle,Seattle,,47.625282,-122.366394
408,Queen Anne,"Seattle, WA",King,24,Elliott Ave W & W Mercer Pl,33 - Discovery Park - East Magnolia - Seattle,Seattle,,47.626415,-122.367958
409,West Queen Anne,"Seattle, WA",King,17,Elliott Ave W & W Prospect St,33 - Discovery Park - East Magnolia - Seattle,Seattle,,47.629013,-122.371414
410,Interbay,"Seattle, WA",King,24,Thorndyke Ave W & W Hayes St,33 - Discovery Park - East Magnolia - Seattle,Seattle,,47.634010,-122.391762
411,Interbay,"Seattle, WA",King,31,Thorndyke Ave W & W Blaine St,33 - Discovery Park - East Magnolia - Seattle,Seattle,,47.635330,-122.390259
412,Interbay,"Seattle, WA",King,31,Thorndyke Ave W & W Newton St,33 - Discovery Park - East Magnolia - Seattle,Seattle,,47.637184,-122.388649
413,Interbay,"Seattle, WA",King,31,Thorndyke Ave W & W Boston St,33 - Discovery Park - East Magnolia - Seattle,Seattle,,47.638340,-122.387787
414,Interbay,"Seattle, WA",King,31,Thorndyke Ave W & W Lynn St,33 - Discovery Park - East Magnolia - Seattle,Seattle,,47.639305,-122.387062
415,Interbay,"Seattle, WA",King,31,Thorndyke Ave W & 23rd Ave W,33 - Discovery Park - East Magnolia - Seattle,Seattle,,47.640808,-122.386055
416,"Magnolia, Southeast Magnolia","Seattle, WA",King,31,22nd Ave W & Thorndyke Ave W,33 - Discovery Park - East Magnolia - Seattle,Seattle,,47.643402,-122.384537
417,"Magnolia, Southeast Magnolia","Seattle, WA",King,31,22nd Ave W & W Armour St,33 - Discovery Park - East Magnolia - Seattle,Seattle,,47.645058,-122.384552
418,"Magnolia, Southeast Magnolia","Seattle, WA",King,31,22nd Ave W & W Barrett St,33 - Discovery Park - East Magnolia - Seattle,Seattle,,47.646801,-122.384552
419,"Lawton Park, Magnolia","Seattle, WA",King,31,22nd Ave W & W Dravus St,33 - Discovery Park - East Magnolia - Seattle,Seattle,,47.648716,-122.384567
420,"Lawton Park, Magnolia","Seattle, WA",King,31,22nd Ave W & W Bertona St,33 - Discovery Park - East Magnolia - Seattle,Seattle,,47.650520,-122.384567
421,"Lawton Park, Magnolia","Seattle, WA",King,31,22nd Ave W & W Ruffner St,33 - Discovery Park - East Magnolia - Seattle,Seattle,,47.652100,-122.384583
422,"Lawton Park, Magnolia","Seattle, WA",King,31,22nd Ave W & Gilman Ave W,33 - Discovery Park - East Magnolia - Seattle,Seattle,,47.653320,-122.384567
423,Interbay,"Seattle, WA",King,31,Gilman Ave W & W Emerson Pl,33 - Discovery Park - East Magnolia - Seattle,Seattle,,47.655704,-122.386139
424,Interbay,"Seattle, WA",King,33,Gilman Ave W & W Elmore St,33 - Discovery Park - East Magnolia - Seattle,Seattle,,47.658089,-122.389130
425,Interbay,"Seattle, WA",King,33,Gilman Ave W & 27th Ave W,33 - Discovery Park - East Magnolia - Seattle,Seattle,,47.659683,-122.391151
426,Interbay,"Seattle, WA",King,33,Gilman Ave W & 28th Pl W,33 - Discovery Park - East Magnolia - Seattle,Seattle,,47.660851,-122.393036
427,"Lawton Park, Magnolia","Seattle, WA",King,33,W Government Way & 31st Ave W,33 - Discovery Park - East Magnolia - Seattle,Seattle,,47.661072,-122.398148
428,"Lawton Park, Magnolia","Seattle, WA",King,24,W Government Way & 33rd Ave W,33 - Discovery Park - East Magnolia - Seattle,Seattle,,47.660004,-122.399757
429,"Lawton Park, Magnolia","Seattle, WA",King,33,W Government Way & 36th Ave W,33 - Discovery Park - East Magnolia - Seattle,Seattle,,47.658440,-122.403305
430,"Lawton Park, Magnolia","Seattle, WA",King,33,Texas Way & W Government Way,33 - Discovery Park - East Magnolia - Seattle,Seattle,,47.662315,-122.405441
431,"Lawton Park, Magnolia","Seattle, WA",King,33,Discovery Park Road & Texas Way,33 - Discovery Park - East Magnolia - Seattle,Seattle,,47.664749,-122.410904
434,"Lawton Park, Magnolia","Seattle, WA",King,24,W Government Way & 34th Ave W,33 - Discovery Park - East Magnolia - Seattle,Seattle,,47.659573,-122.400505
435,International District,"Seattle, WA",King,5,4th Ave S & S Jackson St,40 - Northgate - Ballard - Seattle,Seattle,,47.599827,-122.328972
436,Pioneer Square,"Seattle, WA",King,5,3rd Ave & James St,40 - Northgate - Ballard - Seattle,Seattle,,47.602642,-122.331184
437,Central Business District,"Seattle, WA",King,5,3rd Ave & Madison St,40 - Northgate - Ballard - Seattle,Seattle,,47.605541,-122.333832
438,Central Business District,"Seattle, WA",King,5,3rd Ave & Union St,40 - Northgate - Ballard - Seattle,Seattle,,47.608688,-122.336700
439,Central Business District,"Seattle, WA",King,5,3rd Ave & Pine St,40 - Northgate - Ballard - Seattle,Seattle,,47.611137,-122.338951
440,"Belltown, Denny Regrade","Seattle, WA",King,1,3rd Ave & Virginia St,40 - Northgate - Ballard - Seattle,Seattle,,47.612995,-122.341743
441,"Belltown, Denny Regrade","Seattle, WA",King,40,Blanchard St & 6th Ave,40 - Northgate - Ballard - Seattle,Seattle,,47.615856,-122.340881
442,,"Seattle, WA",King,40,Westlake Ave & 9th Ave,40 - Northgate - Ballard - Seattle,Seattle,,47.618031,-122.338402
443,Cascade,"Seattle, WA",King,40,Westlake Ave N & Harrison St,40 - Northgate - Ballard - Seattle,Seattle,,47.621849,-122.338356
444,Cascade,"Seattle, WA",King,40,Westlake Ave N & Mercer St,40 - Northgate - Ballard - Seattle,Seattle,,47.625504,-122.338394
445,"Cascade, Westlake","Seattle, WA",King,40,Westlake Ave N & Highland Dr,40 - Northgate - Ballard - Seattle,Seattle,,47.629948,-122.340897
446,"Cascade, Westlake","Seattle, WA",King,40,Westlake Ave N & Galer St,40 - Northgate - Ballard - Seattle,Seattle,,47.632725,-122.340706
447,"Cascade, Westlake","Seattle, WA",King,40,Westlake Ave N & 8th Ave N,40 - Northgate - Ballard - Seattle,Seattle,,47.635380,-122.340317
448,Queen Anne,"Seattle, WA",King,40,Westlake Ave N & Crockett St,40 - Northgate - Ballard - Seattle,Seattle,,47.638165,-122.340775
449,Queen Anne,"Seattle, WA",King,40,Westlake Ave N & Westlake Ave N,40 - Northgate - Ballard - Seattle,Seattle,,47.644134,-122.345032
450,Queen Anne,"Seattle, WA",King,40,Westlake Ave N & Westlake Aly,40 - Northgate - Ballard - Seattle,Seattle,,47.645569,-122.348434
451,Fremont,"Seattle, WA",King,31,Fremont Ave N & N 34th St,40 - Northgate - Ballard - Seattle,Seattle,,47.649860,-122.349678
452,Fremont,"Seattle, WA",King,40,N 36th St & Dayton Ave N,40 - Northgate - Ballard - Seattle,Seattle,,47.651936,-122.352791
453,Fremont,"Seattle, WA",King,40,NW 36th St & 1st Ave NW,40 - Northgate - Ballard - Seattle,Seattle,,47.653156,-122.358185
454,Fremont,"Seattle, WA",King,40,Leary Way NW & 3rd Ave NW,40 - Northgate - Ballard - Seattle,Seattle,,47.655521,-122.361275
455,Fremont,"Seattle, WA",King,28,Leary Way NW & NW 43rd St,40 - Northgate - Ballard - Seattle,Seattle,,47.658680,-122.364349
456,"Ballard, West Woodland","Seattle, WA",King,40,Leary Way NW & 8th Ave NW,40 - Northgate - Ballard - Seattle,Seattle,,47.661015,-122.366600
457,"Ballard, West Woodland","Seattle, WA",King,40,NW Leary Way & 11th Ave NW,40 - Northgate - Ballard - Seattle,Seattle,,47.663727,-122.371246
458,"Adams, Ballard","Seattle, WA",King,40,NW Leary Way & 15th Ave NW,40 - Northgate - Ballard - Seattle,Seattle,,47.663731,-122.377090
459,"Adams, Ballard","Seattle, WA",King,40,Leary Ave NW & NW Dock Pl,40 - Northgate - Ballard - Seattle,Seattle,,47.665321,-122.380417
460,"Adams, Ballard","Seattle, WA",King,40,Leary Ave NW & NW Vernon Pl,40 - Northgate - Ballard - Seattle,Seattle,,47.667164,-122.382584
461,"Adams, Ballard","Seattle, WA",King,17,NW Market St & Ballard Ave NW,40 - Northgate - Ballard - Seattle,Seattle,,47.668747,-122.386124
462,"Adams, Ballard","Seattle, WA",King,40,24th Ave NW & NW 57th St,40 - Northgate - Ballard - Seattle,Seattle,,47.670299,-122.387489
463,"Adams, Ballard","Seattle, WA",King,40,24th Ave NW & NW 61st St,40 - Northgate - Ballard - Seattle,Seattle,,47.673363,-122.387489
464,"Ballard, Loyal Heights","Seattle, WA",King,40,24th Ave NW & NW 65th St,40 - Northgate - Ballard - Seattle,Seattle,,47.676140,-122.387436
465,"Ballard, Loyal Heights","Seattle, WA",King,40,24th Ave NW & NW 70th St,40 - Northgate - Ballard - Seattle,Seattle,,47.679733,-122.387451
466,"Ballard, Loyal Heights","Seattle, WA",King,40,24th Ave NW & NW 75th St,40 - Northgate - Ballard - Seattle,Seattle,,47.683372,-122.387459
467,"Ballard, Loyal Heights","Seattle, WA",King,40,24th Ave NW & NW 77th St,40 - Northgate - Ballard - Seattle,Seattle,,47.685150,-122.387489
468,"Ballard, Loyal Heights","Seattle, WA",King,40,24th Ave NW & NW 80th St,40 - Northgate - Ballard - Seattle,Seattle,,47.687000,-122.387505
469,"Ballard, Loyal Heights","Seattle, WA",King,40,24th Ave NW & NW 83rd St,40 - Northgate - Ballard - Seattle,Seattle,,47.688602,-122.387505
470,"Ballard, Loyal Heights","Seattle, WA",King,40,NW 85th St & 22nd Ave NW,40 - Northgate - Ballard - Seattle,Seattle,,47.690517,-122.384018
471,"Ballard, Loyal Heights","Seattle, WA",King,40,NW 85th St & 20th Ave NW,40 - Northgate - Ballard - Seattle,Seattle,,47.690525,-122.381874
472,Crown Hill,"Seattle, WA",King,40,15th Ave NW & NW 85th St,40 - Northgate - Ballard - Seattle,Seattle,,47.690956,-122.376709
473,Crown Hill,"Seattle, WA",King,40,Holman Rd NW & Mary Ave NW,40 - Northgate - Ballard - Seattle,Seattle,,47.694752,-122.375290
474,Crown Hill,"Seattle, WA",King,40,Holman Rd NW & 13th Ave NW,40 - Northgate - Ballard - Seattle,Seattle,,47.696407,-122.372314
475,Crown Hill,"Seattle, WA",King,40,Holman Rd NW & 9th Ave NW,40 - Northgate - Ballard - Seattle,Seattle,,47.698441,-122.368393
476,Greenwood,"Seattle, WA",King,40,Holman Rd NW & 7th Ave NW,40 - Northgate - Ballard - Seattle,Seattle,,47.700440,-122.364441
477,Greenwood,"Seattle, WA",King,40,Holman Rd NW & 3rd Ave NW,40 - Northgate - Ballard - Seattle,Seattle,,47.702496,-122.360390
478,Greenwood,"Seattle, WA",King,40,Holman Rd N & Greenwood Ave N,40 - Northgate - Ballard - Seattle,Seattle,,47.704659,-122.356094
479,Greenwood,"Seattle, WA",King,40,N 105th St & Fremont Ave N,40 - Northgate - Ballard - Seattle,Seattle,,47.705006,-122.349770
480,Northgate,"Seattle, WA",King,40,N Northgate Way & Aurora Ave N,40 - Northgate - Ballard - Seattle,Seattle,,47.704979,-122.344170
481,Northgate,"Seattle, WA",King,40,N Northgate Way & Stone Ave N,40 - Northgate - Ballard - Seattle,Seattle,,47.704975,-122.341675
482,Northgate,"Seattle, WA",King,40,Meridian Ave N & N Northgate Way,40 - Northgate - Ballard - Seattle,Seattle,,47.708210,-122.334091
483,Northgate,"Seattle, WA",King,40,Meridian Ave N & N 105th St,40 - Northgate - Ballard - Seattle,Seattle,,47.705120,-122.334038
484,Northgate,"Seattle, WA",King,40,College Way N & N 103rd St,40 - Northgate - Ballard - Seattle,Seattle,,47.703052,-122.334106
485,Northgate,"Seattle, WA",King,40,College Way N & N 97th St,40 - Northgate - Ballard - Seattle,Seattle,,47.699341,-122.335297
486,Northgate,"Seattle, WA",King,40,N 92nd St & Corliss Ave N,40 - Northgate - Ballard - Seattle,Seattle,,47.695854,-122.330673
487,"Maple Leaf, Northgate","Seattle, WA",King,40,1st Ave NE & NE 95th St,40 - Northgate - Ballard - Seattle,Seattle,,47.697922,-122.328354
488,,"Seattle, WA",King,40,1st Ave NE & NE 103rd St - Bay 1,40 - Northgate - Ballard - Seattle,Seattle,,47.702808,-122.328423
489,Bryant,"Seattle, WA",King,45,Sand Point Way NE & 40th Ave NE,45 - Loyal Heights - University District - Seattle Children's Hospital,Seattle,,47.662743,-122.285202
490,Bryant,"Seattle, WA",King,31,NE 45th St & 36th Ave NE,45 - Loyal Heights - University District - Seattle Children's Hospital,Seattle,,47.661205,-122.289627
491,,"Seattle, WA",King,31,NE 45th St & University Village,45 - Loyal Heights - University District - Seattle Children's Hospital,Seattle,,47.661278,-122.295418
492,University District,"Seattle, WA",King,45,Montlake Blvd NE & NE 45th St,45 - Loyal Heights - University District - Seattle Children's Hospital,Seattle,,47.661049,-122.298904
493,University District,"Seattle, WA",King,45,Stevens Way & Pend Oreille Rd,45 - Loyal Heights - University District - Seattle Children's Hospital,Seattle,,47.656742,-122.304886
494,University District,"Seattle, WA",King,45,Stevens Way & Benton Ln,45 - Loyal Heights - University District - Seattle Children's Hospital,Seattle,,47.654503,-122.305130
495,University District,"Seattle, WA",King,45,Stevens Way & Rainier Vis,45 - Loyal Heights - University District - Seattle Children's Hospital,Seattle,,47.652389,-122.306305
496,University District,"Seattle, WA",King,45,Stevens Way & Garfield Ln,45 - Loyal Heights - University District - Seattle Children's Hospital,Seattle,,47.652172,-122.308624
497,University District,"Seattle, WA",King,45,Grant Ln & Stevens Way,45 - Loyal Heights - University District - Seattle Children's Hospital,Seattle,,47.655140,-122.310974
498,University District,"Seattle, WA",King,45,University Way NE & NE 41st St,45 - Loyal Heights - University District - Seattle Children's Hospital,Seattle,,47.657387,-122.313133
499,University District,"Seattle, WA",King,45,University Way NE & NE 43rd St,45 - Loyal Heights - University District - Seattle Children's Hospital,Seattle,,47.659683,-122.313065
500,University District,"Seattle, WA",King,45,University Way NE & NE 45th St,45 - Loyal Heights - University District - Seattle Children's Hospital,Seattle,,47.662067,-122.313011
501,University District,"Seattle, WA",King,45,15th Ave NE & NE 52nd St,45 - Loyal Heights - University District - Seattle Children's Hospital,Seattle,,47.666607,-122.311813
502,University District,"Seattle, WA",King,45,15th Ave NE & NE Ravenna Blvd,45 - Loyal Heights - University District - Seattle Children's Hospital,Seattle,,47.670456,-122.311798
503,University District,"Seattle, WA",King,45,University Way NE & NE 50th St,45 - Loyal Heights - University District - Seattle Children's Hospital,Seattle,,47.665379,-122.312973
504,University District,"Seattle, WA",King,45,University Way NE & NE 55th St,45 - Loyal Heights - University District - Seattle Children's Hospital,Seattle,,47.668766,-122.312920
505,University District,"Seattle, WA",King,45,University Way NE & NE Ravenna Blvd,45 - Loyal Heights - University District - Seattle Children's Hospital,Seattle,,47.670776,-122.312927
506,,"Seattle, WA",King,45,NE 65th St & 14th Ave NE,45 - Loyal Heights - University District - Seattle Children's Hospital,Seattle,,47.675865,-122.313545
507,Roosevelt,"Seattle, WA",King,45,NE 65th St & 12th Ave NE,45 - Loyal Heights - University District - Seattle Children's Hospital,Seattle,,47.675888,-122.315994
508,Green Lake,"Seattle, WA",King,45,NE 65th St & Oswego Pl NE,45 - Loyal Heights - University District - Seattle Children's Hospital,Seattle,,47.675930,-122.321167
509,Green Lake,"Seattle, WA",King,45,NE Ravenna Blvd & NE 68th St,45 - Loyal Heights - University District - Seattle Children's Hospital,Seattle,,47.677872,-122.323586
510,Green Lake,"Seattle, WA",King,45,NE Ravenna Blvd & Woodlawn Ave NE,45 - Loyal Heights - University District - Seattle Children's Hospital,Seattle,,47.678841,-122.324486
511,Green Lake,"Seattle, WA",King,45,East Green Lake Dr N & 4th Ave NE,45 - Loyal Heights - University District - Seattle Children's Hospital,Seattle,,47.681370,-122.326920
512,,"Seattle, WA",King,45,East Green Lake Dr N & Meridian Ave N,45 - Loyal Heights - University District - Seattle Children's Hospital,Seattle,,47.683106,-122.333557
513,Green Lake,"Seattle, WA",King,45,East Green Lake Dr N & Wallingford Ave N,45 - Loyal Heights - University District - Seattle Children's Hospital,Seattle,,47.685646,-122.336632
514,Green Lake,"Seattle, WA",King,45,Wallingford Ave N & N 80th St,45 - Loyal Heights - University District - Seattle Children's Hospital,Seattle,,47.687351,-122.336304
515,Green Lake,"Seattle, WA",King,45,Wallingford Ave N & N 82nd St,45 - Loyal Heights - University District - Seattle Children's Hospital,Seattle,,47.688904,-122.336319
516,Northgate,"Seattle, WA",King,45,N 85th St & Wallingford Ave N,45 - Loyal Heights - University District - Seattle Children's Hospital,Seattle,,47.690579,-122.336769
517,Northgate,"Seattle, WA",King,45,N 85th St & Stone Ave N,45 - Loyal Heights - University District - Seattle Children's Hospital,Seattle,,47.690609,-122.341194
518,Northgate,"Seattle, WA",King,45,N 85th St & Aurora Ave N,45 - Loyal Heights - University District - Seattle Children's Hospital,Seattle,,47.690624,-122.344162
519,Greenwood,"Seattle, WA",King,45,N 85th St & Fremont Ave N,45 - Loyal Heights - University District - Seattle Children's Hospital,Seattle,,47.690647,-122.350266
520,Greenwood,"Seattle, WA",King,45,N 85th St & Greenwood Ave N,45 - Loyal Heights - University District - Seattle Children's Hospital,Seattle,,47.690666,-122.355675
521,Greenwood,"Seattle, WA",King,45,NW 85th St & 3rd Ave NW,45 - Loyal Heights - University District - Seattle Children's Hospital,Seattle,,47.690689,-122.360275
522,Crown Hill,"Seattle, WA",King,45,NW 85th St & 8th Ave NW,45 - Loyal Heights - University District - Seattle Children's Hospital,Seattle,,47.690723,-122.366653
523,Crown Hill,"Seattle, WA",King,45,NW 85th St & 12th Ave NW,45 - Loyal Heights - University District - Seattle Children's Hospital,Seattle,,47.690697,-122.371796
524,Crown Hill,"Seattle, WA",King,45,NW 85th St & Mary Ave NW,45 - Loyal Heights - University District - Seattle Children's Hospital,Seattle,,47.690685,-122.375343
525,Crown Hill,"Seattle, WA",King,40,NW 85th St & 15th Ave NW,45 - Loyal Heights - University District - Seattle Children's Hospital,Seattle,,47.690678,-122.377609
526,Crown Hill,"Seattle, WA",King,40,NW 85th St & 19th Ave NW,45 - Loyal Heights - University District - Seattle Children's Hospital,Seattle,,47.690659,-122.381462
527,North Beach/Blue Ridge,"Seattle, WA",King,40,NW 85th St & 22nd Ave NW,45 - Loyal Heights - University District - Seattle Children's Hospital,Seattle,,47.690651,-122.384720
528,North Beach/Blue Ridge,"Seattle, WA",King,45,NW 85th St & 24th Ave NW,45 - Loyal Heights - University District - Seattle Children's Hospital,Seattle,,47.690647,-122.387970
529,North Beach/Blue Ridge,"Seattle, WA",King,45,NW 85th St & 27th Ave NW,45 - Loyal Heights - University District - Seattle Children's Hospital,Seattle,,47.690640,-122.390862
530,North Beach/Blue Ridge,"Seattle, WA",King,45,NW 85th St & 28th Ave NW,45 - Loyal Heights - University District - Seattle Children's Hospital,Seattle,,47.690640,-122.393379
531,North Beach/Blue Ridge,"Seattle, WA",King,45,NW 85th St & 30th Ave NW,45 - Loyal Heights - University District - Seattle Children's Hospital,Seattle,,47.690640,-122.396301
532,"Ballard, Sunset Hill","Seattle, WA",King,45,Loyal Way NW & NW 85th St,45 - Loyal Heights - University District - Seattle Children's Hospital,Seattle,,47.690208,-122.397842
533,"Atlantic, Central District","Seattle, WA",King,8,Mt. Baker Transfer Area - Bay 2,48 - University District - Central District - Mount Baker,Seattle,,47.577591,-122.297127
534,"Atlantic, Central District","Seattle, WA",King,7,Rainier Ave S & S Bayview St,48 - University District - Central District - Mount Baker,Seattle,,47.581196,-122.300201
535,"Atlantic, Central District","Seattle, WA",King,4,Rainier Ave S & S Walker St,48 - University District - Central District - Mount Baker,Seattle,,47.583931,-122.302299
536,,"Seattle, WA",King,48,23rd Ave S & S Plum St,48 - University District - Central District - Mount Baker,Seattle,,47.585739,-122.302834
537,,"Seattle, WA",King,48,23rd Ave S & S Massachusetts St,48 - University District - Central District - Mount Baker,Seattle,,47.588604,-122.302483
538,,"Seattle, WA",King,48,23rd Ave S & S Judkins St,48 - University District - Central District - Mount Baker,Seattle,,47.591843,-122.302383
539,,"Seattle, WA",King,4,23rd Ave S & S Lane St,48 - University District - Central District - Mount Baker,Seattle,,47.596710,-122.302124
540,"Atlantic, Central District","Seattle, WA",King,4,23rd Ave S & S Jackson St,48 - University District - Central District - Mount Baker,Seattle,,47.599697,-122.302124
541,"Central District, Mann","Seattle, WA",King,4,23rd Ave & E Yesler Way,48 - University District - Central District - Mount Baker,Seattle,,47.601894,-122.302299
542,"Central District, Mann","Seattle, WA",King,48,23rd Ave & E Jefferson St,48 - University District - Central District - Mount Baker,Seattle,,47.606316,-122.302689
543,"Central District, Mann","Seattle, WA",King,48,23rd Ave & E Cherry St,48 - University District - Central District - Mount Baker,Seattle,,47.608314,-122.302673
544,"Central District, Mann","Seattle, WA",King,48,23rd Ave & E Union St,48 - University District - Central District - Mount Baker,Seattle,,47.613442,-122.302605
545,"Central District, Mann","Seattle, WA",King,48,23rd Ave & E Olive St,48 - University District - Central District - Mount Baker,Seattle,,47.616734,-122.302505
546,"Capitol Hill, Stevens","Seattle, WA",King,43,23rd Ave E & E John St,48 - University District - Central District - Mount Baker,Seattle,,47.620602,-122.302399
547,"Capitol Hill, Stevens","Seattle, WA",King,43,23rd Ave E & E Republican St,48 - University District - Central District - Mount Baker,Seattle,,47.623379,-122.302361
548,"Capitol Hill, Stevens","Seattle, WA",King,43,23rd Ave E & E Aloha St,48 - University District - Central District - Mount Baker,Seattle,,47.627014,-122.302292
549,"Capitol Hill, Stevens","Seattle, WA",King,43,24th Ave E & E Prospect St,48 - University District - Central District - Mount Baker,Seattle,,47.629467,-122.301567
550,"Capitol Hill, Stevens","Seattle, WA",King,43,24th Ave E & E Galer St,48 - University District - Central District - Mount Baker,Seattle,,47.632778,-122.301514
551,"Capitol Hill, Montlake","Seattle, WA",King,43,24th Ave E & Boyer Ave E,48 - University District - Central District - Mount Baker,Seattle,,47.635048,-122.301468
552,"Capitol Hill, Montlake","Seattle, WA",King,43,24th Ave E & E Newton St,48 - University District - Central District - Mount Baker,Seattle,,47.638100,-122.301483
553,"Capitol Hill, Montlake","Seattle, WA",King,43,24th Ave E & E Mcgraw St,48 - University District - Central District - Mount Baker,Seattle,,47.640152,-122.301979
554,"Capitol Hill, Montlake","Seattle, WA",King,43,East Montlake Pl E & E Roanoke St,48 - University District - Central District - Mount Baker,Seattle,,47.643097,-122.302849
555,"Capitol Hill, Montlake","Seattle, WA",King,43,Montlake Blvd E & SR 520,48 - University District - Central District - Mount Baker,Seattle,,47.644432,-122.304230
556,University District,"Seattle, WA",King,43,NE Pacific St & Montlake Blvd NE - Bay 2,48 - University District - Central District - Mount Baker,Seattle,,47.649765,-122.305893
557,University District,"Seattle, WA",King,44,NE Pacific St & 15th Ave NE,48 - University District - Central District - Mount Baker,Seattle,,47.652206,-122.310783
558,University District,"Seattle, WA",King,44,15th Ave NE & NE Campus Pkwy,48 - University District - Central District - Mount Baker,Seattle,,47.655899,-122.311974
559,University District,"Seattle, WA",King,44,15th Ave NE & NE 42nd St,48 - University District - Central District - Mount Baker,Seattle,,47.658668,-122.311905
560,University District,"Seattle, WA",King,48,15th Ave NE & NE 45th St,48 - University District - Central District - Mount Baker,Seattle,,47.661747,-122.311905
561,University District,"Seattle, WA",King,48,NE 50th St & University Way NE,48 - University District - Central District - Mount Baker,Seattle,,47.664974,-122.313721
562,,"Seattle, WA",King,31,NE 45th St & University Way NE - Bay 2,48 - University District - Central District - Mount Baker,Seattle,,47.661339,-122.313614
563,University District,"Seattle, WA",King,48,11th Ave NE & NE 45th St,48 - University District - Central District - Mount Baker,Seattle,,47.661945,-122.316452
564,University District,"Seattle, WA",King,48,12th Ave NE & NE 47th St,48 - University District - Central District - Mount Baker,Seattle,,47.662281,-122.315475
565,"Alki, West Seattle","Seattle, WA",King,50,Alki Ave SW & 61st Ave SW,50 - Alki - SODO - Othello Station,Seattle,,47.578995,-122.410797
566,"Alki, West Seattle","Seattle, WA",King,50,61st Ave SW & SW Stevens St,50 - Alki - SODO - Othello Station,Seattle,,47.577518,-122.410797
567,"Alki, West Seattle","Seattle, WA",King,50,61st Ave SW & SW Admiral Way,50 - Alki - SODO - Othello Station,Seattle,,47.576027,-122.410835
568,"Alki, West Seattle","Seattle, WA",King,50,SW Admiral Way & 60th Ave SW,50 - Alki - SODO - Othello Station,Seattle,,47.575817,-122.409019
569,"Alki, West Seattle","Seattle, WA",King,50,SW Admiral Way & 59th Ave SW,50 - Alki - SODO - Othello Station,Seattle,,47.576076,-122.407791
570,"Alki, West Seattle","Seattle, WA",King,50,SW Admiral Way & 57th Ave SW,50 - Alki - SODO - Othello Station,Seattle,,47.577034,-122.405182
571,"North Admiral, West Seattle","Seattle, WA",King,50,SW Admiral Way & SW Stevens St,50 - Alki - SODO - Othello Station,Seattle,,47.578583,-122.400917
572,"North Admiral, West Seattle","Seattle, WA",King,50,SW Admiral Way & 51st Ave SW,50 - Alki - SODO - Othello Station,Seattle,,47.579189,-122.396996
573,"North Admiral, West Seattle","Seattle, WA",King,50,SW Admiral Way & SW Lander St,50 - Alki - SODO - Othello Station,Seattle,,47.579529,-122.393799
574,"North Admiral, West Seattle","Seattle, WA",King,50,SW Admiral Way & 47th Ave SW,50 - Alki - SODO - Othello Station,Seattle,,47.581158,-122.391571
575,"North Admiral, West Seattle","Seattle, WA",King,50,SW Admiral Way & 45th Ave SW,50 - Alki - SODO - Othello Station,Seattle,,47.581142,-122.388924
576,"North Admiral, West Seattle","Seattle, WA",King,50,California Ave SW & SW Admiral Way,50 - Alki - SODO - Othello Station,Seattle,,47.580894,-122.386658
577,"North Admiral, West Seattle","Seattle, WA",King,50,California Ave SW & SW Lander St,50 - Alki - SODO - Othello Station,Seattle,,47.579056,-122.386742
578,,"Seattle, WA",King,50,California Ave SW & SW Stevens St,50 - Alki - SODO - Othello Station,Seattle,,47.577099,-122.386818
579,"North Admiral, West Seattle","Seattle, WA",King,50,California Ave SW & SW Hanford St,50 - Alki - SODO - Othello Station,Seattle,,47.575440,-122.386864
580,"North Admiral, West Seattle","Seattle, WA",King,50,California Ave SW & SW Spokane St,50 - Alki - SODO - Othello Station,Seattle,,47.571793,-122.386871
581,"Genesee, West Seattle, West Seattle Junction","Seattle, WA",King,50,California Ave SW & SW Andover St,50 - Alki - SODO - Othello Station,Seattle,,47.568146,-122.386871
582,"Genesee, West Seattle, West Seattle Junction","Seattle, WA",King,50,California Ave SW & SW Genesee St,50 - Alki - SODO - Othello Station,Seattle,,47.564419,-122.386871
583,"Genesee, West Seattle, West Seattle Junction","Seattle, WA",King,50,SW Oregon St & 44th Ave SW,50 - Alki - SODO - Othello Station,Seattle,,47.563015,-122.387909
584,"Genesee, West Seattle, West Seattle Junction","Seattle, WA",King,50,SW Alaska St & 44th Ave SW - Bay 2,50 - Alki - SODO - Othello Station,Seattle,,47.561070,-122.387527
585,"Genesee, West Seattle, West Seattle Junction","Seattle, WA",King,50,SW Alaska St & 42nd Ave SW,50 - Alki - SODO - Othello Station,Seattle,,47.561012,-122.384987
586,"Fairmount Park, West Seattle","Seattle, WA",King,50,SW Alaska St & Fauntleroy Way SW,50 - Alki - SODO - Othello Station,Seattle,,47.561016,-122.380867
587,"Fairmount Park, West Seattle","Seattle, WA",King,50,SW Alaska St & 36th Ave SW,50 - Alki - SODO - Othello Station,Seattle,,47.561001,-122.377090
588,"Delridge, North Delridge","Seattle, WA",King,21,35th Ave SW & SW Avalon Way,50 - Alki - SODO - Othello Station,Seattle,,47.563568,-122.376099
589,"Delridge, North Delridge","Seattle, WA",King,50,SW Genesee St & 30th Ave SW,50 - Alki - SODO - Othello Station,Seattle,,47.564648,-122.370361
590,"Delridge, North Delridge","Seattle, WA",King,50,Delridge Way SW & SW Genesee St,50 - Alki - SODO - Othello Station,Seattle,,47.565006,-122.363213
591,"Delridge, North Delridge","Seattle, WA",King,50,Delridge Way SW & SW Andover St,50 - Alki - SODO - Othello Station,Seattle,,47.567940,-122.363190
592,Industrial District,"Seattle, WA",King,21,1st Ave S & S Spokane St,50 - Alki - SODO - Othello Station,Seattle,,47.572342,-122.333992
593,Industrial District,"Seattle, WA",King,21,1st Ave S & S Hanford St,50 - Alki - SODO - Othello Station,Seattle,,47.575924,-122.334106
594,Industrial District,"Seattle, WA",King,21,1st Ave S & S Lander St,50 - Alki - SODO - Othello Station,Seattle,,47.579681,-122.334106
595,Industrial District,"Seattle, WA",King,50,SODO Busway & S Lander St,50 - Alki - SODO - Othello Station,Seattle,,47.578999,-122.327614
596,Industrial District,"Seattle, WA",King,50,SODO Busway & S Spokane St,50 - Alki - SODO - Othello Station,Seattle,,47.571793,-122.327576
597,"Beacon Hill, Mid-Beacon Hill (Maplewood)","Seattle, WA",King,50,S Columbian Way & S Spokane St,50 - Alki - SODO - Othello Station,Seattle,,47.571354,-122.314514
598,"Beacon Hill, Mid-Beacon Hill (Maplewood)","Seattle, WA",King,50,15th Ave S & S Dakota St,50 - Alki - SODO - Othello Station,Seattle,,47.566994,-122.313576
599,"Beacon Hill, Mid-Beacon Hill (Maplewood)","Seattle, WA",King,50,15th Ave S & S Nevada St,50 - Alki - SODO - Othello Station,Seattle,,47.565064,-122.313599
600,,"Seattle, WA",King,50,S Columbian Way & S Oregon St,50 - Alki - SODO - Othello Station,Seattle,,47.563397,-122.313080
601,"Beacon Hill, North Beacon Hill","Seattle, WA",King,50,Veterans Administration Hospital,50 - Alki - SODO - Othello Station,Seattle,,47.563824,-122.309158
602,"Beacon Hill, Mid-Beacon Hill (Maplewood)","Seattle, WA",King,50,S Columbian Way & S Snoqualmie St,50 - Alki - SODO - Othello Station,Seattle,,47.561768,-122.310844
603,"Beacon Hill, Mid-Beacon Hill (Maplewood)","Seattle, WA",King,50,S Columbian Way & Beacon Ave S,50 - Alki - SODO - Othello Station,Seattle,,47.559635,-122.303886
604,"Beacon Hill, Mid-Beacon Hill (Maplewood)","Seattle, WA",King,50,S Columbian Way & S Americus St,50 - Alki - SODO - Othello Station,Seattle,,47.560528,-122.300735
605,"Beacon Hill, Mid-Beacon Hill (Maplewood)","Seattle, WA",King,50,S Alaska St & S Alaska Pl,50 - Alki - SODO - Othello Station,Seattle,,47.561039,-122.295639
606,"Columbia City, Rainier Valley","Seattle, WA",King,50,S Alaska St & Martin Luther King Junior Way S,50 - Alki - SODO - Othello Station,Seattle,,47.560734,-122.292221
607,"Columbia City, Rainier Valley","Seattle, WA",King,50,S Alaska St & 35th Ave S,50 - Alki - SODO - Othello Station,Seattle,,47.560654,-122.289024
608,"Columbia City, Rainier Valley","Seattle, WA",King,7,Rainier Ave S & S Alaska St,50 - Alki - SODO - Othello Station,Seattle,,47.561127,-122.287209
609,"Columbia City, Rainier Valley","Seattle, WA",King,50,S Genesee St & 36th Ave S,50 - Alki - SODO - Othello Station,Seattle,,47.564041,-122.287170
610,"Columbia City, Rainier Valley","Seattle, WA",King,50,S Genesee St & Cascadia Ave S,50 - Alki - SODO - Othello Station,Seattle,,47.564087,-122.282478
611,"Columbia City, Rainier Valley","Seattle, WA",King,50,S Genesee St & 42nd Ave S,50 - Alki - SODO - Othello Station,Seattle,,47.564014,-122.279694
612,Seward Park,"Seattle, WA",King,50,S Genesee St & 46th Ave S,50 - Alki - SODO - Othello Station,Seattle,,47.564026,-122.275436
613,Seward Park,"Seattle, WA",King,50,50th Ave S & S Genesee St,50 - Alki - SODO - Othello Station,Seattle,,47.563808,-122.270844
614,Seward Park,"Seattle, WA",King,50,50th Ave S & S Alaska St,50 - Alki - SODO - Othello Station,Seattle,,47.560379,-122.270813
615,Seward Park,"Seattle, WA",King,50,Wilson Ave S & S Hudson St,50 - Alki - SODO - Othello Station,Seattle,,47.556869,-122.270760
616,Seward Park,"Seattle, WA",King,50,Wilson Ave S & S Dawson St,50 - Alki - SODO - Othello Station,Seattle,,47.554997,-122.270065
617,Seward Park,"Seattle, WA",King,50,Wilson Ave S & S Findlay St,50 - Alki - SODO - Othello Station,Seattle,,47.552010,-122.266960
618,Seward Park,"Seattle, WA",King,50,S Orcas St & 55th Ave S,50 - Alki - SODO - Othello Station,Seattle,,47.551048,-122.264748
619,Seward Park,"Seattle, WA",King,50,Seward Park Ave S & S Orcas St,50 - Alki - SODO - Othello Station,Seattle,,47.550846,-122.262100
620,Seward Park,"Seattle, WA",King,50,Seward Park Ave S & S Juneau St,50 - Alki - SODO - Othello Station,Seattle,,47.549560,-122.258919
621,Seward Park,"Seattle, WA",King,50,Seward Park Ave S & Oakhurst Rd S,50 - Alki - SODO - Othello Station,Seattle,,47.546448,-122.262016
622,Seward Park,"Seattle, WA",King,50,Seward Park Ave S & S Morgan St,50 - Alki - SODO - Othello Station,Seattle,,47.544106,-122.264290
623,Seward Park,"Seattle, WA",King,50,Seward Park Ave S & S Holly St,50 - Alki - SODO - Othello Station,Seattle,,47.542232,-122.264748
624,"Brighton, Rainier Valley","Seattle, WA",King,50,Seward Park Ave S & S Myrtle St,50 - Alki - SODO - Othello Station,Seattle,,47.538708,-122.267349
625,"Brighton, Rainier Valley","Seattle, WA",King,50,Seward Park Ave S & S Othello St,50 - Alki - SODO - Othello Station,Seattle,,47.537113,-122.267372
626,"Brighton, Rainier Valley","Seattle, WA",King,50,S Othello St & Rainier Ave S,50 - Alki - SODO - Othello Station,Seattle,,47.537029,-122.270760
627,"Brighton, Rainier Valley","Seattle, WA",King,50,S Othello St & 46th Ave S,50 - Alki - SODO - Othello Station,Seattle,,47.537132,-122.275696
628,"Beacon Hill, NewHolly (Holly Park)","Seattle, WA",King,36,S Othello St & Martin L King Jr Way S,50 - Alki - SODO - Othello Station,Seattle,,47.537128,-122.281830
629,,"Seattle, WA",King,50,38th Ave S & S Myrtle St,50 - Alki - SODO - Othello Station,Seattle,,47.538601,-122.284615
630,Belltown,"Seattle, WA",King,1,3rd Ave & Bell St,56 - Alki - Admiral District - Seattle,Seattle,,47.614300,-122.344269
631,Belltown,"Seattle, WA",King,1,3rd Ave & Virginia St,56 - Alki - Admiral District - Seattle,Seattle,,47.612438,-122.341110
632,Central Business District,"Seattle, WA",King,21,3rd Ave & Pike St,56 - Alki - Admiral District - Seattle,Seattle,,47.609791,-122.337959
633,Central Business District,"Seattle, WA",King,21,3rd Ave & Seneca St,56 - Alki - Admiral District - Seattle,Seattle,,47.606442,-122.334900
634,Central Business District,"Seattle, WA",King,21,3rd Ave & Columbia St,56 - Alki - Admiral District - Seattle,Seattle,,47.604263,-122.332901
635,,"Seattle, WA",King,21,Columbia St & Alaskan Way,56 - Alki - Admiral District - Seattle,Seattle,,47.602615,-122.336784
636,Pioneer Square,County:,King,21,Alaskan Way S & S Jackson St,56 - Alki - Admiral District - Seattle,Seattle,,47.598717,-122.335960
637,"North Admiral, West Seattle","Seattle, WA",King,56,SW Admiral Way & SW City View St,56 - Alki - Admiral District - Seattle,Seattle,,47.574043,-122.373474
638,"North Admiral, West Seattle","Seattle, WA",King,56,SW Admiral Way & SW Olga St,56 - Alki - Admiral District - Seattle,Seattle,,47.580132,-122.376564
639,"North Admiral, West Seattle","Seattle, WA",King,56,SW Admiral Way & 38th Ave SW,56 - Alki - Admiral District - Seattle,Seattle,,47.581253,-122.380676
640,"North Admiral, West Seattle","Seattle, WA",King,56,SW Admiral Way & 41st Ave SW,56 - Alki - Admiral District - Seattle,Seattle,,47.581245,-122.384743
641,"North Admiral, West Seattle","Seattle, WA",King,50,SW Admiral Way & California Ave SW,56 - Alki - Admiral District - Seattle,Seattle,,47.581268,-122.386871
642,"North Admiral, West Seattle","Seattle, WA",King,50,SW Admiral Way & SW Waite St,56 - Alki - Admiral District - Seattle,Seattle,,47.581047,-122.392273
643,"North Admiral, West Seattle","Seattle, WA",King,50,SW Admiral Way & 49th Ave SW,56 - Alki - Admiral District - Seattle,Seattle,,47.579819,-122.393707
644,"North Admiral, West Seattle","Seattle, WA",King,50,SW Admiral Way & 51st Ave SW,56 - Alki - Admiral District - Seattle,Seattle,,47.579334,-122.397163
645,"Alki, West Seattle","Seattle, WA",King,50,SW Admiral Way & SW Lander St,56 - Alki - Admiral District - Seattle,Seattle,,47.578899,-122.400673
646,"Alki, West Seattle","Seattle, WA",King,50,SW Admiral Way & 57th Ave SW,56 - Alki - Admiral District - Seattle,Seattle,,47.577168,-122.405319
647,"Alki, West Seattle","Seattle, WA",King,50,SW Admiral Way & 61st Ave SW,56 - Alki - Admiral District - Seattle,Seattle,,47.575974,-122.410660
648,"Alki, West Seattle","Seattle, WA",King,50,63rd Ave SW & SW Admiral Way,56 - Alki - Admiral District - Seattle,Seattle,,47.576240,-122.413239
649,"Alki, West Seattle","Seattle, WA",King,50,63rd Ave SW & Alki Ave SW,56 - Alki - Admiral District - Seattle,Seattle,,47.578209,-122.413185
650,"Alki, West Seattle","Seattle, WA",King,50,Alki Ave SW & 61st Ave SW,56 - Alki - Admiral District - Seattle,Seattle,,47.578995,-122.410797
651,Belltown,"Seattle, WA",King,1,3rd Ave & Bell St,57 - Alaska Junction - Seattle,Seattle,,47.614300,-122.344269
652,Belltown,"Seattle, WA",King,1,3rd Ave & Virginia St,57 - Alaska Junction - Seattle,Seattle,,47.612438,-122.341110
653,Central Business District,"Seattle, WA",King,21,3rd Ave & Pike St,57 - Alaska Junction - Seattle,Seattle,,47.609791,-122.337959
654,Central Business District,"Seattle, WA",King,21,3rd Ave & Seneca St,57 - Alaska Junction - Seattle,Seattle,,47.606442,-122.334900
655,Central Business District,"Seattle, WA",King,21,3rd Ave & Columbia St,57 - Alaska Junction - Seattle,Seattle,,47.604263,-122.332901
656,,"Seattle, WA",King,21,Columbia St & Alaskan Way,57 - Alaska Junction - Seattle,Seattle,,47.602615,-122.336784
657,Pioneer Square,County:,King,21,Alaskan Way S & S Jackson St,57 - Alaska Junction - Seattle,Seattle,,47.598717,-122.335960
658,"North Admiral, West Seattle","Seattle, WA",King,56,SW Admiral Way & SW City View St,57 - Alaska Junction - Seattle,Seattle,,47.574043,-122.373474
659,"North Admiral, West Seattle","Seattle, WA",King,56,SW Admiral Way & SW Olga St,57 - Alaska Junction - Seattle,Seattle,,47.580132,-122.376564
660,"North Admiral, West Seattle","Seattle, WA",King,56,SW Admiral Way & 38th Ave SW,57 - Alaska Junction - Seattle,Seattle,,47.581253,-122.380676
661,"North Admiral, West Seattle","Seattle, WA",King,56,SW Admiral Way & 41st Ave SW,57 - Alaska Junction - Seattle,Seattle,,47.581245,-122.384743
662,"North Admiral, West Seattle","Seattle, WA",King,50,SW Admiral Way & California Ave SW,57 - Alaska Junction - Seattle,Seattle,,47.581268,-122.386871
663,"North Admiral, West Seattle","Seattle, WA",King,50,SW Admiral Way & SW Waite St,57 - Alaska Junction - Seattle,Seattle,,47.581047,-122.392273
664,"North Admiral, West Seattle","Seattle, WA",King,50,SW Admiral Way & 49th Ave SW,57 - Alaska Junction - Seattle,Seattle,,47.579819,-122.393707
665,"North Admiral, West Seattle","Seattle, WA",King,57,49th Ave SW & SW Stevens St,57 - Alaska Junction - Seattle,Seattle,,47.577248,-122.394264
666,"North Admiral, West Seattle","Seattle, WA",King,57,49th Ave SW & SW Hanford St,57 - Alaska Junction - Seattle,Seattle,,47.575577,-122.394730
667,"North Admiral, West Seattle","Seattle, WA",King,57,49th Ave SW & SW Hinds St,57 - Alaska Junction - Seattle,Seattle,,47.573666,-122.394836
668,"North Admiral, West Seattle","Seattle, WA",King,57,49th Ave SW & SW Spokane St,57 - Alaska Junction - Seattle,Seattle,,47.571861,-122.394852
669,"North Admiral, West Seattle","Seattle, WA",King,57,SW Charlestown St & 49th Ave SW,57 - Alaska Junction - Seattle,Seattle,,47.570362,-122.395332
670,"North Admiral, West Seattle","Seattle, WA",King,57,SW Charlestown St & 51st Ave SW,57 - Alaska Junction - Seattle,Seattle,,47.570385,-122.397789
671,"North Admiral, West Seattle","Seattle, WA",King,57,SW Charlestown St & 53rd Ave SW,57 - Alaska Junction - Seattle,Seattle,,47.570427,-122.400436
672,"Alki, West Seattle","Seattle, WA",King,57,55th Ave SW & SW Charlestown St,57 - Alaska Junction - Seattle,Seattle,,47.570023,-122.402939
673,"Alki, West Seattle","Seattle, WA",King,57,55th Ave SW & SW Andover St,57 - Alaska Junction - Seattle,Seattle,,47.568398,-122.402908
674,"Alki, West Seattle","Seattle, WA",King,57,55th Ave SW & SW Dakota St,57 - Alaska Junction - Seattle,Seattle,,47.566803,-122.402924
675,"Alki, West Seattle","Seattle, WA",King,57,55th Ave SW & SW Genesee St,57 - Alaska Junction - Seattle,Seattle,,47.565166,-122.402954
676,"Alki, West Seattle","Seattle, WA",King,57,SW Genesee St & 53rd Ave SW,57 - Alaska Junction - Seattle,Seattle,,47.564762,-122.399864
677,"Genesee, West Seattle","Seattle, WA",King,57,SW Genesee St & 51st Ave SW,57 - Alaska Junction - Seattle,Seattle,,47.564743,-122.397217
678,"Genesee, West Seattle","Seattle, WA",King,57,SW Genesee St & 49th Ave SW,57 - Alaska Junction - Seattle,Seattle,,47.564720,-122.394455
679,"Genesee, West Seattle","Seattle, WA",King,57,SW Genesee St & 47th Ave SW,57 - Alaska Junction - Seattle,Seattle,,47.564693,-122.391777
680,"Genesee, West Seattle","Seattle, WA",King,57,Glenn Way SW & 46th Ave SW,57 - Alaska Junction - Seattle,Seattle,,47.564453,-122.390724
681,"Genesee, West Seattle, West Seattle Junction","Seattle, WA",King,50,SW Alaska St & 44th Ave SW - Bay 2,57 - Alaska Junction - Seattle,Seattle,,47.561070,-122.387527
682,"Broadway, Capitol Hill","Seattle, WA",King,60,10th Ave E & E Mercer St,60 - Westwood Village -  Georgetown - Broadway,Seattle,,47.623951,-122.319992
683,"Broadway, Capitol Hill","Seattle, WA",King,9,Broadway E & E Republican St,60 - Westwood Village -  Georgetown - Broadway,Seattle,,47.622894,-122.321014
684,"Broadway, Capitol Hill","Seattle, WA",King,9,Broadway E & E Thomas St,60 - Westwood Village -  Georgetown - Broadway,Seattle,,47.620815,-122.320992
685,"Broadway, Capitol Hill","Seattle, WA",King,9,Broadway & E Denny Way,60 - Westwood Village -  Georgetown - Broadway,Seattle,,47.618538,-122.320946
686,"Broadway, Capitol Hill","Seattle, WA",King,9,Broadway & E Pine St,60 - Westwood Village -  Georgetown - Broadway,Seattle,,47.616192,-122.320923
687,"Broadway, Capitol Hill","Seattle, WA",King,9,Broadway & E Pike St,60 - Westwood Village -  Georgetown - Broadway,Seattle,,47.614140,-122.320885
688,First Hill,"Seattle, WA",King,9,Broadway & E Union St,60 - Westwood Village -  Georgetown - Broadway,Seattle,,47.612713,-122.320885
689,First Hill,"Seattle, WA",King,60,Madison St & Boylston Ave,60 - Westwood Village -  Georgetown - Broadway,Seattle,,47.610867,-122.321686
690,First Hill,"Seattle, WA",King,60,Madison St & Boren Ave,60 - Westwood Village -  Georgetown - Broadway,Seattle,,47.609627,-122.324638
691,First Hill,"Seattle, WA",King,60,9th Ave & Marion St,60 - Westwood Village -  Georgetown - Broadway,Seattle,,47.607433,-122.326591
692,First Hill,"Seattle, WA",King,60,9th Ave & Cherry St,60 - Westwood Village -  Georgetown - Broadway,Seattle,,47.606091,-122.325363
693,Yesler Terrace,"Seattle, WA",King,3,9th Ave & Jefferson St,60 - Westwood Village -  Georgetown - Broadway,Seattle,,47.604874,-122.324242
694,Yesler Terrace,"Seattle, WA",King,60,9th Ave & Alder St,60 - Westwood Village -  Georgetown - Broadway,Seattle,,47.603474,-122.322968
695,,"Seattle, WA",King,27,E Yesler Way & Broadway,60 - Westwood Village -  Georgetown - Broadway,Seattle,,47.601691,-122.320065
696,International District,"Seattle, WA",King,36,12th Ave S & S Jackson St,60 - Westwood Village -  Georgetown - Broadway,Seattle,,47.598652,-122.317329
697,International District,"Seattle, WA",King,36,12th Ave S & S Weller St,60 - Westwood Village -  Georgetown - Broadway,Seattle,,47.597305,-122.317329
698,"Beacon Hill, North Beacon Hill","Seattle, WA",King,36,14th Ave S & Golf Dr S,60 - Westwood Village -  Georgetown - Broadway,Seattle,,47.592270,-122.314941
699,"Beacon Hill, North Beacon Hill","Seattle, WA",King,36,14th Ave S & S Massachusetts St,60 - Westwood Village -  Georgetown - Broadway,Seattle,,47.588184,-122.314964
700,"Beacon Hill, North Beacon Hill","Seattle, WA",King,36,14th Ave S & S Holgate St,60 - Westwood Village -  Georgetown - Broadway,Seattle,,47.586136,-122.314774
701,"Beacon Hill, North Beacon Hill","Seattle, WA",King,36,14th Ave S & S Hill St,60 - Westwood Village -  Georgetown - Broadway,Seattle,,47.584339,-122.314789
702,"Beacon Hill, North Beacon Hill","Seattle, WA",King,36,Beacon Ave S & S Bayview St,60 - Westwood Village -  Georgetown - Broadway,Seattle,,47.581291,-122.314186
703,"Beacon Hill, North Beacon Hill","Seattle, WA",King,36,Beacon Ave S & S Lander St,60 - Westwood Village -  Georgetown - Broadway,Seattle,,47.579048,-122.312096
704,"Beacon Hill, North Beacon Hill","Seattle, WA",King,60,15th Ave S & S Stevens St,60 - Westwood Village -  Georgetown - Broadway,Seattle,,47.576675,-122.313477
705,"Beacon Hill, North Beacon Hill","Seattle, WA",King,60,15th Ave S & S Hanford St,60 - Westwood Village -  Georgetown - Broadway,Seattle,,47.574898,-122.313492
706,"Beacon Hill, North Beacon Hill","Seattle, WA",King,60,15th Ave S & S Spokane St,60 - Westwood Village -  Georgetown - Broadway,Seattle,,47.571434,-122.313515
707,"Beacon Hill, Mid-Beacon Hill (Maplewood)","Seattle, WA",King,50,15th Ave S & S Dakota St,60 - Westwood Village -  Georgetown - Broadway,Seattle,,47.566994,-122.313576
708,"Beacon Hill, Mid-Beacon Hill (Maplewood)","Seattle, WA",King,50,15th Ave S & S Nevada St,60 - Westwood Village -  Georgetown - Broadway,Seattle,,47.565064,-122.313599
709,"Beacon Hill, Mid-Beacon Hill (Maplewood)","Seattle, WA",King,60,15th Ave S & S Oregon St,60 - Westwood Village -  Georgetown - Broadway,Seattle,,47.563099,-122.313614
710,"Beacon Hill, Mid-Beacon Hill (Maplewood)","Seattle, WA",King,60,15th Ave S & S Angeline St,60 - Westwood Village -  Georgetown - Broadway,Seattle,,47.560703,-122.313515
711,"Beacon Hill, Mid-Beacon Hill (Maplewood)","Seattle, WA",King,60,15th Ave S & S Shelton St,60 - Westwood Village -  Georgetown - Broadway,Seattle,,47.557678,-122.313545
712,"Beacon Hill, Mid-Beacon Hill (Maplewood)","Seattle, WA",King,60,15th Ave S & S Dawson St,60 - Westwood Village -  Georgetown - Broadway,Seattle,,47.555412,-122.313560
713,"Beacon Hill, Mid-Beacon Hill (Maplewood)","Seattle, WA",King,60,15th Ave S & S Lucile St,60 - Westwood Village -  Georgetown - Broadway,Seattle,,47.553169,-122.313583
714,"Beacon Hill, Mid-Beacon Hill (Maplewood)","Seattle, WA",King,60,15th Ave S & S Orcas St,60 - Westwood Village -  Georgetown - Broadway,Seattle,,47.551609,-122.313583
715,Georgetown,"Seattle, WA",King,60,13th Ave S & S Bailey St,60 - Westwood Village -  Georgetown - Broadway,Seattle,,47.547573,-122.316208
716,Georgetown,"Seattle, WA",King,60,Ellis Ave S & S Warsaw St,60 - Westwood Village -  Georgetown - Broadway,Seattle,,47.543800,-122.319077
717,Georgetown,"Seattle, WA",King,60,Ellis Ave S & S Myrtle St,60 - Westwood Village -  Georgetown - Broadway,Seattle,,47.539543,-122.320457
718,Georgetown,"Seattle, WA",King,60,East Marginal Way S & S Webster St,60 - Westwood Village -  Georgetown - Broadway,Seattle,,47.535629,-122.315598
719,Georgetown,"Seattle, WA",King,60,16th Ave S & East Marginal Way S,60 - Westwood Village -  Georgetown - Broadway,Seattle,,47.533485,-122.313354
720,South Park,"Seattle, WA",King,60,14th Ave S & S Cloverdale St,60 - Westwood Village -  Georgetown - Broadway,Seattle,,47.526920,-122.314995
721,South Park,"Seattle, WA",King,60,S Cloverdale St & 12th Ave S,60 - Westwood Village -  Georgetown - Broadway,Seattle,,47.526520,-122.318123
722,South Park,"Seattle, WA",King,60,S Cloverdale St & 8th Ave S,60 - Westwood Village -  Georgetown - Broadway,Seattle,,47.526535,-122.323273
723,South Park,"Seattle, WA",King,60,S Cloverdale St & 5th Ave S,60 - Westwood Village -  Georgetown - Broadway,Seattle,,47.526550,-122.328094
724,Delridge,"Seattle, WA",King,60,Olson-Myers Way P&R,60 - Westwood Village -  Georgetown - Broadway,Seattle,,47.519611,-122.336197
725,Delridge,"Seattle, WA",King,60,Olson Pl SW & 3rd Ave SW,60 - Westwood Village -  Georgetown - Broadway,Seattle,,47.519692,-122.338547
726,Delridge,"Seattle, WA",King,60,SW Roxbury St & 5th Pl SW,60 - Westwood Village -  Georgetown - Broadway,Seattle,,47.517353,-122.342178
727,Delridge,"Seattle, WA",King,60,SW Roxbury St & 8th Ave SW,60 - Westwood Village -  Georgetown - Broadway,Seattle,,47.517376,-122.345825
728,Delridge,"Seattle, WA",King,60,SW Roxbury St & 12th Ave SW,60 - Westwood Village -  Georgetown - Broadway,Seattle,,47.517406,-122.350494
729,Delridge,"Seattle, WA",King,60,SW Roxbury St & 15th Ave SW - Bay 4,60 - Westwood Village -  Georgetown - Broadway,Seattle,,47.517437,-122.353569
730,"Delridge, South Delridge","Seattle, WA",King,60,Delridge Way SW & SW Cambridge St,60 - Westwood Village -  Georgetown - Broadway,Seattle,,47.519421,-122.356903
731,"Delridge, South Delridge","Seattle, WA",King,60,Delridge Way SW & SW Barton St,60 - Westwood Village -  Georgetown - Broadway,Seattle,,47.520874,-122.358200
732,,"Seattle, WA",King,22,Delridge Way SW & SW Henderson St,60 - Westwood Village -  Georgetown - Broadway,Seattle,,47.523251,-122.360252
733,"Delridge, Roxhill","Seattle, WA",King,60,25th Ave SW & SW Trenton St,60 - Westwood Village -  Georgetown - Broadway,Seattle,,47.523994,-122.364632
734,International District,"Seattle, WA",King,1,S Jackson St & 5th Ave S,62 - Sand Point - Roosevelt - Seattle,Seattle,,47.599266,-122.328384
735,Pioneer Square,"Seattle, WA",King,5,3rd Ave & James St,62 - Sand Point - Roosevelt - Seattle,Seattle,,47.602642,-122.331184
736,Central Business District,"Seattle, WA",King,5,3rd Ave & Madison St,62 - Sand Point - Roosevelt - Seattle,Seattle,,47.605541,-122.333832
737,Central Business District,"Seattle, WA",King,5,3rd Ave & Union St,62 - Sand Point - Roosevelt - Seattle,Seattle,,47.608688,-122.336700
738,Central Business District,"Seattle, WA",King,5,3rd Ave & Pine St,62 - Sand Point - Roosevelt - Seattle,Seattle,,47.611137,-122.338951
739,"Belltown, Denny Regrade","Seattle, WA",King,1,3rd Ave & Virginia St,62 - Sand Point - Roosevelt - Seattle,Seattle,,47.612995,-122.341743
740,,"Seattle, WA",King,62,7th Ave & Blanchard St,62 - Sand Point - Roosevelt - Seattle,Seattle,,47.616878,-122.340385
741,Cascade,"Seattle, WA",King,62,Dexter Ave N & Denny Way,62 - Sand Point - Roosevelt - Seattle,Seattle,,47.618942,-122.342300
742,Cascade,"Seattle, WA",King,62,Dexter Ave N & Harrison St,62 - Sand Point - Roosevelt - Seattle,Seattle,,47.622402,-122.342270
743,Cascade,"Seattle, WA",King,62,Dexter Ave N & Mercer St,62 - Sand Point - Roosevelt - Seattle,Seattle,,47.625324,-122.342247
744,"Cascade, Westlake","Seattle, WA",King,62,Dexter Ave N & Aloha St,62 - Sand Point - Roosevelt - Seattle,Seattle,,47.627407,-122.342216
745,"Cascade, Westlake","Seattle, WA",King,62,Dexter Ave N & Galer St,62 - Sand Point - Roosevelt - Seattle,Seattle,,47.632572,-122.342178
746,"Cascade, Westlake","Seattle, WA",King,62,Dexter Ave N & Newton St,62 - Sand Point - Roosevelt - Seattle,Seattle,,47.636108,-122.342369
747,Queen Anne,"Seattle, WA",King,62,Dexter Ave N & Crockett St,62 - Sand Point - Roosevelt - Seattle,Seattle,,47.638100,-122.343513
748,Queen Anne,"Seattle, WA",King,62,Dexter Ave N & Wheeler St,62 - Sand Point - Roosevelt - Seattle,Seattle,,47.641213,-122.344543
749,Queen Anne,"Seattle, WA",King,62,Dexter Ave N & 4th Ave N,62 - Sand Point - Roosevelt - Seattle,Seattle,,47.643898,-122.345978
751,Fremont,"Seattle, WA",King,31,Fremont Ave N & N 34th St,62 - Sand Point - Roosevelt - Seattle,Seattle,,47.649860,-122.349678
752,Fremont,"Seattle, WA",King,31,N 35th St & Troll Ave N,62 - Sand Point - Roosevelt - Seattle,Seattle,,47.650032,-122.347054
753,Fremont,"Seattle, WA",King,31,N 35th St & Woodland Park Ave N,62 - Sand Point - Roosevelt - Seattle,Seattle,,47.649509,-122.343643
754,Wallingford,"Seattle, WA",King,62,Stone Way N & N 38th St,62 - Sand Point - Roosevelt - Seattle,Seattle,,47.652939,-122.342468
755,Wallingford,"Seattle, WA",King,62,Stone Way N & N 40th St,62 - Sand Point - Roosevelt - Seattle,Seattle,,47.655159,-122.342354
756,Wallingford,"Seattle, WA",King,62,Stone Way N & N 42nd St,62 - Sand Point - Roosevelt - Seattle,Seattle,,47.658264,-122.342209
757,Wallingford,"Seattle, WA",King,62,Stone Way N & N Allen Pl,62 - Sand Point - Roosevelt - Seattle,Seattle,,47.660576,-122.342079
758,Wallingford,"Seattle, WA",King,44,N 45th St & Stone Way N,62 - Sand Point - Roosevelt - Seattle,Seattle,,47.661320,-122.341660
759,Wallingford,"Seattle, WA",King,44,N 45th St & Woodlawn Ave N,62 - Sand Point - Roosevelt - Seattle,Seattle,,47.661316,-122.338692
760,Wallingford,"Seattle, WA",King,44,N 45th St & Wallingford Ave N,62 - Sand Point - Roosevelt - Seattle,Seattle,,47.661316,-122.335442
761,Wallingford,"Seattle, WA",King,62,Meridian Ave N & N 45th St,62 - Sand Point - Roosevelt - Seattle,Seattle,,47.661663,-122.333626
762,Wallingford,"Seattle, WA",King,62,Meridian Ave N & N 49th St,62 - Sand Point - Roosevelt - Seattle,Seattle,,47.663933,-122.333626
763,Wallingford,"Seattle, WA",King,62,Meridian Ave N & N 53rd St,62 - Sand Point - Roosevelt - Seattle,Seattle,,47.667378,-122.333595
764,Wallingford,"Seattle, WA",King,62,N 56th St & Keystone Pl N,62 - Sand Point - Roosevelt - Seattle,Seattle,,47.668667,-122.332603
765,Wallingford,"Seattle, WA",King,62,Kirkwood Pl N & N 59th St,62 - Sand Point - Roosevelt - Seattle,Seattle,,47.671535,-122.333275
766,Green Lake,"Seattle, WA",King,62,Woodlawn Ave N & N 63rd St,62 - Sand Point - Roosevelt - Seattle,Seattle,,47.674355,-122.333160
767,Green Lake,"Seattle, WA",King,62,Woodlawn Ave NE & Sunnyside Ave N,62 - Sand Point - Roosevelt - Seattle,Seattle,,47.677475,-122.329132
768,Green Lake,"Seattle, WA",King,45,NE Ravenna Blvd & Woodlawn Ave NE,62 - Sand Point - Roosevelt - Seattle,Seattle,,47.678459,-122.324860
769,Green Lake,"Seattle, WA",King,45,NE Ravenna Blvd & NE 68th St,62 - Sand Point - Roosevelt - Seattle,Seattle,,47.677311,-122.323807
770,,"Seattle, WA",King,45,NE 65th St & 8th Ave NE,62 - Sand Point - Roosevelt - Seattle,Seattle,,47.675785,-122.320129
771,Roosevelt,"Seattle, WA",King,45,NE 65th St & Roosevelt Way NE,62 - Sand Point - Roosevelt - Seattle,Seattle,,47.675751,-122.316673
772,Roosevelt,"Seattle, WA",King,45,NE 65th St & 14th Ave NE,62 - Sand Point - Roosevelt - Seattle,Seattle,,47.675720,-122.312683
773,Ravenna,"Seattle, WA",King,62,NE 65th St & 16th Ave NE,62 - Sand Point - Roosevelt - Seattle,Seattle,,47.675720,-122.310539
774,,"Seattle, WA",King,62,NE 65th St & 20th Ave NE,62 - Sand Point - Roosevelt - Seattle,Seattle,,47.675709,-122.306252
775,Ravenna,"Seattle, WA",King,62,NE 65th St & 23rd Ave NE,62 - Sand Point - Roosevelt - Seattle,Seattle,,47.675709,-122.302414
776,Ravenna,"Seattle, WA",King,62,NE 65th St & 25th Ave NE,62 - Sand Point - Roosevelt - Seattle,Seattle,,47.675705,-122.300278
777,Ravenna,"Seattle, WA",King,62,NE 65th St & 27th Ave NE,62 - Sand Point - Roosevelt - Seattle,Seattle,,47.675709,-122.298218
778,Ravenna,"Seattle, WA",King,62,NE 65th St & 29th Ave NE,62 - Sand Point - Roosevelt - Seattle,Seattle,,47.675709,-122.296043
779,Ravenna,"Seattle, WA",King,62,NE 65th St & 31st Ave NE,62 - Sand Point - Roosevelt - Seattle,Seattle,,47.675720,-122.293968
780,Ravenna,"Seattle, WA",King,62,NE 65th St & 33rd Ave NE,62 - Sand Point - Roosevelt - Seattle,Seattle,,47.675720,-122.291924
781,Bryant,"Seattle, WA",King,62,NE 65th St & 35th Ave NE,62 - Sand Point - Roosevelt - Seattle,Seattle,,47.675720,-122.289970
782,Bryant,"Seattle, WA",King,62,NE 65th St & 38th Ave NE,62 - Sand Point - Roosevelt - Seattle,Seattle,,47.675720,-122.286552
783,Bryant,"Seattle, WA",King,62,NE 65th St & 40th Ave NE,62 - Sand Point - Roosevelt - Seattle,Seattle,,47.675720,-122.284561
784,Bryant,"Seattle, WA",King,62,NE 65th St & 43rd Ave NE,62 - Sand Point - Roosevelt - Seattle,Seattle,,47.675720,-122.281921
785,Windermere,"Seattle, WA",King,62,NE 65th St & 45th Ave NE,62 - Sand Point - Roosevelt - Seattle,Seattle,,47.675720,-122.279221
786,Windermere,"Seattle, WA",King,62,NE 65th St & Wellesley Way NE,62 - Sand Point - Roosevelt - Seattle,Seattle,,47.675716,-122.276947
787,Windermere,"Seattle, WA",King,62,NE 65th St & 52nd Ave NE,62 - Sand Point - Roosevelt - Seattle,Seattle,,47.675686,-122.271294
788,,"Seattle, WA",King,62,NE 65th St & 58th Ave NE,62 - Sand Point - Roosevelt - Seattle,Seattle,,47.675682,-122.267334
789,Sand Point,"Seattle, WA",King,62,Sand Point Way NE & NE 65th St,62 - Sand Point - Roosevelt - Seattle,Seattle,,47.675976,-122.263428
790,Sand Point,"Seattle, WA",King,62,Sand Point Way NE & NE 70th St,62 - Sand Point - Roosevelt - Seattle,Seattle,,47.679737,-122.263519
791,Sand Point,"Seattle, WA",King,62,Sand Point Way NE & NE 74th St,62 - Sand Point - Roosevelt - Seattle,Seattle,,47.681759,-122.263565
793,Sand Point,"Seattle, WA",King,62,Sand Point Way NE & NE 77th St,62 - Sand Point - Roosevelt - Seattle,Seattle,,47.685005,-122.264465
794,Sand Point,"Seattle, WA",King,62,NE NOAA Dr,62 - Sand Point - Roosevelt - Seattle,Seattle,,47.686150,-122.260803
795,Sand Point,"Seattle, WA",King,62,NOAA - BLDG 3,62 - Sand Point - Roosevelt - Seattle,Seattle,,47.686012,-122.255531
796,Sand Point,"Seattle, WA",King,62,NOAA - BLDG 1,62 - Sand Point - Roosevelt - Seattle,Seattle,,47.686543,-122.257362
797,University District,"Seattle, WA",King,31,Roosevelt Way NE & NE 45th St,65 - Jackson Park - Wedgwood - University District,Seattle,,47.660953,-122.317818
798,University District,"Seattle, WA",King,31,Roosevelt Way NE & NE 42nd St,65 - Jackson Park - Wedgwood - University District,Seattle,,47.658455,-122.317879
799,University District,"Seattle, WA",King,65,NE Campus Pkwy & University Way NE - Bay 2,65 - Jackson Park - Wedgwood - University District,Seattle,,47.655922,-122.313492
800,University District,"Seattle, WA",King,43,15th Ave NE & NE 40th St,65 - Jackson Park - Wedgwood - University District,Seattle,,47.654820,-122.312210
801,University District,"Seattle, WA",King,43,NE Pacific St & 15th Ave NE,65 - Jackson Park - Wedgwood - University District,Seattle,,47.652084,-122.310883
802,University District,"Seattle, WA",King,44,NE Pacific Pl & NE Pacific St,65 - Jackson Park - Wedgwood - University District,Seattle,,47.650505,-122.306908
803,University District,"Seattle, WA",King,65,Montlake Blvd NE & NE Pacific Pl - Bay 3,65 - Jackson Park - Wedgwood - University District,Seattle,,47.651543,-122.303490
804,University District,"Seattle, WA",King,65,Montlake Blvd NE & NE 45th St,65 - Jackson Park - Wedgwood - University District,Seattle,,47.660854,-122.298584
805,,"Seattle, WA",King,31,NE 45th St & University Village,65 - Jackson Park - Wedgwood - University District,Seattle,,47.661102,-122.296974
806,University District,"Seattle, WA",King,31,NE 45th St & Mary Gates Memorial Dr NE,65 - Jackson Park - Wedgwood - University District,Seattle,,47.661148,-122.292465
807,Laurelhurst,"Seattle, WA",King,31,NE 45th St & 36th Ave NE,65 - Jackson Park - Wedgwood - University District,Seattle,,47.661049,-122.289024
808,Laurelhurst,"Seattle, WA",King,65,40th Ave NE & NE 46th St,65 - Jackson Park - Wedgwood - University District,Seattle,,47.661934,-122.284668
809,Bryant,"Seattle, WA",King,65,40th Ave NE & NE 50th St,65 - Jackson Park - Wedgwood - University District,Seattle,,47.665093,-122.284698
810,Bryant,"Seattle, WA",King,65,NE 55th St & 39th Ave NE,65 - Jackson Park - Wedgwood - University District,Seattle,,47.668579,-122.285667
811,Bryant,"Seattle, WA",King,65,NE 55th St & 37th Ave NE,65 - Jackson Park - Wedgwood - University District,Seattle,,47.668579,-122.288300
812,Bryant,"Seattle, WA",King,65,35th Ave NE & NE 55th St,65 - Jackson Park - Wedgwood - University District,Seattle,,47.668777,-122.290108
813,Bryant,"Seattle, WA",King,65,35th Ave NE & NE 60th St,65 - Jackson Park - Wedgwood - University District,Seattle,,47.672329,-122.290131
814,Bryant,"Seattle, WA",King,65,35th Ave NE & NE 65th St,65 - Jackson Park - Wedgwood - University District,Seattle,,47.676014,-122.290176
815,Bryant,"Seattle, WA",King,65,35th Ave NE & NE 68th St,65 - Jackson Park - Wedgwood - University District,Seattle,,47.677792,-122.290230
816,Bryant,"Seattle, WA",King,65,35th Ave NE & NE 70th St,65 - Jackson Park - Wedgwood - University District,Seattle,,47.679626,-122.290283
817,Bryant,"Seattle, WA",King,65,35th Ave NE & NE 75th St,65 - Jackson Park - Wedgwood - University District,Seattle,,47.683403,-122.290390
818,Wedgwood,"Seattle, WA",King,65,35th Ave NE & NE 80th St,65 - Jackson Park - Wedgwood - University District,Seattle,,47.686932,-122.290497
819,Wedgwood,"Seattle, WA",King,65,35th Ave NE & NE 85th St,65 - Jackson Park - Wedgwood - University District,Seattle,,47.690517,-122.290611
820,Wedgwood,"Seattle, WA",King,65,35th Ave NE & NE 89th St,65 - Jackson Park - Wedgwood - University District,Seattle,,47.693340,-122.290543
821,Wedgwood,"Seattle, WA",King,65,35th Ave NE & NE 93rd St,65 - Jackson Park - Wedgwood - University District,Seattle,,47.696213,-122.290474
822,"Lake City, Matthews Beach","Seattle, WA",King,65,35th Ave NE & NE 95th St,65 - Jackson Park - Wedgwood - University District,Seattle,,47.697701,-122.290474
823,"Lake City, Matthews Beach","Seattle, WA",King,65,35th Ave NE & NE 97th St,65 - Jackson Park - Wedgwood - University District,Seattle,,47.699608,-122.290527
824,"Lake City, Matthews Beach","Seattle, WA",King,65,35th Ave NE & NE 100th St,65 - Jackson Park - Wedgwood - University District,Seattle,,47.701534,-122.290627
825,"Lake City, Matthews Beach","Seattle, WA",King,65,35th Ave NE & NE 105th St,65 - Jackson Park - Wedgwood - University District,Seattle,,47.705074,-122.290764
826,"Lake City, Matthews Beach","Seattle, WA",King,65,35th Ave NE & NE 110th St,65 - Jackson Park - Wedgwood - University District,Seattle,,47.708618,-122.290649
827,"Lake City, Matthews Beach","Seattle, WA",King,65,35th Ave NE & NE 115th St,65 - Jackson Park - Wedgwood - University District,Seattle,,47.712158,-122.290558
828,"Cedar Park, Lake City","Seattle, WA",King,65,35th Ave NE & NE 120th St,65 - Jackson Park - Wedgwood - University District,Seattle,,47.715744,-122.291389
829,"Cedar Park, Lake City","Seattle, WA",King,65,35th Ave NE & NE 123rd St,65 - Jackson Park - Wedgwood - University District,Seattle,,47.717522,-122.291252
830,"Cedar Park, Lake City","Seattle, WA",King,65,NE 125th St & 35th Ave NE,65 - Jackson Park - Wedgwood - University District,Seattle,,47.719322,-122.291412
831,"Cedar Park, Lake City","Seattle, WA",King,65,NE 125th St & 33rd Ave NE,65 - Jackson Park - Wedgwood - University District,Seattle,,47.719338,-122.293205
832,"Lake City, Olympic Hills","Seattle, WA",King,65,NE 125th St & Lake City Way NE,65 - Jackson Park - Wedgwood - University District,Seattle,,47.719353,-122.295776
833,"Lake City, Olympic Hills","Seattle, WA",King,65,30th Ave NE & NE 127th St,65 - Jackson Park - Wedgwood - University District,Seattle,,47.721542,-122.296234
834,"Lake City, Olympic Hills","Seattle, WA",King,65,30th Ave NE & NE 130th St,65 - Jackson Park - Wedgwood - University District,Seattle,,47.723087,-122.296265
835,"Lake City, Olympic Hills","Seattle, WA",King,65,30th Ave NE & NE 135th St,65 - Jackson Park - Wedgwood - University District,Seattle,,47.726986,-122.296303
836,"Lake City, Olympic Hills","Seattle, WA",King,65,30th Ave NE & NE 140th St,65 - Jackson Park - Wedgwood - University District,Seattle,,47.730366,-122.296432
837,"Lake City, Olympic Hills","Seattle, WA",King,65,30th Ave NE & NE 143rd St,65 - Jackson Park - Wedgwood - University District,Seattle,,47.732170,-122.296440
838,"Lake City, Olympic Hills","Shoreline, WA",King,65,NE 145th St & 30th Ave NE,65 - Jackson Park - Wedgwood - University District,Seattle,,47.733856,-122.296936
839,"Lake City, Olympic Hills","Shoreline, WA",King,65,NE 145th St & 27th Ave NE,65 - Jackson Park - Wedgwood - University District,Seattle,,47.733883,-122.299599
840,"Lake City, Olympic Hills","Shoreline, WA",King,65,NE 145th St & 25th Ave NE,65 - Jackson Park - Wedgwood - University District,Seattle,,47.733906,-122.302505
841,"Lake City, Olympic Hills","Shoreline, WA",King,65,NE 145th St & 19th Ave NE,65 - Jackson Park - Wedgwood - University District,Seattle,,47.733978,-122.308693
842,"Northgate, Pinehurst","Shoreline, WA",King,65,NE 145th St & 15th Ave NE,65 - Jackson Park - Wedgwood - University District,Seattle,,47.734028,-122.313164
843,Ridgecrest,"Shoreline, WA",King,65,Shoreline South/148th Station - Bay 2,65 - Jackson Park - Wedgwood - University District,Seattle,,47.736149,-122.325119
844,Bryant,"Seattle, WA",King,45,Sand Point Way NE & 40th Ave NE,67 - Northgate - University District - Children's Hospital,Seattle,,47.662743,-122.285202
845,Bryant,"Seattle, WA",King,31,NE 45th St & 36th Ave NE,67 - Northgate - University District - Children's Hospital,Seattle,,47.661205,-122.289627
846,,"Seattle, WA",King,31,NE 45th St & University Village,67 - Northgate - University District - Children's Hospital,Seattle,,47.661278,-122.295418
847,University District,"Seattle, WA",King,45,Montlake Blvd NE & NE 45th St,67 - Northgate - University District - Children's Hospital,Seattle,,47.661049,-122.298904
848,University District,"Seattle, WA",King,45,Stevens Way & Pend Oreille Rd,67 - Northgate - University District - Children's Hospital,Seattle,,47.656742,-122.304886
849,University District,"Seattle, WA",King,45,Stevens Way & Benton Ln,67 - Northgate - University District - Children's Hospital,Seattle,,47.654503,-122.305130
850,University District,"Seattle, WA",King,45,Stevens Way & Rainier Vis,67 - Northgate - University District - Children's Hospital,Seattle,,47.652389,-122.306305
851,University District,"Seattle, WA",King,45,Stevens Way & Garfield Ln,67 - Northgate - University District - Children's Hospital,Seattle,,47.652172,-122.308624
852,University District,"Seattle, WA",King,45,Grant Ln & Stevens Way,67 - Northgate - University District - Children's Hospital,Seattle,,47.655140,-122.310974
853,University District,"Seattle, WA",King,67,Brooklyn Ave NE & NE Campus Pkwy - Bay 3,67 - Northgate - University District - Children's Hospital,Seattle,,47.656498,-122.314308
854,University District,"Seattle, WA",King,31,11th Ave NE & NE 42nd St,67 - Northgate - University District - Children's Hospital,Seattle,,47.658745,-122.316551
855,University District,"Seattle, WA",King,48,11th Ave NE & NE 45th St,67 - Northgate - University District - Children's Hospital,Seattle,,47.661945,-122.316452
856,University District,"Seattle, WA",King,67,11th Ave NE & NE 50th St,67 - Northgate - University District - Children's Hospital,Seattle,,47.665173,-122.316238
857,University District,"Seattle, WA",King,67,11th Ave NE & NE 55th St,67 - Northgate - University District - Children's Hospital,Seattle,,47.668377,-122.316193
858,University District,"Seattle, WA",King,67,11th Ave NE & NE Ravenna Blvd,67 - Northgate - University District - Children's Hospital,Seattle,,47.671329,-122.316101
859,Roosevelt,"Seattle, WA",King,67,12th Ave NE & NE 61st St,67 - Northgate - University District - Children's Hospital,Seattle,,47.672653,-122.315552
860,,"Seattle, WA",King,67,12th Ave NE & NE 67th St - Bay 3,67 - Northgate - University District - Children's Hospital,Seattle,,47.677135,-122.315582
861,Roosevelt,"Seattle, WA",King,67,12th Ave NE & NE 70th St,67 - Northgate - University District - Children's Hospital,Seattle,,47.679760,-122.315536
862,Roosevelt,"Seattle, WA",King,67,NE 75th St & 12th Ave NE,67 - Northgate - University District - Children's Hospital,Seattle,,47.683124,-122.315651
863,Roosevelt,"Seattle, WA",King,67,Roosevelt Way NE & NE 75th St,67 - Northgate - University District - Children's Hospital,Seattle,,47.683544,-122.317398
864,Roosevelt,"Seattle, WA",King,67,Roosevelt Way NE & NE 80th St,67 - Northgate - University District - Children's Hospital,Seattle,,47.686935,-122.317451
865,"Maple Leaf, Northgate","Seattle, WA",King,67,Roosevelt Way NE & NE 85th St,67 - Northgate - University District - Children's Hospital,Seattle,,47.690861,-122.317520
866,"Maple Leaf, Northgate","Seattle, WA",King,67,Roosevelt Way NE & NE 90th St,67 - Northgate - University District - Children's Hospital,Seattle,,47.694176,-122.317497
867,"Maple Leaf, Northgate","Seattle, WA",King,67,Roosevelt Way NE & NE 92nd St,67 - Northgate - University District - Children's Hospital,Seattle,,47.695969,-122.317497
868,"Maple Leaf, Northgate","Seattle, WA",King,67,Roosevelt Way NE & NE 95th St,67 - Northgate - University District - Children's Hospital,Seattle,,47.697811,-122.317497
869,"Maple Leaf, Northgate","Seattle, WA",King,67,Roosevelt Way NE & NE 100th St,67 - Northgate - University District - Children's Hospital,Seattle,,47.701431,-122.317589
870,"Maple Leaf, Northgate","Seattle, WA",King,67,Roosevelt Way NE & NE 103rd St,67 - Northgate - University District - Children's Hospital,Seattle,,47.703381,-122.317657
871,"Maple Leaf, Northgate","Seattle, WA",King,67,Roosevelt Way NE & NE 105th St,67 - Northgate - University District - Children's Hospital,Seattle,,47.705109,-122.317696
872,"Maple Leaf, Northgate","Seattle, WA",King,67,Roosevelt Way NE & NE 108th St,67 - Northgate - University District - Children's Hospital,Seattle,,47.707504,-122.317741
873,"Northgate, Pinehurst","Seattle, WA",King,61,NE Northgate Way & Roosevelt Way NE,67 - Northgate - University District - Children's Hospital,Seattle,,47.708633,-122.318367
874,"Maple Leaf, Northgate","Seattle, WA",King,61,5th Ave NE & NE Northgate Way,67 - Northgate - University District - Children's Hospital,Seattle,,47.708195,-122.323364
875,"Maple Leaf, Northgate","Seattle, WA",King,61,5th Ave NE & Northgate Mall,67 - Northgate - University District - Children's Hospital,Seattle,,47.706421,-122.323311
876,"Maple Leaf, Northgate","Seattle, WA",King,67,5th Ave NE & NE 103rd St,67 - Northgate - University District - Children's Hospital,Seattle,,47.702755,-122.323242
877,"Maple Leaf, Northgate","Seattle, WA",King,67,NE 100th St & 4th Ave NE,67 - Northgate - University District - Children's Hospital,Seattle,,47.701401,-122.324051
878,,"Seattle, WA",King,40,1st Ave NE & NE 103rd St - Bay 1,67 - Northgate - University District - Children's Hospital,Seattle,,47.702808,-122.328423
879,University District,"Seattle, WA",King,45,University Way NE & NE 50th St,75 - Northgate - Sand Point - University District,Seattle,,47.664135,-122.313187
880,University District,"Seattle, WA",King,75,University Way NE & NE 45th St,75 - Northgate - Sand Point - University District,Seattle,,47.662281,-122.313217
881,University District,"Seattle, WA",King,75,University Way NE & NE 43rd St,75 - Northgate - Sand Point - University District,Seattle,,47.660072,-122.313255
882,University District,"Seattle, WA",King,75,University Way NE & NE 41st St,75 - Northgate - Sand Point - University District,Seattle,,47.656948,-122.313339
883,,"Seattle, WA",King,75,Stevens Way & Asotin Pl,75 - Northgate - Sand Point - University District,Seattle,,47.654377,-122.310486
884,University District,"Seattle, WA",King,75,Stevens Way & Okanogan Ln,75 - Northgate - Sand Point - University District,Seattle,,47.651985,-122.308258
885,University District,"Seattle, WA",King,75,Stevens Way & Rainier Vis,75 - Northgate - Sand Point - University District,Seattle,,47.652363,-122.306030
886,University District,"Seattle, WA",King,75,Stevens Way & Benton Ln,75 - Northgate - Sand Point - University District,Seattle,,47.653908,-122.305023
887,University District,"Seattle, WA",King,75,Stevens Way & Pend Oreille Rd,75 - Northgate - Sand Point - University District,Seattle,,47.657307,-122.304527
888,University District,"Seattle, WA",King,65,Montlake Blvd NE & NE 45th St,75 - Northgate - Sand Point - University District,Seattle,,47.660854,-122.298584
889,,"Seattle, WA",King,31,NE 45th St & University Village,75 - Northgate - Sand Point - University District,Seattle,,47.661102,-122.296974
890,University District,"Seattle, WA",King,31,NE 45th St & Mary Gates Memorial Dr NE,75 - Northgate - Sand Point - University District,Seattle,,47.661148,-122.292465
891,Laurelhurst,"Seattle, WA",King,31,NE 45th St & 36th Ave NE,75 - Northgate - Sand Point - University District,Seattle,,47.661049,-122.289024
892,Laurelhurst,"Seattle, WA",King,75,Sand Point Way NE & 38th Ave NE,75 - Northgate - Sand Point - University District,Seattle,,47.661575,-122.286484
893,Laurelhurst,"Seattle, WA",King,75,Sand Point Way NE & 40th Ave NE,75 - Northgate - Sand Point - University District,Seattle,,47.663448,-122.284119
894,Laurelhurst,"Seattle, WA",King,75,Sand Point Way NE & NE 50th St,75 - Northgate - Sand Point - University District,Seattle,,47.664654,-122.282867
895,Laurelhurst,"Seattle, WA",King,75,Sand Point Way NE & NE 52nd St,75 - Northgate - Sand Point - University District,Seattle,,47.667080,-122.280350
896,Laurelhurst,"Seattle, WA",King,75,Sand Point Way NE & Princeton Ave NE,75 - Northgate - Sand Point - University District,Seattle,,47.668194,-122.275978
897,Windermere,"Seattle, WA",King,75,Sand Point Way NE & NE Windermere Rd,75 - Northgate - Sand Point - University District,Seattle,,47.670261,-122.270485
898,Windermere,"Seattle, WA",King,75,Sand Point Way NE & NE 61st St,75 - Northgate - Sand Point - University District,Seattle,,47.672989,-122.266663
899,Sand Point,"Seattle, WA",King,62,Sand Point Way NE & NE 65th St,75 - Northgate - Sand Point - University District,Seattle,,47.675976,-122.263428
900,Sand Point,"Seattle, WA",King,62,Sand Point Way NE & NE 70th St,75 - Northgate - Sand Point - University District,Seattle,,47.679737,-122.263519
901,Sand Point,"Seattle, WA",King,62,Sand Point Way NE & NE 74th St,75 - Northgate - Sand Point - University District,Seattle,,47.682404,-122.263573
902,Sand Point,"Seattle, WA",King,62,Sand Point Way NE & NE 77th St,75 - Northgate - Sand Point - University District,Seattle,,47.685005,-122.264465
903,"Lake City, Matthews Beach","Seattle, WA",King,75,Sand Point Way NE & Inverness Dr NE,75 - Northgate - Sand Point - University District,Seattle,,47.692825,-122.270943
904,"Lake City, Matthews Beach","Seattle, WA",King,75,Sand Point Way NE & Matthews Pl NE,75 - Northgate - Sand Point - University District,Seattle,,47.694523,-122.275177
905,"Lake City, Matthews Beach","Seattle, WA",King,75,Sand Point Way NE & NE 93rd St,75 - Northgate - Sand Point - University District,Seattle,,47.696144,-122.276566
906,"Lake City, Matthews Beach","Seattle, WA",King,75,Sand Point Way NE & NE 95th St,75 - Northgate - Sand Point - University District,Seattle,,47.697235,-122.277443
907,"Lake City, Matthews Beach","Seattle, WA",King,75,Sand Point Way NE & NE 97th St,75 - Northgate - Sand Point - University District,Seattle,,47.699093,-122.277634
908,"Lake City, Matthews Beach","Seattle, WA",King,75,Sand Point Way NE & NE 103rd St,75 - Northgate - Sand Point - University District,Seattle,,47.703087,-122.277565
909,"Lake City, Matthews Beach","Seattle, WA",King,75,Sand Point Way NE & NE 106th St,75 - Northgate - Sand Point - University District,Seattle,,47.705364,-122.278374
910,"Lake City, Matthews Beach","Seattle, WA",King,75,Sand Point Way NE & NE 110th St,75 - Northgate - Sand Point - University District,Seattle,,47.709229,-122.280212
911,"Lake City, Matthews Beach","Seattle, WA",King,75,Sand Point Way NE & NE 115th St,75 - Northgate - Sand Point - University District,Seattle,,47.712620,-122.281837
912,"Lake City, Matthews Beach","Seattle, WA",King,75,Sand Point Way NE & NE 120th St,75 - Northgate - Sand Point - University District,Seattle,,47.716015,-122.283005
913,"Cedar Park, Lake City","Seattle, WA",King,75,Sand Point Way NE & NE 123rd St,75 - Northgate - Sand Point - University District,Seattle,,47.717598,-122.283928
914,"Cedar Park, Lake City","Seattle, WA",King,75,Sand Point Way NE & NE 125th St,75 - Northgate - Sand Point - University District,Seattle,,47.719292,-122.286690
915,"Cedar Park, Lake City","Seattle, WA",King,65,NE 125th St & 35th Ave NE,75 - Northgate - Sand Point - University District,Seattle,,47.719322,-122.291412
916,"Cedar Park, Lake City","Seattle, WA",King,65,NE 125th St & 33rd Ave NE,75 - Northgate - Sand Point - University District,Seattle,,47.719338,-122.293205
917,"Lake City, Olympic Hills","Seattle, WA",King,65,NE 125th St & Lake City Way NE,75 - Northgate - Sand Point - University District,Seattle,,47.719353,-122.295776
918,"Lake City, Olympic Hills","Seattle, WA",King,75,NE 125th St & 28th Ave NE,75 - Northgate - Sand Point - University District,Seattle,,47.719364,-122.298256
919,"Lake City, Olympic Hills","Seattle, WA",King,75,NE 125th St & 25th Ave NE,75 - Northgate - Sand Point - University District,Seattle,,47.719383,-122.302246
920,"Lake City, Olympic Hills","Seattle, WA",King,75,NE 125th St & 20th Ave NE,75 - Northgate - Sand Point - University District,Seattle,,47.719437,-122.307602
921,"Northgate, Pinehurst","Seattle, WA",King,75,NE 125th St & 15th Ave NE,75 - Northgate - Sand Point - University District,Seattle,,47.719509,-122.313248
922,"Northgate, Pinehurst","Seattle, WA",King,75,NE 125th St & Roosevelt Way NE,75 - Northgate - Sand Point - University District,Seattle,,47.719528,-122.319199
923,"Northgate, Pinehurst","Seattle, WA",King,75,5th Ave NE & NE 123rd St,75 - Northgate - Sand Point - University District,Seattle,,47.717823,-122.323639
924,"Northgate, Pinehurst","Seattle, WA",King,75,5th Ave NE & NE 120th St,75 - Northgate - Sand Point - University District,Seattle,,47.715530,-122.323586
925,"Northgate, Pinehurst","Seattle, WA",King,75,5th Ave NE & NE 115th St,75 - Northgate - Sand Point - University District,Seattle,,47.712414,-122.323494
926,"Northgate, Pinehurst","Seattle, WA",King,75,5th Ave NE & NE 112th St,75 - Northgate - Sand Point - University District,Seattle,,47.709789,-122.323425
927,"Maple Leaf, Northgate","Seattle, WA",King,61,5th Ave NE & NE Northgate Way,75 - Northgate - Sand Point - University District,Seattle,,47.708195,-122.323364
928,"Maple Leaf, Northgate","Seattle, WA",King,61,5th Ave NE & Northgate Mall,75 - Northgate - Sand Point - University District,Seattle,,47.706421,-122.323311
929,"Maple Leaf, Northgate","Seattle, WA",King,67,5th Ave NE & NE 103rd St,75 - Northgate - Sand Point - University District,Seattle,,47.702755,-122.323242
930,"Maple Leaf, Northgate","Seattle, WA",King,67,NE 100th St & 4th Ave NE,75 - Northgate - Sand Point - University District,Seattle,,47.701401,-122.324051
931,,"Seattle, WA",King,40,1st Ave NE & NE 103rd St - Bay 1,75 - Northgate - Sand Point - University District,Seattle,,47.702808,-122.328423
932,,"Seattle, WA",King,79,Brooklyn Ave NE & NE Pacific St,79 - Green Lake P&R - Wedgwood - University District,Seattle,,47.653351,-122.314392
933,University District,"Seattle, WA",King,49,NE Campus Pkwy & Brooklyn Ave NE - Bay 1,79 - Green Lake P&R - Wedgwood - University District,Seattle,,47.655922,-122.313980
934,University District,"Seattle, WA",King,45,University Way NE & NE 41st St,79 - Green Lake P&R - Wedgwood - University District,Seattle,,47.657387,-122.313133
935,University District,"Seattle, WA",King,45,University Way NE & NE 43rd St,79 - Green Lake P&R - Wedgwood - University District,Seattle,,47.659683,-122.313065
936,University District,"Seattle, WA",King,45,University Way NE & NE 45th St,79 - Green Lake P&R - Wedgwood - University District,Seattle,,47.662067,-122.313011
937,University District,"Seattle, WA",King,79,NE 50th St & University Way NE,79 - Green Lake P&R - Wedgwood - University District,Seattle,,47.664829,-122.312660
938,University District,"Seattle, WA",King,79,NE 50th St & 16th Ave NE,79 - Green Lake P&R - Wedgwood - University District,Seattle,,47.664814,-122.310432
939,University District,"Seattle, WA",King,79,20th Ave NE & NE 50th St,79 - Green Lake P&R - Wedgwood - University District,Seattle,,47.665028,-122.306404
940,University District,"Seattle, WA",King,79,20th Ave NE & NE 52nd St,79 - Green Lake P&R - Wedgwood - University District,Seattle,,47.666641,-122.306404
941,University District,"Seattle, WA",King,79,20th Ave NE & NE 54th St,79 - Green Lake P&R - Wedgwood - University District,Seattle,,47.668163,-122.306389
942,University District,"Seattle, WA",King,79,NE Ravenna Blvd & 21st Ave NE,79 - Green Lake P&R - Wedgwood - University District,Seattle,,47.669239,-122.305595
943,University District,"Seattle, WA",King,79,Ravenna Ave NE & NE 54th St,79 - Green Lake P&R - Wedgwood - University District,Seattle,,47.668003,-122.303864
944,Ravenna,"Seattle, WA",King,79,NE 55th St & 25th Ave NE,79 - Green Lake P&R - Wedgwood - University District,Seattle,,47.668449,-122.300217
945,Ravenna,"Seattle, WA",King,79,NE 55th St & 27th Ave NE,79 - Green Lake P&R - Wedgwood - University District,Seattle,,47.668449,-122.298218
946,Ravenna,"Seattle, WA",King,79,NE 55th St & 30th Ave NE,79 - Green Lake P&R - Wedgwood - University District,Seattle,,47.668449,-122.295074
947,Ravenna,"Seattle, WA",King,79,NE 55th St & 33rd Ave NE,79 - Green Lake P&R - Wedgwood - University District,Seattle,,47.668449,-122.292320
948,Ravenna,"Seattle, WA",King,79,NE 55th St & 35th Ave NE,79 - Green Lake P&R - Wedgwood - University District,Seattle,,47.668446,-122.290390
949,Bryant,"Seattle, WA",King,65,NE 55th St & 36th Ave NE,79 - Green Lake P&R - Wedgwood - University District,Seattle,,47.668446,-122.288803
950,Bryant,"Seattle, WA",King,65,NE 55th St & 40th Ave NE,79 - Green Lake P&R - Wedgwood - University District,Seattle,,47.668442,-122.285049
951,Windermere,"Seattle, WA",King,79,NE 55th St & 45th Ave NE,79 - Green Lake P&R - Wedgwood - University District,Seattle,,47.669002,-122.279121
952,Windermere,"Seattle, WA",King,79,NE 55th St & Princeton Ave NE,79 - Green Lake P&R - Wedgwood - University District,Seattle,,47.669182,-122.275909
953,Windermere,"Seattle, WA",King,75,Sand Point Way NE & NE Windermere Rd,79 - Green Lake P&R - Wedgwood - University District,Seattle,,47.670261,-122.270485
954,Windermere,"Seattle, WA",King,75,Sand Point Way NE & NE 61st St,79 - Green Lake P&R - Wedgwood - University District,Seattle,,47.672989,-122.266663
955,View Ridge,"Seattle, WA",King,62,NE 65th St & Sand Point Way NE,79 - Green Lake P&R - Wedgwood - University District,Seattle,,47.675800,-122.263893
956,View Ridge,"Seattle, WA",King,62,NE 65th St & 55th Ave NE,79 - Green Lake P&R - Wedgwood - University District,Seattle,,47.675819,-122.269341
957,View Ridge,"Seattle, WA",King,62,NE 65th St & 52nd Ave NE,79 - Green Lake P&R - Wedgwood - University District,Seattle,,47.675831,-122.271843
958,View Ridge,"Seattle, WA",King,62,NE Princeton Way & Princeton Ave NE,79 - Green Lake P&R - Wedgwood - University District,Seattle,,47.674942,-122.275108
959,View Ridge,"Seattle, WA",King,79,NE 65th St & Princeton Ave NE,79 - Green Lake P&R - Wedgwood - University District,Seattle,,47.675709,-122.275513
960,View Ridge,"Seattle, WA",King,79,50th Ave NE & NE 68th St,79 - Green Lake P&R - Wedgwood - University District,Seattle,,47.677872,-122.274162
961,View Ridge,"Seattle, WA",King,79,50th Ave NE & NE 70th St,79 - Green Lake P&R - Wedgwood - University District,Seattle,,47.679260,-122.274200
962,View Ridge,"Seattle, WA",King,79,50th Ave NE & NE 73rd St,79 - Green Lake P&R - Wedgwood - University District,Seattle,,47.681404,-122.274246
963,View Ridge,"Seattle, WA",King,79,NE 75th St & 50th Ave NE,79 - Green Lake P&R - Wedgwood - University District,Seattle,,47.683102,-122.274750
964,View Ridge,"Seattle, WA",King,79,NE 75th St & 48th Ave NE,79 - Green Lake P&R - Wedgwood - University District,Seattle,,47.683102,-122.277130
965,Wedgwood,"Seattle, WA",King,79,NE 75th St & 44th Ave NE,79 - Green Lake P&R - Wedgwood - University District,Seattle,,47.683109,-122.280899
966,Wedgwood,"Seattle, WA",King,79,NE 75th St & 41st Ave NE,79 - Green Lake P&R - Wedgwood - University District,Seattle,,47.683109,-122.283646
967,,"Seattle, WA",King,79,NE 75th St & 40th Ave NE,79 - Green Lake P&R - Wedgwood - University District,Seattle,,47.683109,-122.285583
968,,"Seattle, WA",King,79,NE 75th St & 36th Ave NE,79 - Green Lake P&R - Wedgwood - University District,Seattle,,47.683113,-122.289909
969,,"Seattle, WA",King,79,NE 75th St & 31st Ave NE,79 - Green Lake P&R - Wedgwood - University District,Seattle,,47.683113,-122.294533
970,Wedgwood,County:,King,79,NE 75th St & 25th Ave NE,79 - Green Lake P&R - Wedgwood - University District,Seattle,,47.683113,-122.300484
971,,"Seattle, WA",King,79,NE 75th St & 20th Ave NE,79 - Green Lake P&R - Wedgwood - University District,Seattle,,47.683113,-122.306267
972,Roosevelt,"Seattle, WA",King,79,15th Ave NE & NE 75th St,79 - Green Lake P&R - Wedgwood - University District,Seattle,,47.682682,-122.312057
973,Roosevelt,"Seattle, WA",King,79,15th Ave NE & NE 70th St,79 - Green Lake P&R - Wedgwood - University District,Seattle,,47.679157,-122.312096
974,,"Seattle, WA",King,45,NE 65th St & 14th Ave NE,79 - Green Lake P&R - Wedgwood - University District,Seattle,,47.675865,-122.313545
975,Roosevelt,"Seattle, WA",King,45,NE 65th St & 12th Ave NE,79 - Green Lake P&R - Wedgwood - University District,Seattle,,47.675888,-122.315994
976,Green Lake,"Seattle, WA",King,45,NE 65th St & Oswego Pl NE,79 - Green Lake P&R - Wedgwood - University District,Seattle,,47.675930,-122.321167
977,International District,"Seattle, WA",King,101,4th Ave S & S Jackson St,256 - Woodinville - Downtown Seattle,Seattle,,47.598812,-122.328903
978,International District,"Seattle, WA",King,111,4th Ave S & S Washington St,256 - Woodinville - Downtown Seattle,Seattle,,47.601311,-122.328903
979,Central Business District,"Seattle, WA",King,111,4th Ave & Cherry St,256 - Woodinville - Downtown Seattle,Seattle,,47.604321,-122.331169
980,Central Business District,"Seattle, WA",King,111,4th Ave & Seneca St,256 - Woodinville - Downtown Seattle,Seattle,,47.607498,-122.334076
981,Central Business District,"Seattle, WA",King,101,4th Ave & Pike St,256 - Woodinville - Downtown Seattle,Seattle,,47.610951,-122.337250
982,"Belltown, Denny Regrade","Seattle, WA",King,212,4th Ave & Stewart St,256 - Woodinville - Downtown Seattle,Seattle,,47.612667,-122.339203
983,"Belltown, Denny Regrade","Seattle, WA",King,7,Virginia St & 6th Ave,256 - Woodinville - Downtown Seattle,Seattle,,47.614227,-122.338394
984,"Belltown, Denny Regrade","Seattle, WA",King,70,Virginia St & 9th Ave,256 - Woodinville - Downtown Seattle,Seattle,,47.616547,-122.335388
985,"Belltown, Denny Regrade","Seattle, WA",King,70,Fairview Ave & Denny Way,256 - Woodinville - Downtown Seattle,Seattle,,47.618874,-122.334198
986,Cascade,"Seattle, WA",King,70,Fairview Ave N & Harrison St,256 - Woodinville - Downtown Seattle,Seattle,,47.622276,-122.334229
987,,"Medina, WA",King,255,SR 520 & Evergreen Point Rd,256 - Woodinville - Downtown Seattle,Seattle,,47.636810,-122.236595
988,,"Yarrow Point, WA",King,255,Clyde Hill/Yarrow Pt & SR-520 - 92nd Avenue,256 - Woodinville - Downtown Seattle,Seattle,,47.640091,-122.218277
989,North Juanita,"Kirkland, WA",King,225,Kingsgate P&R & 116th Way NE,256 - Woodinville - Downtown Seattle,Seattle,,47.716454,-122.187599
990,Totem Lake,"Kirkland, WA",King,256,I-405 & Totem Lake Freeway Station,256 - Woodinville - Downtown Seattle,Seattle,,47.715427,-122.185509
991,Oskams Corner,"Bothell, WA",King,239,I-405 & Juanita Woodinville Way NE,256 - Woodinville - Downtown Seattle,Seattle,,47.741295,-122.187675
992,Oskams Corner,"Bothell, WA",King,231,Juanita Woodinville Way NE & 115th Ave NE,256 - Woodinville - Downtown Seattle,Seattle,,47.740597,-122.189110
993,,"Bothell, WA",King,256,I-405 Ramp & NE 160th St,256 - Woodinville - Downtown Seattle,Seattle,,47.743870,-122.186272
994,,"Woodinville, WA",King,256,SR 522 & 132nd Ave NE,256 - Woodinville - Downtown Seattle,Seattle,,47.757515,-122.164566
995,,"Woodinville, WA",King,256,NE 175th St & 133rd Ave NE,256 - Woodinville - Downtown Seattle,Seattle,,47.754410,-122.161148
996,,"Woodinville, WA",King,256,NE 175th St & 135th Ave NE,256 - Woodinville - Downtown Seattle,Seattle,,47.754414,-122.157692
997,,"Woodinville, WA",King,231,138th Pl NE & NE 175th St,256 - Woodinville - Downtown Seattle,Seattle,,47.755146,-122.155113
998,,"Woodinville, WA",King,231,138th Pl NE & NE 178th Pl,256 - Woodinville - Downtown Seattle,Seattle,,47.756981,-122.154991
999,,"Woodinville, WA",King,231,NE 178th Pl & 138th Pl NE,256 - Woodinville - Downtown Seattle,Seattle,,47.756855,-122.154114
1000,,"Woodinville, WA",King,231,Woodinville Park And Ride,256 - Woodinville - Downtown Seattle,Seattle,,47.757122,-122.151436
1001,"Genesee, West Seattle, West Seattle Junction","Seattle, WA",King,50,SW Alaska St & 44th Ave SW - Bay 2,773 - Alaska Junction - Seacrest Park,Seattle,,47.561070,-122.387527
1002,"Genesee, West Seattle, West Seattle Junction","Seattle, WA",King,50,SW Alaska St & 42nd Ave SW,773 - Alaska Junction - Seacrest Park,Seattle,,47.561012,-122.384987
1003,"Seaview, West Seattle, West Seattle Junction","Seattle, WA",King,22,California Ave SW & Erskine Way SW,773 - Alaska Junction - Seacrest Park,Seattle,,47.558594,-122.386955
1004,"Seaview, West Seattle","Seattle, WA",King,22,California Ave SW & SW Dawson St,773 - Alaska Junction - Seacrest Park,Seattle,,47.555512,-122.387039
1005,"Seaview, West Seattle","Seattle, WA",King,22,California Ave SW & SW Findlay St,773 - Alaska Junction - Seacrest Park,Seattle,,47.551769,-122.387146
1006,"Seaview, West Seattle","Seattle, WA",King,22,California Ave SW & SW Raymond St,773 - Alaska Junction - Seacrest Park,Seattle,,47.548256,-122.387260
1007,"Gatewood, West Seattle","Seattle, WA",King,773,Fauntleroy Way SW & SW Morgan St,773 - Alaska Junction - Seacrest Park,Seattle,,47.544998,-122.386086
1008,"Fairmount Park, West Seattle","Seattle, WA",King,773,Fauntleroy Way SW & SW Juneau St,773 - Alaska Junction - Seacrest Park,Seattle,,47.550434,-122.381996
1009,"Fairmount Park, West Seattle","Seattle, WA",King,773,Fauntleroy Way SW & SW Dawson St,773 - Alaska Junction - Seacrest Park,Seattle,,47.555935,-122.381424
1010,"Fairmount Park, West Seattle","Seattle, WA",King,773,Fauntleroy Way SW & SW Alaska St,773 - Alaska Junction - Seacrest Park,Seattle,,47.560497,-122.381371
1011,"Fairmount Park, West Seattle","Seattle, WA",King,50,SW Alaska St & 36th Ave SW,773 - Alaska Junction - Seacrest Park,Seattle,,47.561001,-122.377090
1012,"Delridge, North Delridge","Seattle, WA",King,21,35th Ave SW & SW Avalon Way,773 - Alaska Junction - Seacrest Park,Seattle,,47.563568,-122.376099
1013,"Delridge, North Delridge","Seattle, WA",King,21,SW Avalon Way & SW Genesee St,773 - Alaska Junction - Seacrest Park,Seattle,,47.564945,-122.372284
1014,"Delridge, North Delridge","Seattle, WA",King,21,SW Avalon Way & SW Yancy St,773 - Alaska Junction - Seacrest Park,Seattle,,47.567883,-122.370674
1015,"Delridge, North Delridge","Seattle, WA",King,21,SW Avalon Way & SW Charlestown St,773 - Alaska Junction - Seacrest Park,Seattle,,47.570095,-122.370605
1016,Industrial District,"Seattle, WA",King,773,Harbor Ave SW & 30th Ave SW,773 - Alaska Junction - Seacrest Park,Seattle,,47.572018,-122.370636
1017,Industrial District,"Seattle, WA",King,773,Harbor Ave SW & SW Harbor Ln,773 - Alaska Junction - Seacrest Park,Seattle,,47.576755,-122.371346
1018,Industrial District,"Seattle, WA",King,773,Harbor Ave SW & SW Florida St,773 - Alaska Junction - Seacrest Park,Seattle,,47.581810,-122.372971
1019,Industrial District,"Seattle, WA",King,773,Harbor Ave SW & Fauntleroy Ave SW,773 - Alaska Junction - Seacrest Park,Seattle,,47.582909,-122.373764
1020,Industrial District,"Seattle, WA",King,773,Harbor Ave SW & 2100 Block,773 - Alaska Junction - Seacrest Park,Seattle,,47.584477,-122.375114
1021,Industrial District,"Seattle, WA",King,773,Harbor Ave SW & Fairmount Ave SW,773 - Alaska Junction - Seacrest Park,Seattle,,47.587460,-122.378593
1022,Industrial District,"Seattle, WA",King,773,Harbor Ave SW & California Way SW,773 - Alaska Junction - Seacrest Park,Seattle,,47.589245,-122.381042
1023,Industrial District,"Seattle, WA",King,773,Harbor Ave SW & California Way SW,775 - Seacrest Park - Admiral Junction - Alki,Seattle,,47.589245,-122.381042
1024,"North Admiral, West Seattle","Seattle, WA",King,128,California Ave SW & SW Seattle St,775 - Seacrest Park - Admiral Junction - Alki,Seattle,,47.589073,-122.386345
1025,"North Admiral, West Seattle","Seattle, WA",King,128,California Ave SW & SW Massachusetts St,775 - Seacrest Park - Admiral Junction - Alki,Seattle,,47.587795,-122.386398
1026,"North Admiral, West Seattle","Seattle, WA",King,775,California Ave SW & SW Holgate St,775 - Seacrest Park - Admiral Junction - Alki,Seattle,,47.586521,-122.386436
1027,"North Admiral, West Seattle","Seattle, WA",King,128,California Ave SW & SW Hill St,775 - Seacrest Park - Admiral Junction - Alki,Seattle,,47.585449,-122.386475
1028,"North Admiral, West Seattle","Seattle, WA",King,128,California Ave SW & SW Walker St,775 - Seacrest Park - Admiral Junction - Alki,Seattle,,47.583756,-122.386543
1029,"North Admiral, West Seattle","Seattle, WA",King,128,California Ave SW & SW College St,775 - Seacrest Park - Admiral Junction - Alki,Seattle,,47.582775,-122.386589
1030,"North Admiral, West Seattle","Seattle, WA",King,50,SW Admiral Way & California Ave SW,775 - Seacrest Park - Admiral Junction - Alki,Seattle,,47.581268,-122.386871
1031,"North Admiral, West Seattle","Seattle, WA",King,50,SW Admiral Way & SW Waite St,775 - Seacrest Park - Admiral Junction - Alki,Seattle,,47.581047,-122.392273
1032,"North Admiral, West Seattle","Seattle, WA",King,50,SW Admiral Way & 49th Ave SW,775 - Seacrest Park - Admiral Junction - Alki,Seattle,,47.579819,-122.393707
1033,"North Admiral, West Seattle","Seattle, WA",King,50,SW Admiral Way & 51st Ave SW,775 - Seacrest Park - Admiral Junction - Alki,Seattle,,47.579334,-122.397163
1034,"Alki, West Seattle","Seattle, WA",King,50,SW Admiral Way & SW Lander St,775 - Seacrest Park - Admiral Junction - Alki,Seattle,,47.578899,-122.400673
1035,"Alki, West Seattle","Seattle, WA",King,50,SW Admiral Way & 57th Ave SW,775 - Seacrest Park - Admiral Junction - Alki,Seattle,,47.577168,-122.405319
1036,"Alki, West Seattle","Seattle, WA",King,50,SW Admiral Way & 61st Ave SW,775 - Seacrest Park - Admiral Junction - Alki,Seattle,,47.575974,-122.410660
1037,"Alki, West Seattle","Seattle, WA",King,50,63rd Ave SW & SW Admiral Way,775 - Seacrest Park - Admiral Junction - Alki,Seattle,,47.576240,-122.413239
1038,"Alki, West Seattle","Seattle, WA",King,50,63rd Ave SW & Alki Ave SW,775 - Seacrest Park - Admiral Junction - Alki,Seattle,,47.578209,-122.413185
1039,Yesler Terrace,"Seattle, WA",King,1,S Jackson St & 12th Ave S,1 - Kinnear -  Seattle,Trolley,,47.599270,-122.317741
1040,International District,"Seattle, WA",King,1,S Jackson St & 8th Ave S,1 - Kinnear -  Seattle,Trolley,,47.599266,-122.322327
1041,International District,"Seattle, WA",King,1,S Jackson St & Maynard Ave S,1 - Kinnear -  Seattle,Trolley,,47.599262,-122.325470
1042,International District,"Seattle, WA",King,1,S Jackson St & 5th Ave S,1 - Kinnear -  Seattle,Trolley,,47.599266,-122.328384
1043,Pioneer Square,"Seattle, WA",King,1,Prefontaine Pl S & Yesler Way,1 - Kinnear -  Seattle,Trolley,,47.601658,-122.329941
1044,Central Business District,"Seattle, WA",King,1,3rd Ave & Columbia St,1 - Kinnear -  Seattle,Trolley,,47.604095,-122.332504
1045,Central Business District,"Seattle, WA",King,1,3rd Ave & Seneca St,1 - Kinnear -  Seattle,Trolley,,47.607052,-122.335213
1046,Central Business District,"Seattle, WA",King,1,3rd Ave & Pike St,1 - Kinnear -  Seattle,Trolley,,47.609642,-122.337585
1047,"Belltown, Denny Regrade","Seattle, WA",King,1,3rd Ave & Virginia St,1 - Kinnear -  Seattle,Trolley,,47.612995,-122.341743
1048,"Belltown, Denny Regrade","Seattle, WA",King,1,3rd Ave & Bell St,1 - Kinnear -  Seattle,Trolley,,47.615120,-122.345337
1049,"Belltown, Denny Regrade","Seattle, WA",King,1,3rd Ave & Vine St,1 - Kinnear -  Seattle,Trolley,,47.616959,-122.348450
1050,Belltown,"Seattle, WA",King,1,1st Ave & Broad St,1 - Kinnear -  Seattle,Trolley,,47.617207,-122.352859
1051,,"Seattle, WA",King,1,1st Ave N & Denny Way,1 - Kinnear -  Seattle,Trolley,,47.619118,-122.355362
1052,Queen Anne,"Seattle, WA",King,1,1st Ave N & Republican St,1 - Kinnear -  Seattle,Trolley,,47.623123,-122.355309
1053,Queen Anne,"Seattle, WA",King,1,Mercer St & Queen Anne Ave N,1 - Kinnear -  Seattle,Trolley,,47.624649,-122.356552
1054,Queen Anne,"Seattle, WA",King,1,2nd Ave W & W Roy St,1 - Kinnear -  Seattle,Trolley,,47.625992,-122.359215
1055,Queen Anne,"Seattle, WA",King,1,W Olympic Pl & 3rd Ave W,1 - Kinnear -  Seattle,Trolley,,47.626793,-122.360535
1056,Queen Anne,"Seattle, WA",King,1,W Olympic Pl & 5th Ave W,1 - Kinnear -  Seattle,Trolley,,47.626797,-122.363159
1057,West Queen Anne,"Seattle, WA",King,1,Olympic Way W & 7th Ave W,1 - Kinnear -  Seattle,Trolley,,47.627846,-122.366371
1058,West Queen Anne,"Seattle, WA",King,1,Olympic Way W & W Prospect St,1 - Kinnear -  Seattle,Trolley,,47.629067,-122.367966
1059,West Queen Anne,"Seattle, WA",King,1,Olympic Way W & W Lee St,1 - Kinnear -  Seattle,Trolley,,47.631279,-122.370110
1060,West Queen Anne,"Seattle, WA",King,1,10th Ave W & W Galer St,1 - Kinnear -  Seattle,Trolley,,47.632503,-122.370308
1061,West Queen Anne,"Seattle, WA",King,1,10th Ave W & W Blaine St,1 - Kinnear -  Seattle,Trolley,,47.634956,-122.370262
1062,West Queen Anne,"Seattle, WA",King,1,10th Ave W & W Howe St,1 - Kinnear -  Seattle,Trolley,,47.636158,-122.370247
1063,West Queen Anne,"Seattle, WA",King,1,10th Ave W & W Crockett St,1 - Kinnear -  Seattle,Trolley,,47.637974,-122.370224
1064,Queen Anne,"Seattle, WA",King,1,10th Ave W & W Mcgraw St,1 - Kinnear -  Seattle,Trolley,,47.639767,-122.370087
1065,Queen Anne,"Seattle, WA",King,1,10th Ave W & W Halladay St,1 - Kinnear -  Seattle,Trolley,,47.642193,-122.369965
1066,Queen Anne,"Seattle, WA",King,1,10th Ave W & W Newell St,1 - Kinnear -  Seattle,Trolley,,47.644455,-122.370087
1067,Queen Anne,"Seattle, WA",King,1,9th Ave W & W Armour St,1 - Kinnear -  Seattle,Trolley,,47.645317,-122.369278
1068,Queen Anne,"Seattle, WA",King,1,10th Ave W & W Fulton St,1 - Kinnear -  Seattle,Trolley,,47.645111,-122.370277
1069,Queen Anne,"Seattle, WA",King,2,7th Ave W & W Pleasant Pl,2 - West Queen Anne - Seattle - Madrona Park,Trolley,,47.642651,-122.366356
1070,West Queen Anne,"Seattle, WA",King,2,W Mcgraw St & 6th Ave W,2 - West Queen Anne - Seattle - Madrona Park,Trolley,,47.639515,-122.365318
1071,West Queen Anne,"Seattle, WA",King,2,6th Ave W & W Crockett St,2 - West Queen Anne - Seattle - Madrona Park,Trolley,,47.637566,-122.365089
1072,West Queen Anne,"Seattle, WA",King,2,6th Ave W & W Howe St,2 - West Queen Anne - Seattle - Madrona Park,Trolley,,47.636024,-122.365097
1073,West Queen Anne,"Seattle, WA",King,2,6th Ave W & W Blaine St,2 - West Queen Anne - Seattle - Madrona Park,Trolley,,47.634525,-122.365128
1074,West Queen Anne,"Seattle, WA",King,2,6th Ave W & W Galer St,2 - West Queen Anne - Seattle - Madrona Park,Trolley,,47.632458,-122.365158
1075,Queen Anne,"Seattle, WA",King,2,W Galer St & 5th Ave W,2 - West Queen Anne - Seattle - Madrona Park,Trolley,,47.632263,-122.362793
1076,Queen Anne,"Seattle, WA",King,2,W Galer St & 2nd Ave W,2 - West Queen Anne - Seattle - Madrona Park,Trolley,,47.632244,-122.358505
1077,Queen Anne,"Seattle, WA",King,2,Queen Anne Ave N & W Galer St,2 - West Queen Anne - Seattle - Madrona Park,Trolley,,47.631836,-122.356697
1078,Queen Anne,"Seattle, WA",King,2,Queen Anne Ave N & W Highland Dr,2 - West Queen Anne - Seattle - Madrona Park,Trolley,,47.629612,-122.356728
1079,Queen Anne,"Seattle, WA",King,2,Queen Anne Ave N & W Prospect St,2 - West Queen Anne - Seattle - Madrona Park,Trolley,,47.628513,-122.356781
1080,Queen Anne,"Seattle, WA",King,2,Queen Anne Ave N & W Aloha St,2 - West Queen Anne - Seattle - Madrona Park,Trolley,,47.626545,-122.356796
1081,Queen Anne,"Seattle, WA",King,1,Queen Anne Ave N & W Mercer St,2 - West Queen Anne - Seattle - Madrona Park,Trolley,,47.624062,-122.356812
1082,Queen Anne,"Seattle, WA",King,1,Queen Anne Ave N & W Harrison St,2 - West Queen Anne - Seattle - Madrona Park,Trolley,,47.621834,-122.356819
1083,Queen Anne,"Seattle, WA",King,1,Queen Anne Ave N & W John St,2 - West Queen Anne - Seattle - Madrona Park,Trolley,,47.619267,-122.356850
1084,Belltown,"Seattle, WA",King,1,Denny Way & 2nd Ave N,2 - West Queen Anne - Seattle - Madrona Park,Trolley,,47.618515,-122.351715
1085,Belltown,"Seattle, WA",King,1,3rd Ave & Cedar St,2 - West Queen Anne - Seattle - Madrona Park,Trolley,,47.616776,-122.348450
1086,Belltown,"Seattle, WA",King,1,3rd Ave & Bell St,2 - West Queen Anne - Seattle - Madrona Park,Trolley,,47.614300,-122.344269
1087,Belltown,"Seattle, WA",King,1,3rd Ave & Virginia St,2 - West Queen Anne - Seattle - Madrona Park,Trolley,,47.612438,-122.341110
1088,Central Business District,"Seattle, WA",King,1,3rd Ave & Pine St,2 - West Queen Anne - Seattle - Madrona Park,Trolley,,47.610897,-122.338966
1089,Central Business District,"Seattle, WA",King,1,3rd Ave & Union St,2 - West Queen Anne - Seattle - Madrona Park,Trolley,,47.608253,-122.336548
1090,Central Business District,"Seattle, WA",King,1,3rd Ave & Marion St,2 - West Queen Anne - Seattle - Madrona Park,Trolley,,47.604996,-122.333572
1091,Pioneer Square,"Seattle, WA",King,1,3rd Ave & James St,2 - West Queen Anne - Seattle - Madrona Park,Trolley,,47.602818,-122.331581
1092,Pioneer Square,"Seattle, WA",King,1,3rd Ave S & S Main St,2 - West Queen Anne - Seattle - Madrona Park,Trolley,,47.600239,-122.330376
1093,International District,"Seattle, WA",King,1,S Jackson St & 5th Ave S,2 - West Queen Anne - Seattle - Madrona Park,Trolley,,47.599125,-122.328041
1094,Central Business District,"Seattle, WA",King,2,Spring St & 4th Ave,2 - West Queen Anne - Seattle - Madrona Park,Trolley,,47.606911,-122.333092
1095,First Hill,"Seattle, WA",King,2,Seneca St & 8th Ave,2 - West Queen Anne - Seattle - Madrona Park,Trolley,,47.609253,-122.329842
1096,First Hill,"Seattle, WA",King,2,Seneca St & 9th Ave,2 - West Queen Anne - Seattle - Madrona Park,Trolley,,47.609890,-122.328316
1097,First Hill,"Seattle, WA",King,2,Seneca St & Boren Ave,2 - West Queen Anne - Seattle - Madrona Park,Trolley,,47.610809,-122.326126
1098,First Hill,"Seattle, WA",King,2,Seneca St & Summit Ave,2 - West Queen Anne - Seattle - Madrona Park,Trolley,,47.611763,-122.323883
1099,First Hill,"Seattle, WA",King,2,Seneca St & Boylston Ave,2 - West Queen Anne - Seattle - Madrona Park,Trolley,,47.612221,-122.322777
1100,First Hill,"Seattle, WA",King,2,E Union St & Broadway,2 - West Queen Anne - Seattle - Madrona Park,Trolley,,47.612884,-122.320389
1101,,"Seattle, WA",King,2,E Madison St & 12th Ave,2 - West Queen Anne - Seattle - Madrona Park,Trolley,,47.612480,-122.317429
1102,,"Seattle, WA",King,2,E Union St & 13th Ave,2 - West Queen Anne - Seattle - Madrona Park,Trolley,,47.612839,-122.315636
1103,"Central District, Minor, Squire Park","Seattle, WA",King,2,E Union St & 18th Ave,2 - West Queen Anne - Seattle - Madrona Park,Trolley,,47.612839,-122.309021
1104,"Central District, Minor, Squire Park","Seattle, WA",King,2,E Union St & 20th Ave,2 - West Queen Anne - Seattle - Madrona Park,Trolley,,47.612839,-122.306412
1105,"Central District, Mann","Seattle, WA",King,2,E Union St & 23rd Ave,2 - West Queen Anne - Seattle - Madrona Park,Trolley,,47.612881,-122.301758
1106,"Central District, Mann","Seattle, WA",King,2,E Union St & 26th Ave,2 - West Queen Anne - Seattle - Madrona Park,Trolley,,47.612862,-122.298477
1107,"Central District, Madrona","Seattle, WA",King,2,E Union St & Martin L King Jr Way,2 - West Queen Anne - Seattle - Madrona Park,Trolley,,47.612896,-122.295654
1108,"Central District, Madrona","Seattle, WA",King,2,E Union St & 30th Ave,2 - West Queen Anne - Seattle - Madrona Park,Trolley,,47.612881,-122.293755
1109,"Central District, Madrona","Seattle, WA",King,2,E Union St & 32nd Ave,2 - West Queen Anne - Seattle - Madrona Park,Trolley,,47.612839,-122.291183
1110,"Central District, Madrona","Seattle, WA",King,2,34th Ave & E Pike St,2 - West Queen Anne - Seattle - Madrona Park,Trolley,,47.614422,-122.289162
1111,"Central District, Madrona","Seattle, WA",King,2,34th Ave & E Olive St,2 - West Queen Anne - Seattle - Madrona Park,Trolley,,47.616692,-122.289093
1112,"Central District, Madrona","Seattle, WA",King,2,34th Ave & E Howell St,2 - West Queen Anne - Seattle - Madrona Park,Trolley,,47.617557,-122.289078
1113,"Central District, Madrona","Seattle, WA",King,2,Madrona Dr & 38th Ave,2 - West Queen Anne - Seattle - Madrona Park,Trolley,,47.618164,-122.285149
1114,"Central District, Madrona","Seattle, WA",King,2,Madrona Dr & E Olive St,2 - West Queen Anne - Seattle - Madrona Park,Trolley,,47.616528,-122.284698
1115,"Central District, Madrona","Seattle, WA",King,2,Madrona Dr & E Pine St,2 - West Queen Anne - Seattle - Madrona Park,Trolley,,47.615009,-122.283859
1116,"Central District, Madrona","Seattle, WA",King,2,Madrona Dr & Newport Way,2 - West Queen Anne - Seattle - Madrona Park,Trolley,,47.613480,-122.282730
1117,"Central District, Madrona","Seattle, WA",King,2,Madrona Park & Lake Washington Blvd,2 - West Queen Anne - Seattle - Madrona Park,Trolley,,47.612190,-122.281700
1118,"Broadway, Capitol Hill","Seattle, WA",King,3,Bellevue Ave E & Bellevue Pl E,3 - Seattle Pacific University - Seattle - Madrona,Trolley,,47.626289,-122.326691
1119,"Broadway, Capitol Hill","Seattle, WA",King,3,Bellevue Ave E & E Republican St,3 - Seattle Pacific University - Seattle - Madrona,Trolley,,47.623188,-122.326698
1120,"Broadway, Capitol Hill","Seattle, WA",King,3,Bellevue Ave E & E Thomas St,3 - Seattle Pacific University - Seattle - Madrona,Trolley,,47.620651,-122.326691
1121,"Broadway, Capitol Hill","Seattle, WA",King,3,Bellevue Ave E & E Denny Way,3 - Seattle Pacific University - Seattle - Madrona,Trolley,,47.618645,-122.326820
1122,"Broadway, Capitol Hill","Seattle, WA",King,3,Bellevue Ave & E Olive Way,3 - Seattle Pacific University - Seattle - Madrona,Trolley,,47.616734,-122.326889
1123,"Broadway, Capitol Hill","Seattle, WA",King,3,E Pine St & Bellevue Ave,3 - Seattle Pacific University - Seattle - Madrona,Trolley,,47.615299,-122.327271
1124,Central Business District,"Seattle, WA",King,3,Pine St & 9th Ave,3 - Seattle Pacific University - Seattle - Madrona,Trolley,,47.613377,-122.332603
1125,Central Business District,"Seattle, WA",King,3,Pine St & 5th Ave,3 - Seattle Pacific University - Seattle - Madrona,Trolley,,47.611767,-122.336456
1126,Central Business District,"Seattle, WA",King,1,3rd Ave & Pine St,3 - Seattle Pacific University - Seattle - Madrona,Trolley,,47.610897,-122.338966
1127,Central Business District,"Seattle, WA",King,1,3rd Ave & Union St,3 - Seattle Pacific University - Seattle - Madrona,Trolley,,47.608253,-122.336548
1128,Central Business District,"Seattle, WA",King,1,3rd Ave & Marion St,3 - Seattle Pacific University - Seattle - Madrona,Trolley,,47.604996,-122.333572
1129,Pioneer Square,"Seattle, WA",King,1,3rd Ave & James St,3 - Seattle Pacific University - Seattle - Madrona,Trolley,,47.602818,-122.331581
1130,Pioneer Square,"Seattle, WA",King,1,3rd Ave S & S Main St,3 - Seattle Pacific University - Seattle - Madrona,Trolley,,47.600239,-122.330376
1131,International District,"Seattle, WA",King,1,S Jackson St & 5th Ave S,3 - Seattle Pacific University - Seattle - Madrona,Trolley,,47.599125,-122.328041
1132,Pioneer Square,"Seattle, WA",King,3,James St & 3rd Ave,3 - Seattle Pacific University - Seattle - Madrona,Trolley,,47.602932,-122.330826
1133,Pioneer Square,"Seattle, WA",King,3,James St & 5th Ave,3 - Seattle Pacific University - Seattle - Madrona,Trolley,,47.603771,-122.328773
1134,Yesler Terrace,"Seattle, WA",King,3,James St & 8th Ave,3 - Seattle Pacific University - Seattle - Madrona,Trolley,,47.605164,-122.325500
1135,Yesler Terrace,"Seattle, WA",King,3,9th Ave & Jefferson St,3 - Seattle Pacific University - Seattle - Madrona,Trolley,,47.604874,-122.324242
1136,Yesler Terrace,"Seattle, WA",King,3,E Jefferson St & Broadway,3 - Seattle Pacific University - Seattle - Madrona,Trolley,,47.606144,-122.320229
1137,"Central District, Minor, Squire Park","Seattle, WA",King,3,E Jefferson St & 12th Ave,3 - Seattle Pacific University - Seattle - Madrona,Trolley,,47.606125,-122.316376
1138,"Central District, Minor, Squire Park","Seattle, WA",King,3,E Jefferson St & 14th Ave,3 - Seattle Pacific University - Seattle - Madrona,Trolley,,47.606125,-122.313560
1139,"Central District, Minor, Squire Park","Seattle, WA",King,3,E Jefferson St & 17th Ave,3 - Seattle Pacific University - Seattle - Madrona,Trolley,,47.606110,-122.309929
1140,"Central District, Minor, Squire Park","Seattle, WA",King,3,E Jefferson St & 20th Ave,3 - Seattle Pacific University - Seattle - Madrona,Trolley,,47.606098,-122.305962
1141,"Central District, Minor, Squire Park","Seattle, WA",King,3,21st Ave & E James St,3 - Seattle Pacific University - Seattle - Madrona,Trolley,,47.607399,-122.304924
1142,"Central District, Mann","Seattle, WA",King,3,E Cherry St & 23rd Ave,3 - Seattle Pacific University - Seattle - Madrona,Trolley,,47.607937,-122.302330
1143,"Central District, Mann","Seattle, WA",King,3,E Cherry St & 25th Ave,3 - Seattle Pacific University - Seattle - Madrona,Trolley,,47.607937,-122.299774
1144,"Central District, Mann","Seattle, WA",King,3,E Cherry St & Martin L King Jr Way,3 - Seattle Pacific University - Seattle - Madrona,Trolley,,47.607929,-122.296364
1145,"Central District, Leschi","Seattle, WA",King,3,E Cherry St & 31st Ave,3 - Seattle Pacific University - Seattle - Madrona,Trolley,,47.607906,-122.292305
1146,"Central District, Leschi","Seattle, WA",King,3,E Cherry St & 33rd Ave,3 - Seattle Pacific University - Seattle - Madrona,Trolley,,47.607883,-122.290253
1147,"Central District, Madrona","Seattle, WA",King,3,34th Ave & E Columbia St,3 - Seattle Pacific University - Seattle - Madrona,Trolley,,47.609474,-122.289299
1148,"Central District, Madrona","Seattle, WA",King,3,E Spring St & 34th Ave,3 - Seattle Pacific University - Seattle - Madrona,Trolley,,47.611713,-122.290230
1149,"Central District, Madrona","Seattle, WA",King,3,34th Ave & E Union St,3 - Seattle Pacific University - Seattle - Madrona,Trolley,,47.612503,-122.289421
1150,Queen Anne,"Seattle, WA",King,4,3rd Ave W & W Cremona St,4 - Seattle Pacific University - Seattle - Judkins Park,Trolley,,47.648830,-122.360985
1151,Queen Anne,"Seattle, WA",King,4,3rd Ave W & W Fulton St,4 - Seattle Pacific University - Seattle - Judkins Park,Trolley,,47.645470,-122.361000
1152,Queen Anne,"Seattle, WA",King,4,3rd Ave W & W Raye St,4 - Seattle Pacific University - Seattle - Judkins Park,Trolley,,47.643066,-122.361031
1153,Queen Anne,"Seattle, WA",King,4,3rd Ave W & W Smith St,4 - Seattle Pacific University - Seattle - Judkins Park,Trolley,,47.641590,-122.361031
1154,Queen Anne,"Seattle, WA",King,4,3rd Ave W & W Mcgraw St,4 - Seattle Pacific University - Seattle - Judkins Park,Trolley,,47.639839,-122.361046
1155,West Queen Anne,"Seattle, WA",King,4,W Mcgraw St & 2nd Ave W,4 - Seattle Pacific University - Seattle - Judkins Park,Trolley,,47.639515,-122.359184
1156,West Queen Anne,"Seattle, WA",King,4,Queen Anne Ave N & W Mcgraw St,4 - Seattle Pacific University - Seattle - Judkins Park,Trolley,,47.639320,-122.357010
1157,Queen Anne,"Seattle, WA",King,4,Boston St & Queen Anne Ave N,4 - Seattle Pacific University - Seattle - Judkins Park,Trolley,,47.638325,-122.356552
1158,Queen Anne,"Seattle, WA",King,4,Boston St & Warren Ave N,4 - Seattle Pacific University - Seattle - Judkins Park,Trolley,,47.638195,-122.354500
1159,Queen Anne,"Seattle, WA",King,4,Boston St & Nob Hill Ave N,4 - Seattle Pacific University - Seattle - Judkins Park,Trolley,,47.638187,-122.350853
1160,Queen Anne,"Seattle, WA",King,4,Boston St & Bigelow Ave N,4 - Seattle Pacific University - Seattle - Judkins Park,Trolley,,47.638187,-122.348404
1161,Queen Anne,"Seattle, WA",King,4,5th Ave N & Newton St,4 - Seattle Pacific University - Seattle - Judkins Park,Trolley,,47.636307,-122.347229
1162,Queen Anne,"Seattle, WA",King,4,Taylor Ave N & Blaine St,4 - Seattle Pacific University - Seattle - Judkins Park,Trolley,,47.634609,-122.347519
1163,Queen Anne,"Seattle, WA",King,4,Taylor Ave N & Garfield St,4 - Seattle Pacific University - Seattle - Judkins Park,Trolley,,47.633144,-122.346054
1164,Queen Anne,"Seattle, WA",King,4,Taylor Ave N & Lee St,4 - Seattle Pacific University - Seattle - Judkins Park,Trolley,,47.631092,-122.346375
1165,Queen Anne,"Seattle, WA",King,4,Taylor Ave N & Prospect St,4 - Seattle Pacific University - Seattle - Judkins Park,Trolley,,47.628971,-122.346344
1166,,"Seattle, WA",King,4,5th Ave N & Valley St,4 - Seattle Pacific University - Seattle - Judkins Park,Trolley,,47.625935,-122.347656
1167,Queen Anne,"Seattle, WA",King,4,5th Ave N & Republican St,4 - Seattle Pacific University - Seattle - Judkins Park,Trolley,,47.623612,-122.347672
1168,Queen Anne,"Seattle, WA",King,4,5th Ave N & Broad St,4 - Seattle Pacific University - Seattle - Judkins Park,Trolley,,47.621288,-122.347710
1169,Cascade,"Seattle, WA",King,4,5th Ave N & Denny Way,4 - Seattle Pacific University - Seattle - Judkins Park,Trolley,,47.619213,-122.347725
1170,Belltown,"Seattle, WA",King,1,3rd Ave & Cedar St,4 - Seattle Pacific University - Seattle - Judkins Park,Trolley,,47.616776,-122.348450
1171,Belltown,"Seattle, WA",King,1,3rd Ave & Bell St,4 - Seattle Pacific University - Seattle - Judkins Park,Trolley,,47.614300,-122.344269
1172,Belltown,"Seattle, WA",King,1,3rd Ave & Virginia St,4 - Seattle Pacific University - Seattle - Judkins Park,Trolley,,47.612438,-122.341110
1173,Central Business District,"Seattle, WA",King,1,3rd Ave & Pine St,4 - Seattle Pacific University - Seattle - Judkins Park,Trolley,,47.610897,-122.338966
1174,Central Business District,"Seattle, WA",King,1,3rd Ave & Union St,4 - Seattle Pacific University - Seattle - Judkins Park,Trolley,,47.608253,-122.336548
1175,Central Business District,"Seattle, WA",King,1,3rd Ave & Marion St,4 - Seattle Pacific University - Seattle - Judkins Park,Trolley,,47.604996,-122.333572
1176,Pioneer Square,"Seattle, WA",King,1,3rd Ave & James St,4 - Seattle Pacific University - Seattle - Judkins Park,Trolley,,47.602818,-122.331581
1177,Pioneer Square,"Seattle, WA",King,1,3rd Ave S & S Main St,4 - Seattle Pacific University - Seattle - Judkins Park,Trolley,,47.600239,-122.330376
1178,International District,"Seattle, WA",King,1,S Jackson St & 5th Ave S,4 - Seattle Pacific University - Seattle - Judkins Park,Trolley,,47.599125,-122.328041
1179,Pioneer Square,"Seattle, WA",King,3,James St & 3rd Ave,4 - Seattle Pacific University - Seattle - Judkins Park,Trolley,,47.602932,-122.330826
1180,Pioneer Square,"Seattle, WA",King,3,James St & 5th Ave,4 - Seattle Pacific University - Seattle - Judkins Park,Trolley,,47.603771,-122.328773
1181,Yesler Terrace,"Seattle, WA",King,3,James St & 8th Ave,4 - Seattle Pacific University - Seattle - Judkins Park,Trolley,,47.605164,-122.325500
1182,Yesler Terrace,"Seattle, WA",King,3,9th Ave & Jefferson St,4 - Seattle Pacific University - Seattle - Judkins Park,Trolley,,47.604874,-122.324242
1183,Yesler Terrace,"Seattle, WA",King,3,E Jefferson St & Broadway,4 - Seattle Pacific University - Seattle - Judkins Park,Trolley,,47.606144,-122.320229
1184,"Central District, Minor, Squire Park","Seattle, WA",King,3,E Jefferson St & 12th Ave,4 - Seattle Pacific University - Seattle - Judkins Park,Trolley,,47.606125,-122.316376
1185,"Central District, Minor, Squire Park","Seattle, WA",King,3,E Jefferson St & 14th Ave,4 - Seattle Pacific University - Seattle - Judkins Park,Trolley,,47.606125,-122.313560
1186,"Central District, Minor, Squire Park","Seattle, WA",King,3,E Jefferson St & 17th Ave,4 - Seattle Pacific University - Seattle - Judkins Park,Trolley,,47.606110,-122.309929
1187,"Central District, Minor, Squire Park","Seattle, WA",King,3,E Jefferson St & 20th Ave,4 - Seattle Pacific University - Seattle - Judkins Park,Trolley,,47.606098,-122.305962
1188,"Central District, Minor, Squire Park","Seattle, WA",King,3,21st Ave & E James St,4 - Seattle Pacific University - Seattle - Judkins Park,Trolley,,47.607399,-122.304924
1189,"Central District, Minor, Squire Park","Seattle, WA",King,4,23rd Ave & E Jefferson St,4 - Seattle Pacific University - Seattle - Judkins Park,Trolley,,47.605900,-122.302887
1190,"Atlantic, Central District, Squire Park","Seattle, WA",King,4,23rd Ave S & E Yesler Way,4 - Seattle Pacific University - Seattle - Judkins Park,Trolley,,47.601257,-122.302361
1191,,"Seattle, WA",King,4,23rd Ave S & S Jackson St,4 - Seattle Pacific University - Seattle - Judkins Park,Trolley,,47.598976,-122.302315
1192,,"Seattle, WA",King,4,S Dearborn St & 24th Ave S,4 - Seattle Pacific University - Seattle - Judkins Park,Trolley,,47.595501,-122.301636
1193,,"Seattle, WA",King,4,24th Ave S & S Norman St,4 - Seattle Pacific University - Seattle - Judkins Park,Trolley,,47.592743,-122.301292
1194,"Atlantic, Central District","Seattle, WA",King,4,Martin L King Jr Way S & S Irving St,4 - Seattle Pacific University - Seattle - Judkins Park,Trolley,,47.590015,-122.297630
1195,"Atlantic, Central District","Seattle, WA",King,4,Martin L King Jr Way S & S Massachusetts St,4 - Seattle Pacific University - Seattle - Judkins Park,Trolley,,47.587997,-122.298195
1196,"Atlantic, Central District","Seattle, WA",King,4,Martin L King Jr Way S & S Hill St,4 - Seattle Pacific University - Seattle - Judkins Park,Trolley,,47.584259,-122.298248
1197,"Atlantic, Central District","Seattle, WA",King,4,S Walker St & 25th Ave S,4 - Seattle Pacific University - Seattle - Judkins Park,Trolley,,47.583714,-122.299629
1198,"Belltown, Denny Regrade","Seattle, WA",King,7,Virginia St & 6th Ave,7 - Prentice St - Columbia City - Seattle,Trolley,,47.614227,-122.338394
1199,Central Business District,"Seattle, WA",King,1,3rd Ave & Pine St,7 - Prentice St - Columbia City - Seattle,Trolley,,47.610897,-122.338966
1200,Central Business District,"Seattle, WA",King,1,3rd Ave & Union St,7 - Prentice St - Columbia City - Seattle,Trolley,,47.608253,-122.336548
1201,Central Business District,"Seattle, WA",King,1,3rd Ave & Marion St,7 - Prentice St - Columbia City - Seattle,Trolley,,47.604996,-122.333572
1202,Pioneer Square,"Seattle, WA",King,1,3rd Ave & James St,7 - Prentice St - Columbia City - Seattle,Trolley,,47.602818,-122.331581
1203,Pioneer Square,"Seattle, WA",King,1,3rd Ave S & S Main St,7 - Prentice St - Columbia City - Seattle,Trolley,,47.600239,-122.330376
1204,International District,"Seattle, WA",King,1,S Jackson St & 5th Ave S,7 - Prentice St - Columbia City - Seattle,Trolley,,47.599125,-122.328041
1205,International District,"Seattle, WA",King,7,S Jackson St & Maynard Ave S,7 - Prentice St - Columbia City - Seattle,Trolley,,47.599117,-122.324570
1206,International District,"Seattle, WA",King,7,S Jackson St & 8th Ave S,7 - Prentice St - Columbia City - Seattle,Trolley,,47.599117,-122.322044
1207,International District,County:,King,7,S Jackson St & 12th Ave S,7 - Prentice St - Columbia City - Seattle,Trolley,,47.599129,-122.317642
1208,International District,"Seattle, WA",King,7,Rainier Ave S & S King St,7 - Prentice St - Columbia City - Seattle,Trolley,,47.598473,-122.313629
1209,"Beacon Hill, North Beacon Hill","Seattle, WA",King,7,Rainier Ave S & S Charles St,7 - Prentice St - Columbia City - Seattle,Trolley,,47.593727,-122.309998
1210,"Beacon Hill, North Beacon Hill","Seattle, WA",King,7,Rainier Ave S & I-90,7 - Prentice St - Columbia City - Seattle,Trolley,,47.589027,-122.306412
1211,"Beacon Hill, North Beacon Hill","Seattle, WA",King,7,Rainier Ave S & S State St,7 - Prentice St - Columbia City - Seattle,Trolley,,47.587524,-122.305252
1212,"Beacon Hill, North Beacon Hill","Seattle, WA",King,7,Rainier Ave S & S Walker St,7 - Prentice St - Columbia City - Seattle,Trolley,,47.583733,-122.302368
1213,"Beacon Hill, North Beacon Hill","Seattle, WA",King,7,Rainier Ave S & S Bayview St,7 - Prentice St - Columbia City - Seattle,Trolley,,47.580791,-122.300133
1214,"Beacon Hill, North Beacon Hill","Seattle, WA",King,7,Rainier Ave S & S Forest St - Bay 4,7 - Prentice St - Columbia City - Seattle,Trolley,,47.576828,-122.297112
1215,"Columbia City, Rainier Valley","Seattle, WA",King,7,Rainier Ave S & S Walden St,7 - Prentice St - Columbia City - Seattle,Trolley,,47.572689,-122.293945
1216,"Columbia City, Rainier Valley","Seattle, WA",King,7,Rainier Ave S & Letitia Ave S,7 - Prentice St - Columbia City - Seattle,Trolley,,47.569950,-122.291237
1217,"Columbia City, Rainier Valley","Seattle, WA",King,7,Rainier Ave S & S Andover St,7 - Prentice St - Columbia City - Seattle,Trolley,,47.568123,-122.289490
1218,"Columbia City, Rainier Valley","Seattle, WA",King,7,Rainier Ave S & S Genesee St,7 - Prentice St - Columbia City - Seattle,Trolley,,47.563683,-122.288177
1219,"Columbia City, Rainier Valley","Seattle, WA",King,7,Rainier Ave S & S Alaska St,7 - Prentice St - Columbia City - Seattle,Trolley,,47.560547,-122.286980
1220,"Columbia City, Rainier Valley","Seattle, WA",King,7,Rainier Ave S & S Edmunds St,7 - Prentice St - Columbia City - Seattle,Trolley,,47.558830,-122.285652
1221,"Columbia City, Rainier Valley","Seattle, WA",King,7,Rainier Ave S & S Dawson St,7 - Prentice St - Columbia City - Seattle,Trolley,,47.555328,-122.282974
1222,"Columbia City, Rainier Valley","Seattle, WA",King,7,Rainier Ave S & S Brandon St,7 - Prentice St - Columbia City - Seattle,Trolley,,47.553432,-122.279884
1223,"Columbia City, Rainier Valley","Seattle, WA",King,7,Rainier Ave S & S Orcas St,7 - Prentice St - Columbia City - Seattle,Trolley,,47.550926,-122.277634
1224,"Columbia City, Rainier Valley","Seattle, WA",King,7,Rainier Ave S & S Kenny St,7 - Prentice St - Columbia City - Seattle,Trolley,,47.548695,-122.277061
1225,"Brighton, Rainier Valley","Seattle, WA",King,7,Rainier Ave S & S Graham St,7 - Prentice St - Columbia City - Seattle,Trolley,,47.545670,-122.275665
1226,"Brighton, Rainier Valley","Seattle, WA",King,7,Rainier Ave S & S Holly St,7 - Prentice St - Columbia City - Seattle,Trolley,,47.542221,-122.272743
1227,"Brighton, Rainier Valley","Seattle, WA",King,7,Rainier Ave S & S Frontenac St,7 - Prentice St - Columbia City - Seattle,Trolley,,47.539314,-122.270927
1228,"Brighton, Rainier Valley","Seattle, WA",King,7,Rainier Ave S & S Othello St,7 - Prentice St - Columbia City - Seattle,Trolley,,47.536625,-122.270294
1229,"Brighton, Rainier Valley","Seattle, WA",King,7,Rainier Ave S & S Holden St,7 - Prentice St - Columbia City - Seattle,Trolley,,47.533348,-122.270088
1230,"Dunlap, Rainier Valley","Seattle, WA",King,7,Rainier Ave S & S Rose St,7 - Prentice St - Columbia City - Seattle,Trolley,,47.528767,-122.270088
1231,"Dunlap, Rainier Valley","Seattle, WA",King,7,Rainier Ave S & S Cloverdale St,7 - Prentice St - Columbia City - Seattle,Trolley,,47.525925,-122.270088
1232,"Dunlap, Rainier Valley","Seattle, WA",King,7,Rainier Ave S & S Henderson St,7 - Prentice St - Columbia City - Seattle,Trolley,,47.522980,-122.270088
1233,"Dunlap, Rainier Valley","Seattle, WA",King,7,Rainier Ave S & 51st Ave S,7 - Prentice St - Columbia City - Seattle,Trolley,,47.520458,-122.270065
1234,"Rainier Beach, Rainier Valley","Seattle, WA",King,7,Rainier Ave S & 54th Ave S,7 - Prentice St - Columbia City - Seattle,Trolley,,47.519813,-122.264709
1235,"Rainier Beach, Rainier Valley","Seattle, WA",King,7,Waters Ave S & S Fletcher St,7 - Prentice St - Columbia City - Seattle,Trolley,,47.519062,-122.261421
1236,"Rainier Beach, Rainier Valley","Seattle, WA",King,7,Waters Ave S & S Carver St,7 - Prentice St - Columbia City - Seattle,Trolley,,47.517746,-122.259682
1237,"Rainier Beach, Rainier Valley","Seattle, WA",King,7,Waters Ave S & 61st Ave S,7 - Prentice St - Columbia City - Seattle,Trolley,,47.515766,-122.257126
1238,"Rainier Beach, Rainier Valley","Seattle, WA",King,7,Waters Ave S & 62nd Ave S,7 - Prentice St - Columbia City - Seattle,Trolley,,47.514790,-122.255966
1239,"Rainier Beach, Rainier Valley","Seattle, WA",King,7,62nd Ave S & S Cooper St,7 - Prentice St - Columbia City - Seattle,Trolley,,47.511417,-122.255981
1240,"Rainier Beach, Rainier Valley","Seattle, WA",King,7,62nd Ave S & S Prentice St,7 - Prentice St - Columbia City - Seattle,Trolley,,47.508312,-122.256004
1241,"Rainier Beach, Rainier Valley","Seattle, WA",King,7,S Prentice St & 64th Ave S,7 - Prentice St - Columbia City - Seattle,Trolley,,47.508122,-122.253754
1242,"Rainier Beach, Rainier Valley","Seattle, WA",King,7,64th Ave S & S Ryan St,7 - Prentice St - Columbia City - Seattle,Trolley,,47.509659,-122.253441
1243,"Rainier Beach, Rainier Valley","Seattle, WA",King,7,64th Ave S & S Cooper St,7 - Prentice St - Columbia City - Seattle,Trolley,,47.511494,-122.253426
1244,"Rainier Beach, Rainier Valley","Seattle, WA",King,7,Waters Ave S & S Norfolk St,7 - Prentice St - Columbia City - Seattle,Trolley,,47.513691,-122.254097
1245,"Rainier Beach, Rainier Valley","Seattle, WA",King,7,Waters Ave S & S Pilgrim St,7 - Prentice St - Columbia City - Seattle,Trolley,,47.515606,-122.256660
1247,"Rainier Beach, Rainier Valley","Seattle, WA",King,7,57th Ave S & Waters Ave S,7 - Prentice St - Columbia City - Seattle,Trolley,,47.519527,-122.261482
1248,"Dunlap, Rainier Valley","Seattle, WA",King,7,Rainier Ave S & Seward Park Ave S,7 - Prentice St - Columbia City - Seattle,Trolley,,47.520100,-122.263481
1249,"Dunlap, Rainier Valley","Seattle, WA",King,7,Rainier Ave S & 52nd Ave S,7 - Prentice St - Columbia City - Seattle,Trolley,,47.519917,-122.267807
1250,"Dunlap, Rainier Valley","Seattle, WA",King,7,Rainier Ave S & S Fisher Pl,7 - Prentice St - Columbia City - Seattle,Trolley,,47.521328,-122.269897
1252,"Dunlap, Rainier Valley","Seattle, WA",King,7,S Henderson St & Rainier Ave S,7 - Prentice St - Columbia City - Seattle,Trolley,,47.523235,-122.268219
1253,Central Business District,"Seattle, WA",King,3,Pine St & 9th Ave,10 - Capitol Hill - Seattle,Trolley,,47.613377,-122.332603
1254,Central Business District,"Seattle, WA",King,3,Pine St & 5th Ave,10 - Capitol Hill - Seattle,Trolley,,47.611767,-122.336456
1255,Central Business District,"Seattle, WA",King,10,Pine St & 4th Ave,10 - Capitol Hill - Seattle,Trolley,,47.611103,-122.338028
1256,Central Business District,"Seattle, WA",King,3,Pike St & 4th Ave,10 - Capitol Hill - Seattle,Trolley,,47.610073,-122.336838
1257,Central Business District,"Seattle, WA",King,3,Pike St & 6th Ave,10 - Capitol Hill - Seattle,Trolley,,47.611034,-122.334526
1258,,"Seattle, WA",King,3,Pike St & 7th Ave,10 - Capitol Hill - Seattle,Trolley,,47.611809,-122.332687
1259,First Hill,"Seattle, WA",King,3,Pike St & Minor Ave,10 - Capitol Hill - Seattle,Trolley,,47.613785,-122.327957
1260,"Broadway, Capitol Hill","Seattle, WA",King,10,E Pine St & Summit Ave,10 - Capitol Hill - Seattle,Trolley,,47.615158,-122.324638
1261,"Broadway, Capitol Hill","Seattle, WA",King,10,E Pine St & Harvard Ave,10 - Capitol Hill - Seattle,Trolley,,47.615162,-122.321617
1262,"Broadway, Capitol Hill","Seattle, WA",King,10,E Pine St & 12th Ave,10 - Capitol Hill - Seattle,Trolley,,47.615200,-122.316483
1263,"Capitol Hill, Stevens","Seattle, WA",King,10,15th Ave & E Pine St,10 - Capitol Hill - Seattle,Trolley,,47.615700,-122.312668
1264,"Capitol Hill, Stevens","Seattle, WA",King,10,15th Ave E & E Denny Way,10 - Capitol Hill - Seattle,Trolley,,47.618794,-122.312645
1265,"Capitol Hill, Stevens","Seattle, WA",King,10,15th Ave E & E Thomas St,10 - Capitol Hill - Seattle,Trolley,,47.620773,-122.312607
1266,"Capitol Hill, Stevens","Seattle, WA",King,10,15th Ave E & E Harrison St,10 - Capitol Hill - Seattle,Trolley,,47.622963,-122.312538
1267,"Capitol Hill, Stevens","Seattle, WA",King,10,15th Ave E & E Roy St,10 - Capitol Hill - Seattle,Trolley,,47.625423,-122.312492
1268,"Capitol Hill, Stevens","Seattle, WA",King,10,15th Ave E & E Aloha St,10 - Capitol Hill - Seattle,Trolley,,47.627098,-122.312469
1269,"Capitol Hill, Stevens","Seattle, WA",King,10,15th Ave E & E Prospect St,10 - Capitol Hill - Seattle,Trolley,,47.628902,-122.312454
1270,"Capitol Hill, Stevens","Seattle, WA",King,10,15th Ave E & E Highland Dr,10 - Capitol Hill - Seattle,Trolley,,47.630833,-122.312424
1271,"Capitol Hill, Stevens","Seattle, WA",King,10,Grandview Pl E & E Galer St,10 - Capitol Hill - Seattle,Trolley,,47.632523,-122.311821
1272,"Capitol Hill, Stevens","Seattle, WA",King,10,Grandview Pl E & E Garfield St,10 - Capitol Hill - Seattle,Trolley,,47.634079,-122.311798
1273,"Broadway, Capitol Hill","Seattle, WA",King,10,15th Ave E & E Galer St,10 - Capitol Hill - Seattle,Trolley,,47.632500,-122.312607
1274,Central Business District,"Seattle, WA",King,3,Pine St & 9th Ave,12 - Interlaken Park - Seattle,Trolley,,47.613377,-122.332603
1275,Central Business District,"Seattle, WA",King,3,Pine St & 5th Ave,12 - Interlaken Park - Seattle,Trolley,,47.611767,-122.336456
1276,Central Business District,"Seattle, WA",King,10,Pine St & 4th Ave,12 - Interlaken Park - Seattle,Trolley,,47.611103,-122.338028
1277,Central Business District,"Seattle, WA",King,3,Pike St & 4th Ave,12 - Interlaken Park - Seattle,Trolley,,47.610073,-122.336838
1278,Central Business District,"Seattle, WA",King,3,Pike St & 6th Ave,12 - Interlaken Park - Seattle,Trolley,,47.611034,-122.334526
1279,,"Seattle, WA",King,3,Pike St & 7th Ave,12 - Interlaken Park - Seattle,Trolley,,47.611809,-122.332687
1280,First Hill,"Seattle, WA",King,3,Pike St & Minor Ave,12 - Interlaken Park - Seattle,Trolley,,47.613785,-122.327957
1281,"Broadway, Capitol Hill","Seattle, WA",King,10,E Pine St & Summit Ave,12 - Interlaken Park - Seattle,Trolley,,47.615158,-122.324638
1282,"Broadway, Capitol Hill","Seattle, WA",King,10,E Pine St & Harvard Ave,12 - Interlaken Park - Seattle,Trolley,,47.615162,-122.321617
1283,"Broadway, Capitol Hill","Seattle, WA",King,10,E Pine St & 12th Ave,12 - Interlaken Park - Seattle,Trolley,,47.615200,-122.316483
1284,"Capitol Hill, Stevens","Seattle, WA",King,12,E Pine St & 15th Ave,12 - Interlaken Park - Seattle,Trolley,,47.615212,-122.311852
1285,"Central District, Minor","Seattle, WA",King,12,E Madison St & 17th Ave,12 - Interlaken Park - Seattle,Trolley,,47.615696,-122.309723
1286,"Central District, Minor","Seattle, WA",King,12,E Madison St & 18th Ave,12 - Interlaken Park - Seattle,Trolley,,47.616230,-122.308426
1287,"Capitol Hill, Stevens","Seattle, WA",King,12,19th Ave E & E Denny Way,12 - Interlaken Park - Seattle,Trolley,,47.618698,-122.307274
1288,"Capitol Hill, Stevens","Seattle, WA",King,12,19th Ave E & E John St,12 - Interlaken Park - Seattle,Trolley,,47.619873,-122.307259
1289,"Capitol Hill, Stevens","Seattle, WA",King,12,19th Ave E & E Thomas St,12 - Interlaken Park - Seattle,Trolley,,47.620682,-122.307251
1290,"Capitol Hill, Stevens","Seattle, WA",King,12,19th Ave E & E Harrison St,12 - Interlaken Park - Seattle,Trolley,,47.621860,-122.307236
1291,"Capitol Hill, Stevens","Seattle, WA",King,12,19th Ave E & E Republican St,12 - Interlaken Park - Seattle,Trolley,,47.623402,-122.307205
1292,"Capitol Hill, Stevens","Seattle, WA",King,12,19th Ave E & E Roy St,12 - Interlaken Park - Seattle,Trolley,,47.625469,-122.307220
1293,"Capitol Hill, Stevens","Seattle, WA",King,12,19th Ave E & E Aloha St,12 - Interlaken Park - Seattle,Trolley,,47.627045,-122.307190
1294,"Capitol Hill, Stevens","Seattle, WA",King,12,19th Ave E & E Prospect St,12 - Interlaken Park - Seattle,Trolley,,47.628861,-122.307167
1295,"Capitol Hill, Stevens","Seattle, WA",King,12,19th Ave E & E Highland Dr,12 - Interlaken Park - Seattle,Trolley,,47.630806,-122.307152
1296,"Capitol Hill, Stevens","Seattle, WA",King,12,Interlaken Turnback Loop & 19th Ave E,12 - Interlaken Park - Seattle,Trolley,,47.632507,-122.307373
1297,"Capitol Hill, Stevens","Seattle, WA",King,12,19th Ave E & E Galer St,12 - Interlaken Park - Seattle,Trolley,,47.631897,-122.307327
1298,International District,"Seattle, WA",King,1,S Jackson St & 5th Ave S,13 - Seattle Pacific University - Queen Anne - Seattle,Trolley,,47.599266,-122.328384
1299,Pioneer Square,"Seattle, WA",King,1,Prefontaine Pl S & Yesler Way,13 - Seattle Pacific University - Queen Anne - Seattle,Trolley,,47.601658,-122.329941
1300,Central Business District,"Seattle, WA",King,1,3rd Ave & Columbia St,13 - Seattle Pacific University - Queen Anne - Seattle,Trolley,,47.604095,-122.332504
1301,Central Business District,"Seattle, WA",King,1,3rd Ave & Seneca St,13 - Seattle Pacific University - Queen Anne - Seattle,Trolley,,47.607052,-122.335213
1302,First Hill,"Seattle, WA",King,2,Seneca St & 8th Ave,13 - Seattle Pacific University - Queen Anne - Seattle,Trolley,,47.609280,-122.330170
1303,Central Business District,"Seattle, WA",King,2,Seneca St & 6th Ave,13 - Seattle Pacific University - Queen Anne - Seattle,Trolley,,47.608742,-122.331482
1304,Central Business District,"Seattle, WA",King,2,Seneca St & 4th Ave,13 - Seattle Pacific University - Queen Anne - Seattle,Trolley,,47.607422,-122.334610
1305,Central Business District,"Seattle, WA",King,1,3rd Ave & Pike St,13 - Seattle Pacific University - Queen Anne - Seattle,Trolley,,47.609642,-122.337585
1306,"Belltown, Denny Regrade","Seattle, WA",King,1,3rd Ave & Virginia St,13 - Seattle Pacific University - Queen Anne - Seattle,Trolley,,47.612995,-122.341743
1307,"Belltown, Denny Regrade","Seattle, WA",King,1,3rd Ave & Bell St,13 - Seattle Pacific University - Queen Anne - Seattle,Trolley,,47.615120,-122.345337
1308,"Belltown, Denny Regrade","Seattle, WA",King,1,3rd Ave & Vine St,13 - Seattle Pacific University - Queen Anne - Seattle,Trolley,,47.616959,-122.348450
1309,,"Seattle, WA",King,2,Denny Way & 2nd Ave N,13 - Seattle Pacific University - Queen Anne - Seattle,Trolley,,47.618660,-122.352615
1310,,"Seattle, WA",King,1,1st Ave N & Denny Way,13 - Seattle Pacific University - Queen Anne - Seattle,Trolley,,47.619118,-122.355362
1311,Queen Anne,"Seattle, WA",King,1,1st Ave N & Republican St,13 - Seattle Pacific University - Queen Anne - Seattle,Trolley,,47.623123,-122.355309
1312,Queen Anne,"Seattle, WA",King,2,1st Ave N & Mercer St,13 - Seattle Pacific University - Queen Anne - Seattle,Trolley,,47.624737,-122.355309
1313,Queen Anne,"Seattle, WA",King,2,Queen Anne Ave N & Aloha St,13 - Seattle Pacific University - Queen Anne - Seattle,Trolley,,47.627110,-122.356590
1314,Queen Anne,"Seattle, WA",King,2,Queen Anne Ave N & Ward St,13 - Seattle Pacific University - Queen Anne - Seattle,Trolley,,47.628319,-122.356575
1315,Queen Anne,"Seattle, WA",King,2,Queen Anne Ave N & Highland Dr,13 - Seattle Pacific University - Queen Anne - Seattle,Trolley,,47.629791,-122.356522
1316,Queen Anne,"Seattle, WA",King,2,Queen Anne Ave N & W Lee St,13 - Seattle Pacific University - Queen Anne - Seattle,Trolley,,47.631493,-122.356491
1317,Queen Anne,"Seattle, WA",King,13,Queen Anne Ave N & Garfield St,13 - Seattle Pacific University - Queen Anne - Seattle,Trolley,,47.633827,-122.356873
1318,Queen Anne,"Seattle, WA",King,13,Queen Anne Ave N & Crockett St,13 - Seattle Pacific University - Queen Anne - Seattle,Trolley,,47.637478,-122.356834
1319,Queen Anne,"Seattle, WA",King,4,W Mcgraw St & Queen Anne Ave N,13 - Seattle Pacific University - Queen Anne - Seattle,Trolley,,47.639656,-122.357246
1320,Queen Anne,"Seattle, WA",King,4,W Mcgraw St & 3rd Ave W,13 - Seattle Pacific University - Queen Anne - Seattle,Trolley,,47.639656,-122.360649
1321,Queen Anne,"Seattle, WA",King,4,3rd Ave W & W Smith St,13 - Seattle Pacific University - Queen Anne - Seattle,Trolley,,47.641304,-122.360825
1322,Queen Anne,"Seattle, WA",King,4,3rd Ave W & W Raye St,13 - Seattle Pacific University - Queen Anne - Seattle,Trolley,,47.643425,-122.360786
1323,Queen Anne,"Seattle, WA",King,4,3rd Ave W & W Armour St,13 - Seattle Pacific University - Queen Anne - Seattle,Trolley,,47.645336,-122.360786
1324,Queen Anne,"Seattle, WA",King,4,3rd Ave W & W Dravus St,13 - Seattle Pacific University - Queen Anne - Seattle,Trolley,,47.649097,-122.360786
1325,Queen Anne,"Seattle, WA",King,4,W Nickerson St & 3rd Ave W,13 - Seattle Pacific University - Queen Anne - Seattle,Trolley,,47.650680,-122.360550
1326,Queen Anne,"Seattle, WA",King,4,3rd Ave W & W Cremona St,13 - Seattle Pacific University - Queen Anne - Seattle,Trolley,,47.648830,-122.360985
1327,Belltown,"Seattle, WA",King,1,3rd Ave & Cedar St,14 - Mount Baker - Seattle,Trolley,,47.616776,-122.348450
1328,Belltown,"Seattle, WA",King,1,3rd Ave & Bell St,14 - Mount Baker - Seattle,Trolley,,47.614300,-122.344269
1329,Belltown,"Seattle, WA",King,1,3rd Ave & Virginia St,14 - Mount Baker - Seattle,Trolley,,47.612438,-122.341110
1330,Central Business District,"Seattle, WA",King,1,3rd Ave & Pine St,14 - Mount Baker - Seattle,Trolley,,47.610897,-122.338966
1331,Central Business District,"Seattle, WA",King,1,3rd Ave & Union St,14 - Mount Baker - Seattle,Trolley,,47.608253,-122.336548
1332,Central Business District,"Seattle, WA",King,1,3rd Ave & Marion St,14 - Mount Baker - Seattle,Trolley,,47.604996,-122.333572
1333,Pioneer Square,"Seattle, WA",King,1,3rd Ave & James St,14 - Mount Baker - Seattle,Trolley,,47.602818,-122.331581
1334,Pioneer Square,"Seattle, WA",King,1,3rd Ave S & S Main St,14 - Mount Baker - Seattle,Trolley,,47.600239,-122.330376
1335,International District,"Seattle, WA",King,1,S Jackson St & 5th Ave S,14 - Mount Baker - Seattle,Trolley,,47.599125,-122.328041
1336,International District,"Seattle, WA",King,7,S Jackson St & Maynard Ave S,14 - Mount Baker - Seattle,Trolley,,47.599117,-122.324570
1337,International District,"Seattle, WA",King,7,S Jackson St & 8th Ave S,14 - Mount Baker - Seattle,Trolley,,47.599117,-122.322044
1338,International District,County:,King,7,S Jackson St & 12th Ave S,14 - Mount Baker - Seattle,Trolley,,47.599129,-122.317642
1339,"Atlantic, Central District","Seattle, WA",King,14,S Jackson St & Rainier Ave S,14 - Mount Baker - Seattle,Trolley,,47.599148,-122.313354
1340,"Atlantic, Central District","Seattle, WA",King,14,S Jackson St & 18th Ave S,14 - Mount Baker - Seattle,Trolley,,47.599167,-122.309738
1341,"Atlantic, Central District","Seattle, WA",King,14,S Jackson St & 20th Ave S,14 - Mount Baker - Seattle,Trolley,,47.599190,-122.305893
1342,"Atlantic, Central District","Seattle, WA",King,8,S Jackson St & 23rd Ave S,14 - Mount Baker - Seattle,Trolley,,47.599220,-122.301430
1343,"Central District, Leschi","Seattle, WA",King,14,S Jackson St & 28th Ave S,14 - Mount Baker - Seattle,Trolley,,47.599148,-122.295952
1344,"Central District, Leschi","Seattle, WA",King,14,S Jackson St & 30th Ave S,14 - Mount Baker - Seattle,Trolley,,47.599117,-122.293930
1345,"Central District, Leschi","Seattle, WA",King,14,31st Ave S & S King St,14 - Mount Baker - Seattle,Trolley,,47.597744,-122.292740
1346,"Central District, Leschi","Seattle, WA",King,14,31st Ave S & S Dearborn St,14 - Mount Baker - Seattle,Trolley,,47.595512,-122.292809
1347,"Central District, Leschi","Seattle, WA",King,14,31st Ave S & S Norman St,14 - Mount Baker - Seattle,Trolley,,47.593075,-122.292877
1348,"Mount Baker, Rainier Valley","Seattle, WA",King,14,31st Ave S & S Irving St,14 - Mount Baker - Seattle,Trolley,,47.590973,-122.292496
1349,"Mount Baker, Rainier Valley","Seattle, WA",King,14,31st Ave S & S Massachusetts St,14 - Mount Baker - Seattle,Trolley,,47.587872,-122.292648
1350,"Mount Baker, Rainier Valley","Seattle, WA",King,14,31st Ave S & S Plum St,14 - Mount Baker - Seattle,Trolley,,47.584957,-122.293098
1351,"Mount Baker, Rainier Valley","Seattle, WA",King,14,31st Ave S & S Walker St,14 - Mount Baker - Seattle,Trolley,,47.583424,-122.293106
1352,"Mount Baker, Rainier Valley","Seattle, WA",King,14,31st Ave S & S Lander St,14 - Mount Baker - Seattle,Trolley,,47.579422,-122.293098
1353,"Atlantic, Central District","Seattle, WA",King,14,Mt. Baker Transfer Area - Bay 3,14 - Mount Baker - Seattle,Trolley,,47.577686,-122.297073
1354,"Mount Baker, Rainier Valley","Seattle, WA",King,14,S Mcclellan St & 31st Ave S,14 - Mount Baker - Seattle,Trolley,,47.578278,-122.292496
1355,"Mount Baker, Rainier Valley","Seattle, WA",King,14,S Mcclellan St & S Mount Baker Blvd,14 - Mount Baker - Seattle,Trolley,,47.578274,-122.288712
1356,"Mount Baker, Rainier Valley","Seattle, WA",King,14,Mount Rainier Dr S & 37th Pl S,14 - Mount Baker - Seattle,Trolley,,47.576755,-122.286827
1357,"Mount Baker, Rainier Valley","Seattle, WA",King,14,Mount Rainier Dr S & S Hanford St,14 - Mount Baker - Seattle,Trolley,,47.575657,-122.284843
1358,Central Business District,"Seattle, WA",King,1,3rd Ave & Pine St,36 - Othello Station - Beacon Hill - Seattle,Trolley,,47.610897,-122.338966
1359,Central Business District,"Seattle, WA",King,1,3rd Ave & Union St,36 - Othello Station - Beacon Hill - Seattle,Trolley,,47.608253,-122.336548
1360,Central Business District,"Seattle, WA",King,1,3rd Ave & Marion St,36 - Othello Station - Beacon Hill - Seattle,Trolley,,47.604996,-122.333572
1361,Pioneer Square,"Seattle, WA",King,1,3rd Ave & James St,36 - Othello Station - Beacon Hill - Seattle,Trolley,,47.602818,-122.331581
1362,Pioneer Square,"Seattle, WA",King,1,3rd Ave S & S Main St,36 - Othello Station - Beacon Hill - Seattle,Trolley,,47.600239,-122.330376
1363,International District,"Seattle, WA",King,1,S Jackson St & 5th Ave S,36 - Othello Station - Beacon Hill - Seattle,Trolley,,47.599125,-122.328041
1364,International District,"Seattle, WA",King,7,S Jackson St & Maynard Ave S,36 - Othello Station - Beacon Hill - Seattle,Trolley,,47.599117,-122.324570
1365,International District,"Seattle, WA",King,7,S Jackson St & 8th Ave S,36 - Othello Station - Beacon Hill - Seattle,Trolley,,47.599117,-122.322044
1366,International District,"Seattle, WA",King,36,12th Ave S & S Jackson St,36 - Othello Station - Beacon Hill - Seattle,Trolley,,47.598652,-122.317329
1367,International District,"Seattle, WA",King,36,12th Ave S & S Weller St,36 - Othello Station - Beacon Hill - Seattle,Trolley,,47.597305,-122.317329
1368,"Beacon Hill, North Beacon Hill","Seattle, WA",King,36,14th Ave S & Golf Dr S,36 - Othello Station - Beacon Hill - Seattle,Trolley,,47.592270,-122.314941
1369,"Beacon Hill, North Beacon Hill","Seattle, WA",King,36,14th Ave S & S Massachusetts St,36 - Othello Station - Beacon Hill - Seattle,Trolley,,47.588184,-122.314964
1370,"Beacon Hill, North Beacon Hill","Seattle, WA",King,36,14th Ave S & S Holgate St,36 - Othello Station - Beacon Hill - Seattle,Trolley,,47.586136,-122.314774
1371,"Beacon Hill, North Beacon Hill","Seattle, WA",King,36,14th Ave S & S Hill St,36 - Othello Station - Beacon Hill - Seattle,Trolley,,47.584339,-122.314789
1372,"Beacon Hill, North Beacon Hill","Seattle, WA",King,36,Beacon Ave S & S Bayview St,36 - Othello Station - Beacon Hill - Seattle,Trolley,,47.581291,-122.314186
1373,"Beacon Hill, North Beacon Hill","Seattle, WA",King,36,Beacon Ave S & S Lander St,36 - Othello Station - Beacon Hill - Seattle,Trolley,,47.579048,-122.312096
1374,"Beacon Hill, North Beacon Hill","Seattle, WA",King,36,Beacon Ave S & S Hanford St,36 - Othello Station - Beacon Hill - Seattle,Trolley,,47.575207,-122.309364
1375,"Beacon Hill, North Beacon Hill","Seattle, WA",King,36,Beacon Ave S & S Spokane St,36 - Othello Station - Beacon Hill - Seattle,Trolley,,47.571568,-122.308243
1376,"Beacon Hill, North Beacon Hill","Seattle, WA",King,36,Beacon Ave S & Jefferson Community Center,36 - Othello Station - Beacon Hill - Seattle,Trolley,,47.569492,-122.307564
1377,"Beacon Hill, North Beacon Hill","Seattle, WA",King,36,Beacon Ave S & Jefferson Golf Course,36 - Othello Station - Beacon Hill - Seattle,Trolley,,47.566845,-122.306740
1378,"Beacon Hill, North Beacon Hill","Seattle, WA",King,36,Beacon Ave S & Veterans Administration Hospital,36 - Othello Station - Beacon Hill - Seattle,Trolley,,47.563332,-122.305634
1379,"Beacon Hill, Mid-Beacon Hill (Maplewood)","Seattle, WA",King,36,Beacon Ave S & S Columbian Way,36 - Othello Station - Beacon Hill - Seattle,Trolley,,47.559273,-122.304665
1380,"Beacon Hill, Mid-Beacon Hill (Maplewood)","Seattle, WA",King,36,Beacon Ave S & S Dawson St,36 - Othello Station - Beacon Hill - Seattle,Trolley,,47.555633,-122.303558
1381,"Beacon Hill, Mid-Beacon Hill (Maplewood)","Seattle, WA",King,36,Beacon Ave S & S Brandon St,36 - Othello Station - Beacon Hill - Seattle,Trolley,,47.553501,-122.302887
1382,"Beacon Hill, Mid-Beacon Hill (Maplewood)","Seattle, WA",King,36,Beacon Ave S & S Orcas St,36 - Othello Station - Beacon Hill - Seattle,Trolley,,47.550800,-122.302101
1383,"Beacon Hill, Mid-Beacon Hill (Maplewood)","Seattle, WA",King,36,Beacon Ave S & S Raymond St,36 - Othello Station - Beacon Hill - Seattle,Trolley,,47.548771,-122.301453
1384,"Beacon Hill, Mid-Beacon Hill (Maplewood)","Seattle, WA",King,36,Beacon Ave S & S Graham St,36 - Othello Station - Beacon Hill - Seattle,Trolley,,47.546493,-122.300789
1385,"Beacon Hill, Mid-Beacon Hill (Maplewood)","Seattle, WA",King,36,Beacon Ave S & S Holly St,36 - Othello Station - Beacon Hill - Seattle,Trolley,,47.542751,-122.299637
1386,"Beacon Hill, Mid-Beacon Hill (Maplewood)","Seattle, WA",King,36,Beacon Ave S & 27th Ave S,36 - Othello Station - Beacon Hill - Seattle,Trolley,,47.540131,-122.298286
1387,"Beacon Hill, South Beacon Hill","Seattle, WA",King,36,S Myrtle St & Beacon Ave S,36 - Othello Station - Beacon Hill - Seattle,Trolley,,47.538876,-122.295502
1388,"Beacon Hill, South Beacon Hill","Seattle, WA",King,36,S Myrtle Pl & 32nd Ave S,36 - Othello Station - Beacon Hill - Seattle,Trolley,,47.538750,-122.291283
1389,"Beacon Hill, South Beacon Hill","Seattle, WA",King,36,S Myrtle Pl & S Holly Park Dr,36 - Othello Station - Beacon Hill - Seattle,Trolley,,47.537041,-122.286278
1390,"Beacon Hill, NewHolly (Holly Park)","Seattle, WA",King,36,S Myrtle St & 39th Ave S,36 - Othello Station - Beacon Hill - Seattle,Trolley,,47.538841,-122.283524
1391,Yesler Terrace,"Seattle, WA",King,9,Boren Ave & E Yesler Way,43 - University District -  Capitol Hill - Seattle,Trolley,,47.601959,-122.317970
1392,Yesler Terrace,"Seattle, WA",King,9,Broadway & E Terrace St,43 - University District -  Capitol Hill - Seattle,Trolley,,47.605450,-122.320648
1393,First Hill,"Seattle, WA",King,9,Broadway & E Marion St,43 - University District -  Capitol Hill - Seattle,Trolley,,47.609985,-122.320663
1394,First Hill,"Seattle, WA",King,9,Broadway & E Union St,43 - University District -  Capitol Hill - Seattle,Trolley,,47.612896,-122.320679
1395,"Broadway, Capitol Hill","Seattle, WA",King,9,Broadway & E Pine St,43 - University District -  Capitol Hill - Seattle,Trolley,,47.615166,-122.320702
1396,"Broadway, Capitol Hill","Seattle, WA",King,8,E John St & Broadway E,43 - University District -  Capitol Hill - Seattle,Trolley,,47.619846,-122.320473
1397,"Broadway, Capitol Hill","Seattle, WA",King,8,E John St & 12th Ave E,43 - University District -  Capitol Hill - Seattle,Trolley,,47.619873,-122.316429
1398,"Broadway, Capitol Hill","Seattle, WA",King,8,E John St & 15th Ave E,43 - University District -  Capitol Hill - Seattle,Trolley,,47.619892,-122.313042
1399,"Capitol Hill, Stevens","Seattle, WA",King,8,E Thomas St & 16th Ave E,43 - University District -  Capitol Hill - Seattle,Trolley,,47.620426,-122.311020
1400,"Capitol Hill, Stevens","Seattle, WA",King,8,E Thomas St & 19th Ave E,43 - University District -  Capitol Hill - Seattle,Trolley,,47.620422,-122.307518
1401,"Capitol Hill, Stevens","Seattle, WA",King,8,E John St & 22nd Ave E,43 - University District -  Capitol Hill - Seattle,Trolley,,47.620144,-122.303177
1402,"Capitol Hill, Stevens","Seattle, WA",King,43,23rd Ave E & E John St,43 - University District -  Capitol Hill - Seattle,Trolley,,47.620602,-122.302399
1403,"Capitol Hill, Stevens","Seattle, WA",King,43,23rd Ave E & E Republican St,43 - University District -  Capitol Hill - Seattle,Trolley,,47.623379,-122.302361
1404,"Capitol Hill, Stevens","Seattle, WA",King,43,23rd Ave E & E Aloha St,43 - University District -  Capitol Hill - Seattle,Trolley,,47.627014,-122.302292
1405,"Capitol Hill, Stevens","Seattle, WA",King,43,24th Ave E & E Prospect St,43 - University District -  Capitol Hill - Seattle,Trolley,,47.629467,-122.301567
1406,"Capitol Hill, Stevens","Seattle, WA",King,43,24th Ave E & E Galer St,43 - University District -  Capitol Hill - Seattle,Trolley,,47.632778,-122.301514
1407,"Capitol Hill, Montlake","Seattle, WA",King,43,24th Ave E & Boyer Ave E,43 - University District -  Capitol Hill - Seattle,Trolley,,47.635048,-122.301468
1408,"Capitol Hill, Montlake","Seattle, WA",King,43,24th Ave E & E Newton St,43 - University District -  Capitol Hill - Seattle,Trolley,,47.638100,-122.301483
1409,"Capitol Hill, Montlake","Seattle, WA",King,43,24th Ave E & E Mcgraw St,43 - University District -  Capitol Hill - Seattle,Trolley,,47.640152,-122.301979
1410,"Capitol Hill, Montlake","Seattle, WA",King,43,East Montlake Pl E & E Roanoke St,43 - University District -  Capitol Hill - Seattle,Trolley,,47.643097,-122.302849
1411,"Capitol Hill, Montlake","Seattle, WA",King,43,Montlake Blvd E & SR 520,43 - University District -  Capitol Hill - Seattle,Trolley,,47.644432,-122.304230
1412,University District,"Seattle, WA",King,43,NE Pacific St & Montlake Blvd NE - Bay 2,43 - University District -  Capitol Hill - Seattle,Trolley,,47.649765,-122.305893
1413,University District,"Seattle, WA",King,44,Montlake Blvd NE & NE Pacific Pl - Bay 4,44 - Ballard - University District - UW Station,Trolley,,47.650227,-122.304420
1414,University District,"Seattle, WA",King,43,NE Pacific St & Montlake Blvd NE - Bay 2,44 - Ballard - University District - UW Station,Trolley,,47.649765,-122.305893
1415,University District,"Seattle, WA",King,44,NE Pacific St & 15th Ave NE,44 - Ballard - University District - UW Station,Trolley,,47.652206,-122.310783
1416,University District,"Seattle, WA",King,44,15th Ave NE & NE Campus Pkwy,44 - Ballard - University District - UW Station,Trolley,,47.655899,-122.311974
1417,University District,"Seattle, WA",King,44,15th Ave NE & NE 42nd St,44 - Ballard - University District - UW Station,Trolley,,47.658668,-122.311905
1418,,"Seattle, WA",King,44,NE 43rd St & Brooklyn Ave NE - Bay 1,44 - Ballard - University District - UW Station,Trolley,,47.659878,-122.314117
1419,University District,"Seattle, WA",King,44,NE 45th St & 9th Ave NE,44 - Ballard - University District - UW Station,Trolley,,47.661373,-122.318214
1420,Wallingford,"Seattle, WA",King,44,NE 45th St & Latona Ave NE,44 - Ballard - University District - UW Station,Trolley,,47.661415,-122.325386
1421,Wallingford,"Seattle, WA",King,44,N 45th St & Sunnyside Ave N,44 - Ballard - University District - UW Station,Trolley,,47.661442,-122.331238
1422,Wallingford,"Seattle, WA",King,44,N 45th St & Wallingford Ave N,44 - Ballard - University District - UW Station,Trolley,,47.661461,-122.335556
1423,Wallingford,"Seattle, WA",King,44,N 45th St & Woodlawn Ave N,44 - Ballard - University District - UW Station,Trolley,,47.661461,-122.339653
1424,Wallingford,"Seattle, WA",King,44,N 45th St & Stone Way N,44 - Ballard - University District - UW Station,Trolley,,47.661461,-122.342560
1425,Wallingford,"Seattle, WA",King,44,N 46th St & Green Lake Way N,44 - Ballard - University District - UW Station,Trolley,,47.662189,-122.345413
1426,Fremont,"Seattle, WA",King,44,Aurora Ramp & Fremont Ave N,44 - Ballard - University District - UW Station,Trolley,,47.662209,-122.349037
1427,Fremont,"Seattle, WA",King,44,N 46th St & Phinney Ave N,44 - Ballard - University District - UW Station,Trolley,,47.662212,-122.354324
1428,Phinney Ridge,"Seattle, WA",King,44,NW Market St & NW 48th St,44 - Ballard - University District - UW Station,Trolley,,47.663639,-122.357941
1429,Phinney Ridge,"Seattle, WA",King,44,NW Market St & NW 50th St,44 - Ballard - University District - UW Station,Trolley,,47.665184,-122.359619
1430,"Ballard, West Woodland","Seattle, WA",King,44,NW Market St & 3rd Ave NW,44 - Ballard - University District - UW Station,Trolley,,47.667763,-122.361328
1431,"Ballard, West Woodland","Seattle, WA",King,44,NW Market St & 5th Ave NW,44 - Ballard - University District - UW Station,Trolley,,47.668751,-122.363228
1432,"Ballard, West Woodland","Seattle, WA",King,44,NW Market St & 8th Ave NW,44 - Ballard - University District - UW Station,Trolley,,47.668735,-122.366493
1433,"Ballard, West Woodland","Seattle, WA",King,44,NW Market St & 11th Ave NW,44 - Ballard - University District - UW Station,Trolley,,47.668728,-122.371155
1434,"Adams, Ballard","Seattle, WA",King,44,NW Market St & 15th Ave NW,44 - Ballard - University District - UW Station,Trolley,,47.668735,-122.377136
1435,"Adams, Ballard","Seattle, WA",King,44,NW Market St & 20th Ave NW,44 - Ballard - University District - UW Station,Trolley,,47.668739,-122.382423
1436,"Adams, Ballard","Seattle, WA",King,17,NW Market St & Ballard Ave NW,44 - Ballard - University District - UW Station,Trolley,,47.668747,-122.386124
1437,"Adams, Ballard","Seattle, WA",King,17,NW Market St & 28th Ave NW,44 - Ballard - University District - UW Station,Trolley,,47.668724,-122.392639
1438,"Adams, Ballard","Seattle, WA",King,44,NW Market St & 30th Ave NW,44 - Ballard - University District - UW Station,Trolley,,47.668709,-122.396057
1439,"Ballard, Sunset Hill","Seattle, WA",King,44,32nd Ave NW & NW Market St,44 - Ballard - University District - UW Station,Trolley,,47.667934,-122.398415
1440,Central Business District,"Seattle, WA",King,3,Pike St & 4th Ave,49 - University District - Broadway - Seattle,Trolley,,47.610073,-122.336838
1441,Central Business District,"Seattle, WA",King,3,Pike St & 6th Ave,49 - University District - Broadway - Seattle,Trolley,,47.611034,-122.334526
1442,,"Seattle, WA",King,3,Pike St & 7th Ave,49 - University District - Broadway - Seattle,Trolley,,47.611809,-122.332687
1443,First Hill,"Seattle, WA",King,3,Pike St & Minor Ave,49 - University District - Broadway - Seattle,Trolley,,47.613785,-122.327957
1444,"Broadway, Capitol Hill","Seattle, WA",King,10,E Pine St & Summit Ave,49 - University District - Broadway - Seattle,Trolley,,47.615158,-122.324638
1445,"Broadway, Capitol Hill","Seattle, WA",King,10,E Pine St & Harvard Ave,49 - University District - Broadway - Seattle,Trolley,,47.615162,-122.321617
1446,"Broadway, Capitol Hill","Seattle, WA",King,9,Broadway E & E John St,49 - University District - Broadway - Seattle,Trolley,,47.619774,-122.320770
1447,"Broadway, Capitol Hill","Seattle, WA",King,9,Broadway E & E Harrison St,49 - University District - Broadway - Seattle,Trolley,,47.622196,-122.320816
1448,"Broadway, Capitol Hill","Seattle, WA",King,9,Broadway E & E Mercer St,49 - University District - Broadway - Seattle,Trolley,,47.624611,-122.320839
1449,"Broadway, Capitol Hill","Seattle, WA",King,49,10th Ave E & E Prospect St,49 - University District - Broadway - Seattle,Trolley,,47.628861,-122.320114
1450,"Broadway, Capitol Hill","Seattle, WA",King,49,10th Ave E & E Galer St,49 - University District - Broadway - Seattle,Trolley,,47.632214,-122.320099
1451,"Capitol Hill, Montlake","Seattle, WA",King,49,10th Ave E & E Howe St,49 - University District - Broadway - Seattle,Trolley,,47.636231,-122.319992
1452,"Capitol Hill, Montlake","Seattle, WA",King,49,10th Ave E & E Miller St,49 - University District - Broadway - Seattle,Trolley,,47.641067,-122.319969
1453,"Capitol Hill, Portage Bay","Seattle, WA",King,49,E Roanoke St & Broadway E,49 - University District - Broadway - Seattle,Trolley,,47.643261,-122.320747
1454,"Capitol Hill, Portage Bay","Seattle, WA",King,49,Harvard Ave E & E Shelby St,49 - University District - Broadway - Seattle,Trolley,,47.647171,-122.321999
1455,"Capitol Hill, Portage Bay","Seattle, WA",King,49,Harvard Ave E & Eastlake Ave E,49 - University District - Broadway - Seattle,Trolley,,47.649940,-122.321999
1456,University District,"Seattle, WA",King,49,NE Campus Pkwy & Brooklyn Ave NE - Bay 1,49 - University District - Broadway - Seattle,Trolley,,47.655922,-122.313980
1457,University District,"Seattle, WA",King,44,15th Ave NE & NE 42nd St,49 - University District - Broadway - Seattle,Trolley,,47.658668,-122.311905
1458,,"Seattle, WA",King,44,NE 43rd St & Brooklyn Ave NE - Bay 1,49 - University District - Broadway - Seattle,Trolley,,47.659878,-122.314117
1459,International District,"Seattle, WA",King,1,S Jackson St & 5th Ave S,70 - University District - Eastlake - Seattle,Trolley,,47.599266,-122.328384
1460,Pioneer Square,"Seattle, WA",King,1,Prefontaine Pl S & Yesler Way,70 - University District - Eastlake - Seattle,Trolley,,47.601658,-122.329941
1461,Central Business District,"Seattle, WA",King,1,3rd Ave & Columbia St,70 - University District - Eastlake - Seattle,Trolley,,47.604095,-122.332504
1462,Central Business District,"Seattle, WA",King,1,3rd Ave & Seneca St,70 - University District - Eastlake - Seattle,Trolley,,47.607052,-122.335213
1463,Central Business District,"Seattle, WA",King,1,3rd Ave & Pike St,70 - University District - Eastlake - Seattle,Trolley,,47.609642,-122.337585
1464,"Belltown, Denny Regrade","Seattle, WA",King,7,Virginia St & 6th Ave,70 - University District - Eastlake - Seattle,Trolley,,47.614227,-122.338394
1465,"Belltown, Denny Regrade","Seattle, WA",King,70,Virginia St & 9th Ave,70 - University District - Eastlake - Seattle,Trolley,,47.616547,-122.335388
1466,"Belltown, Denny Regrade","Seattle, WA",King,70,Fairview Ave & Denny Way,70 - University District - Eastlake - Seattle,Trolley,,47.618874,-122.334198
1467,Cascade,"Seattle, WA",King,70,Fairview Ave N & Harrison St,70 - University District - Eastlake - Seattle,Trolley,,47.622276,-122.334229
1468,Cascade,"Seattle, WA",King,70,Fairview Ave N & Valley St,70 - University District - Eastlake - Seattle,Trolley,,47.626614,-122.333450
1469,Cascade,"Seattle, WA",King,70,Fairview Ave N & Yale Ave N,70 - University District - Eastlake - Seattle,Trolley,,47.628876,-122.330597
1470,Cascade,"Seattle, WA",King,70,Fairview Ave E & Yale Ave N,70 - University District - Eastlake - Seattle,Trolley,,47.629974,-122.329185
1471,"Cascade, Eastlake","Seattle, WA",King,70,Eastlake Ave E & E Howe St,70 - University District - Eastlake - Seattle,Trolley,,47.636162,-122.325577
1472,"Cascade, Eastlake","Seattle, WA",King,70,Eastlake Ave E & E Louisa St,70 - University District - Eastlake - Seattle,Trolley,,47.642281,-122.325783
1473,"Cascade, Eastlake","Seattle, WA",King,70,Eastlake Ave E & E Allison St,70 - University District - Eastlake - Seattle,Trolley,,47.648945,-122.323204
1474,University District,"Seattle, WA",King,49,NE Campus Pkwy & Brooklyn Ave NE - Bay 1,70 - University District - Eastlake - Seattle,Trolley,,47.655922,-122.313980
1475,University District,"Seattle, WA",King,44,15th Ave NE & NE 42nd St,70 - University District - Eastlake - Seattle,Trolley,,47.658668,-122.311905
1476,,"Seattle, WA",King,44,NE 43rd St & Brooklyn Ave NE - Bay 1,70 - University District - Eastlake - Seattle,Trolley,,47.659878,-122.314117
1477,"Broadway, Capitol Hill","Seattle, WA",King,9,E Aloha St & Broadway E,9 - Rainier Beach - Columbia City - Broadway,Express,,47.626766,-122.320961
1478,"Broadway, Capitol Hill","Seattle, WA",King,9,E Roy St & Broadway E,9 - Rainier Beach - Columbia City - Broadway,Express,,47.625267,-122.320702
1479,"Broadway, Capitol Hill","Seattle, WA",King,9,Broadway E & E Republican St,9 - Rainier Beach - Columbia City - Broadway,Express,,47.622894,-122.321014
1480,"Broadway, Capitol Hill","Seattle, WA",King,9,Broadway E & E Thomas St,9 - Rainier Beach - Columbia City - Broadway,Express,,47.620815,-122.320992
1481,"Broadway, Capitol Hill","Seattle, WA",King,9,Broadway & E Denny Way,9 - Rainier Beach - Columbia City - Broadway,Express,,47.618538,-122.320946
1482,"Broadway, Capitol Hill","Seattle, WA",King,9,Broadway & E Pine St,9 - Rainier Beach - Columbia City - Broadway,Express,,47.616192,-122.320923
1483,"Broadway, Capitol Hill","Seattle, WA",King,9,Broadway & E Pike St,9 - Rainier Beach - Columbia City - Broadway,Express,,47.614140,-122.320885
1484,First Hill,"Seattle, WA",King,9,Broadway & E Union St,9 - Rainier Beach - Columbia City - Broadway,Express,,47.612713,-122.320885
1485,First Hill,"Seattle, WA",King,9,Broadway & Marion St,9 - Rainier Beach - Columbia City - Broadway,Express,,47.609745,-122.320869
1486,Yesler Terrace,"Seattle, WA",King,9,Broadway & Terrace St,9 - Rainier Beach - Columbia City - Broadway,Express,,47.605583,-122.320854
1487,Yesler Terrace,"Seattle, WA",King,9,Boren Ave & E Yesler Way,9 - Rainier Beach - Columbia City - Broadway,Express,,47.601963,-122.318230
1488,International District,"Seattle, WA",King,7,Rainier Ave S & S King St,9 - Rainier Beach - Columbia City - Broadway,Express,,47.598473,-122.313629
1489,"Beacon Hill, North Beacon Hill","Seattle, WA",King,7,Rainier Ave S & S Charles St,9 - Rainier Beach - Columbia City - Broadway,Express,,47.593727,-122.309998
1490,"Beacon Hill, North Beacon Hill","Seattle, WA",King,7,Rainier Ave S & I-90,9 - Rainier Beach - Columbia City - Broadway,Express,,47.589027,-122.306412
1491,"Beacon Hill, North Beacon Hill","Seattle, WA",King,7,Rainier Ave S & S Walker St,9 - Rainier Beach - Columbia City - Broadway,Express,,47.583733,-122.302368
1492,"Beacon Hill, North Beacon Hill","Seattle, WA",King,7,Rainier Ave S & S Forest St - Bay 4,9 - Rainier Beach - Columbia City - Broadway,Express,,47.576828,-122.297112
1493,"Columbia City, Rainier Valley","Seattle, WA",King,7,Rainier Ave S & S Andover St,9 - Rainier Beach - Columbia City - Broadway,Express,,47.568123,-122.289490
1494,"Columbia City, Rainier Valley","Seattle, WA",King,7,Rainier Ave S & S Genesee St,9 - Rainier Beach - Columbia City - Broadway,Express,,47.563683,-122.288177
1495,"Columbia City, Rainier Valley","Seattle, WA",King,7,Rainier Ave S & S Edmunds St,9 - Rainier Beach - Columbia City - Broadway,Express,,47.558830,-122.285652
1496,"Columbia City, Rainier Valley","Seattle, WA",King,7,Rainier Ave S & S Orcas St,9 - Rainier Beach - Columbia City - Broadway,Express,,47.550926,-122.277634
1497,"Brighton, Rainier Valley","Seattle, WA",King,7,Rainier Ave S & S Graham St,9 - Rainier Beach - Columbia City - Broadway,Express,,47.545670,-122.275665
1498,"Brighton, Rainier Valley","Seattle, WA",King,7,Rainier Ave S & S Holly St,9 - Rainier Beach - Columbia City - Broadway,Express,,47.542221,-122.272743
1499,"Brighton, Rainier Valley","Seattle, WA",King,7,Rainier Ave S & S Frontenac St,9 - Rainier Beach - Columbia City - Broadway,Express,,47.539314,-122.270927
1500,"Brighton, Rainier Valley","Seattle, WA",King,7,Rainier Ave S & S Othello St,9 - Rainier Beach - Columbia City - Broadway,Express,,47.536625,-122.270294
1501,"Brighton, Rainier Valley","Seattle, WA",King,7,Rainier Ave S & S Holden St,9 - Rainier Beach - Columbia City - Broadway,Express,,47.533348,-122.270088
1502,"Dunlap, Rainier Valley","Seattle, WA",King,7,Rainier Ave S & S Rose St,9 - Rainier Beach - Columbia City - Broadway,Express,,47.528767,-122.270088
1503,"Dunlap, Rainier Valley","Seattle, WA",King,7,Rainier Ave S & S Cloverdale St,9 - Rainier Beach - Columbia City - Broadway,Express,,47.525925,-122.270088
1504,"Dunlap, Rainier Valley","Seattle, WA",King,9,S Henderson St & Rainier Ave S,9 - Rainier Beach - Columbia City - Broadway,Express,,47.523376,-122.270554
1505,"Dunlap, Rainier Valley","Seattle, WA",King,9,S Henderson St & Renton Ave S,9 - Rainier Beach - Columbia City - Broadway,Express,,47.523384,-122.276894
1506,International District,"Seattle, WA",King,5,4th Ave S & S Jackson St,17 - Loyal Heights - Ballard - Seattle,Express,,47.599827,-122.328972
1507,Pioneer Square,"Seattle, WA",King,5,3rd Ave & James St,17 - Loyal Heights - Ballard - Seattle,Express,,47.602642,-122.331184
1508,Central Business District,"Seattle, WA",King,5,3rd Ave & Madison St,17 - Loyal Heights - Ballard - Seattle,Express,,47.605541,-122.333832
1509,Central Business District,"Seattle, WA",King,5,3rd Ave & Union St,17 - Loyal Heights - Ballard - Seattle,Express,,47.608688,-122.336700
1510,Central Business District,"Seattle, WA",King,5,3rd Ave & Pine St,17 - Loyal Heights - Ballard - Seattle,Express,,47.611137,-122.338951
1511,"Belltown, Denny Regrade","Seattle, WA",King,1,3rd Ave & Virginia St,17 - Loyal Heights - Ballard - Seattle,Express,,47.612995,-122.341743
1512,"Belltown, Denny Regrade","Seattle, WA",King,1,3rd Ave & Bell St,17 - Loyal Heights - Ballard - Seattle,Express,,47.615120,-122.345337
1513,Queen Anne,"Seattle, WA",King,17,Denny Way & Queen Anne Ave N,17 - Loyal Heights - Ballard - Seattle,Express,,47.618656,-122.356606
1514,Queen Anne,"Seattle, WA",King,17,Elliott Ave W & 4th Ave W,17 - Loyal Heights - Ballard - Seattle,Express,,47.621441,-122.361740
1515,West Queen Anne,"Seattle, WA",King,17,Elliott Ave W & W Prospect St,17 - Loyal Heights - Ballard - Seattle,Express,,47.629013,-122.371414
1516,"Ballard, West Woodland","Seattle, WA",King,17,15th Ave NW & NW Leary Way,17 - Loyal Heights - Ballard - Seattle,Express,,47.663437,-122.375977
1517,"Adams, Ballard","Seattle, WA",King,17,NW Market St & Ballard Ave NW,17 - Loyal Heights - Ballard - Seattle,Express,,47.668747,-122.386124
1518,"Adams, Ballard","Seattle, WA",King,17,NW Market St & 28th Ave NW,17 - Loyal Heights - Ballard - Seattle,Express,,47.668724,-122.392639
1519,"Adams, Ballard","Seattle, WA",King,17,NW 54th St & NW Market St,17 - Loyal Heights - Ballard - Seattle,Express,,47.668381,-122.395302
1520,"Adams, Ballard","Seattle, WA",King,17,32nd Ave NW & NW Market St,17 - Loyal Heights - Ballard - Seattle,Express,,47.668552,-122.398216
1521,"Adams, Ballard","Seattle, WA",King,17,32nd Ave NW & NW 56th St,17 - Loyal Heights - Ballard - Seattle,Express,,47.669784,-122.398224
1522,"Adams, Ballard","Seattle, WA",King,17,32nd Ave NW & NW 58th St,17 - Loyal Heights - Ballard - Seattle,Express,,47.671169,-122.398224
1523,"Adams, Ballard","Seattle, WA",King,17,32nd Ave NW & NW 60th St,17 - Loyal Heights - Ballard - Seattle,Express,,47.672405,-122.398254
1524,"Adams, Ballard","Seattle, WA",King,17,32nd Ave NW & NW 62nd St,17 - Loyal Heights - Ballard - Seattle,Express,,47.673882,-122.398277
1525,"Adams, Ballard","Seattle, WA",King,17,32nd Ave NW & NW 64th St,17 - Loyal Heights - Ballard - Seattle,Express,,47.675384,-122.398277
1526,"Ballard, Sunset Hill","Seattle, WA",King,17,32nd Ave NW & NW 66th St,17 - Loyal Heights - Ballard - Seattle,Express,,47.676773,-122.398270
1527,"Ballard, Sunset Hill","Seattle, WA",King,17,32nd Ave NW & NW 69th St,17 - Loyal Heights - Ballard - Seattle,Express,,47.678661,-122.398277
1528,"Ballard, Sunset Hill","Seattle, WA",King,17,32nd Ave NW & NW 71st St,17 - Loyal Heights - Ballard - Seattle,Express,,47.680439,-122.398293
1529,"Ballard, Sunset Hill","Seattle, WA",King,17,32nd Ave NW & NW 73rd St,17 - Loyal Heights - Ballard - Seattle,Express,,47.681858,-122.398293
1530,"Ballard, Sunset Hill","Seattle, WA",King,17,32nd Ave NW & NW 75th St,17 - Loyal Heights - Ballard - Seattle,Express,,47.683518,-122.398201
1531,"Ballard, Sunset Hill","Seattle, WA",King,17,32nd Ave NW & NW 77th St,17 - Loyal Heights - Ballard - Seattle,Express,,47.685085,-122.398216
1532,"Ballard, Sunset Hill","Seattle, WA",King,17,32nd Ave NW & NW 80th St,17 - Loyal Heights - Ballard - Seattle,Express,,47.686989,-122.398201
1533,"Ballard, Sunset Hill","Seattle, WA",King,17,32nd Ave NW & Loyal Way NW,17 - Loyal Heights - Ballard - Seattle,Express,,47.688347,-122.398216
1534,"Ballard, Sunset Hill","Seattle, WA",King,17,32nd Ave NW & NW 85th St,17 - Loyal Heights - Ballard - Seattle,Express,,47.690022,-122.398216
1535,North Beach/Blue Ridge,"Seattle, WA",King,17,Golden Gardens Dr NW & NW 87th St,17 - Loyal Heights - Ballard - Seattle,Express,,47.692593,-122.398720
1536,North Beach/Blue Ridge,"Seattle, WA",King,17,Golden Gardens Dr NW & Loyal Ave NW,17 - Loyal Heights - Ballard - Seattle,Express,,47.693836,-122.399452
1537,"Ballard, Sunset Hill","Seattle, WA",King,17,View Ave NW & Golden Gardens Dr NW,17 - Loyal Heights - Ballard - Seattle,Express,,47.694275,-122.400757
1538,"Ballard, Sunset Hill","Seattle, WA",King,17,View Ave NW & Loyal Ave NW,17 - Loyal Heights - Ballard - Seattle,Express,,47.695312,-122.401215
1539,Industrial District,"Seattle, WA",King,5,4th Ave S & S Royal Brougham Way,28 - Broadview - Ballard - Seattle,Express,,47.593342,-122.328957
1540,International District,"Seattle, WA",King,5,4th Ave S & S Jackson St,28 - Broadview - Ballard - Seattle,Express,,47.599827,-122.328972
1541,Pioneer Square,"Seattle, WA",King,5,3rd Ave & James St,28 - Broadview - Ballard - Seattle,Express,,47.602642,-122.331184
1542,Central Business District,"Seattle, WA",King,5,3rd Ave & Madison St,28 - Broadview - Ballard - Seattle,Express,,47.605541,-122.333832
1543,Central Business District,"Seattle, WA",King,5,3rd Ave & Union St,28 - Broadview - Ballard - Seattle,Express,,47.608688,-122.336700
1544,Central Business District,"Seattle, WA",King,5,3rd Ave & Pine St,28 - Broadview - Ballard - Seattle,Express,,47.611137,-122.338951
1545,"Belltown, Denny Regrade","Seattle, WA",King,1,3rd Ave & Virginia St,28 - Broadview - Ballard - Seattle,Express,,47.612995,-122.341743
1546,"Belltown, Denny Regrade","Seattle, WA",King,1,3rd Ave & Bell St,28 - Broadview - Ballard - Seattle,Express,,47.615120,-122.345337
1547,,"Seattle, WA",King,5,7th Ave N & Denny Way,28 - Broadview - Ballard - Seattle,Express,,47.619087,-122.343445
1548,,"Seattle, WA",King,5,7th Ave N & Harrison St,28 - Broadview - Ballard - Seattle,Express,,47.621895,-122.343506
1549,"Cascade, Westlake","Seattle, WA",King,5,Aurora Ave N & Galer St,28 - Broadview - Ballard - Seattle,Express,,47.632572,-122.343323
1550,Queen Anne,"Seattle, WA",King,5,Aurora Ave N & Lynn St,28 - Broadview - Ballard - Seattle,Express,,47.638874,-122.345200
1551,Fremont,"Seattle, WA",King,5,Aurora Ave N & N 38th St,28 - Broadview - Ballard - Seattle,Express,,47.652473,-122.346619
1552,Fremont,"Seattle, WA",King,28,N 39th St & Evanston Ave N,28 - Broadview - Ballard - Seattle,Express,,47.654217,-122.351524
1553,Fremont,"Seattle, WA",King,28,N 39th St & Phinney Ave N,28 - Broadview - Ballard - Seattle,Express,,47.654228,-122.354919
1554,Fremont,"Seattle, WA",King,28,Leary Way NW & NW 43rd St,28 - Broadview - Ballard - Seattle,Express,,47.658680,-122.364349
1555,"Ballard, West Woodland","Seattle, WA",King,28,8th Ave NW & NW 45th St,28 - Broadview - Ballard - Seattle,Express,,47.661701,-122.366081
1556,"Ballard, West Woodland","Seattle, WA",King,28,8th Ave NW & NW 50th St,28 - Broadview - Ballard - Seattle,Express,,47.665203,-122.366081
1557,"Ballard, West Woodland","Seattle, WA",King,28,8th Ave NW & NW Market St,28 - Broadview - Ballard - Seattle,Express,,47.668934,-122.366081
1558,"Ballard, West Woodland","Seattle, WA",King,28,8th Ave NW & NW 60th St,28 - Broadview - Ballard - Seattle,Express,,47.672543,-122.366058
1559,Phinney Ridge,"Seattle, WA",King,28,8th Ave NW & NW 65th St,28 - Broadview - Ballard - Seattle,Express,,47.676308,-122.365852
1560,Phinney Ridge,"Seattle, WA",King,28,8th Ave NW & NW 70th St,28 - Broadview - Ballard - Seattle,Express,,47.679733,-122.365936
1561,Phinney Ridge,"Seattle, WA",King,28,8th Ave NW & NW 73rd St,28 - Broadview - Ballard - Seattle,Express,,47.681957,-122.365875
1562,Greenwood,"Seattle, WA",King,28,8th Ave NW & NW 75th St,28 - Broadview - Ballard - Seattle,Express,,47.683456,-122.365868
1563,Greenwood,"Seattle, WA",King,28,8th Ave NW & NW 80th St,28 - Broadview - Ballard - Seattle,Express,,47.687176,-122.365921
1564,Greenwood,"Seattle, WA",King,28,8th Ave NW & NW 84th St,28 - Broadview - Ballard - Seattle,Express,,47.690227,-122.365852
1565,Greenwood,"Seattle, WA",King,28,8th Ave NW & NW 90th St,28 - Broadview - Ballard - Seattle,Express,,47.694504,-122.365921
1566,Greenwood,"Seattle, WA",King,28,8th Ave NW & NW 95th St,28 - Broadview - Ballard - Seattle,Express,,47.698132,-122.365936
1567,Greenwood,"Seattle, WA",King,28,8th Ave NW & NW 100th Pl,28 - Broadview - Ballard - Seattle,Express,,47.701160,-122.365959
1568,Greenwood,"Seattle, WA",King,28,NW 100th Pl & 7th Ave NW,28 - Broadview - Ballard - Seattle,Express,,47.702621,-122.363472
1569,Belltown,"Seattle, WA",King,111,2nd Ave & Bell St,162 - Lake Meridian - Kent - Seattle,Express,,47.613705,-122.345253
1570,Pike Market,"Seattle, WA",King,113,2nd Ave & Lenora St,162 - Lake Meridian - Kent - Seattle,Express,,47.612099,-122.342522
1571,Pike Market,"Seattle, WA",King,101,2nd Ave & Pike St,162 - Lake Meridian - Kent - Seattle,Express,,47.608646,-122.338432
1572,Central Business District,"Seattle, WA",King,101,2nd Ave & Marion St,162 - Lake Meridian - Kent - Seattle,Express,,47.604466,-122.334625
1573,Pioneer Square,"Seattle, WA",King,101,2nd Ave & James St,162 - Lake Meridian - Kent - Seattle,Express,,47.602478,-122.332809
1574,Pioneer Square,"Seattle, WA",King,101,2nd Ave Ext S & S Jackson St,162 - Lake Meridian - Kent - Seattle,Express,,47.599266,-122.329857
1575,,"Kent, WA",King,162,Kent Des Moines Rd & I-5 Ramp,162 - Lake Meridian - Kent - Seattle,Express,,47.391796,-122.291565
1576,,"Kent, WA",King,162,SR 516 & Military Rd S,162 - Lake Meridian - Kent - Seattle,Express,,47.390625,-122.286018
1577,,"Kent, WA",King,162,W Meeker St & Frager Rd,162 - Lake Meridian - Kent - Seattle,Express,,47.377911,-122.270378
1578,,"Kent, WA",King,162,W Meeker St & Russell Rd,162 - Lake Meridian - Kent - Seattle,Express,,47.380501,-122.262344
1580,,"Kent, WA",King,162,W Meeker St & 64th Ave S,162 - Lake Meridian - Kent - Seattle,Express,,47.381126,-122.257179
1581,O'Brien,"Kent, WA",King,162,64th Ave S & W Meeker St,162 - Lake Meridian - Kent - Seattle,Express,,47.381939,-122.253593
1582,O'Brien,"Kent, WA",King,150,W James St & 64th Ave S,162 - Lake Meridian - Kent - Seattle,Express,,47.386658,-122.253113
1583,O'Brien,"Kent, WA",King,150,W James St & Washington Ave N,162 - Lake Meridian - Kent - Seattle,Express,,47.386646,-122.246681
1584,,"Kent, WA",King,150,W James St & Lincoln Ave N,162 - Lake Meridian - Kent - Seattle,Express,,47.386627,-122.242882
1585,,"Kent, WA",King,150,W James St & 4th Ave N,162 - Lake Meridian - Kent - Seattle,Express,,47.386585,-122.238823
1586,,"Kent, WA",King,150,W James St & 1st Ave N,162 - Lake Meridian - Kent - Seattle,Express,,47.386581,-122.233917
1587,,"Kent, WA",King,162,Kent Sounder Station - Bay 4,162 - Lake Meridian - Kent - Seattle,Express,,47.385178,-122.232414
1588,Mill Creek - Kent,"Kent, WA",King,160,State Ave N & E Smith St,162 - Lake Meridian - Kent - Seattle,Express,,47.383637,-122.229889
1589,Scenic Hill,"Kent, WA",King,160,Canyon Dr SE & E Titus St,162 - Lake Meridian - Kent - Seattle,Express,,47.383156,-122.224464
1590,Scenic Hill,"Kent, WA",King,160,Canyon Dr SE & 94th Ave S,162 - Lake Meridian - Kent - Seattle,Express,,47.378967,-122.216133
1591,,"Kent, WA",King,160,Canyon Dr SE & S 252nd St,162 - Lake Meridian - Kent - Seattle,Express,,47.375759,-122.212608
1592,,"Kent, WA",King,160,SE 256th St & 101st Ave SE,162 - Lake Meridian - Kent - Seattle,Express,,47.372475,-122.206009
1593,,"Kent, WA",King,162,Kent Kangley Rd & 108th Ave SE,162 - Lake Meridian - Kent - Seattle,Express,,47.370434,-122.196793
1594,,"Kent, WA",King,162,Kent Kangley Rd & 111th Ave SE,162 - Lake Meridian - Kent - Seattle,Express,,47.369095,-122.192963
1595,,"Kent, WA",King,162,Kent Kangley Rd & 116th Ave SE,162 - Lake Meridian - Kent - Seattle,Express,,47.367020,-122.187103
1596,,"Kent, WA",King,162,Kent Kangley Rd & 124th Ave SE,162 - Lake Meridian - Kent - Seattle,Express,,47.362938,-122.175743
1597,,"Kent, WA",King,162,Kent Kangley Rd & 127th Ave SE,162 - Lake Meridian - Kent - Seattle,Express,,47.360432,-122.171440
1598,,"Kent, WA",King,162,132nd Ave SE & SE Kent-Kangley Rd,162 - Lake Meridian - Kent - Seattle,Express,,47.358505,-122.165375
1599,Kent East Hill,"Kent, WA",King,162,Lake Meridian P&R & 132 AV S IN LOOP,162 - Lake Meridian - Kent - Seattle,Express,,47.361057,-122.166191
1600,Steel Lake,"Federal Way, WA",King,182,Federal Way Downtown Station - Bay 9,182 - Northeast Tacoma - Federal Way Transit Center,Express,,47.316933,-122.303398
1601,,"Federal Way, WA",King,182,23rd Ave S & S 322nd St,182 - Northeast Tacoma - Federal Way Transit Center,Express,,47.312508,-122.303543
1602,,"Federal Way, WA",King,182,S 324th St & 17th Ave S,182 - Northeast Tacoma - Federal Way Transit Center,Express,,47.311676,-122.306046
1604,West Campus - Fed Way,"Federal Way, WA",King,182,Pacific Hwy S & S 324th St,182 - Northeast Tacoma - Federal Way Transit Center,Express,,47.311134,-122.313576
1605,West Campus - Fed Way,"Federal Way, WA",King,182,Pacific Hwy S & S 330th St,182 - Northeast Tacoma - Federal Way Transit Center,Express,,47.305481,-122.313583
1606,West Campus - Fed Way,"Federal Way, WA",King,182,S 336th St & Pacific Hwy S,182 - Northeast Tacoma - Federal Way Transit Center,Express,,47.300747,-122.314133
1607,West Campus - Fed Way,"Federal Way, WA",King,182,S 336th St & 13th Pl S,182 - Northeast Tacoma - Federal Way Transit Center,Express,,47.300754,-122.317123
1608,West Campus - Fed Way,"Federal Way, WA",King,182,S 336th St & 10th Pl S,182 - Northeast Tacoma - Federal Way Transit Center,Express,,47.300762,-122.320946
1609,West Campus - Fed Way,"Federal Way, WA",King,182,9th Ave S & S 336th St,182 - Northeast Tacoma - Federal Way Transit Center,Express,,47.299748,-122.323067
1611,West Campus - Fed Way,"Federal Way, WA",King,182,9th Ave S & S 344th St,182 - Northeast Tacoma - Federal Way Transit Center,Express,,47.294762,-122.321945
1613,West Campus - Fed Way,"Federal Way, WA",King,182,9th Ave S & S 348th St,182 - Northeast Tacoma - Federal Way Transit Center,Express,,47.289982,-122.323067
1614,West Campus - Fed Way,"Federal Way, WA",King,182,S 348th St & 6th Ave S,182 - Northeast Tacoma - Federal Way Transit Center,Express,,47.289940,-122.326988
1615,Campus Highlands - Fed Wy,"Federal Way, WA",King,182,1st Ave S & SW Campus Dr,182 - Northeast Tacoma - Federal Way Transit Center,Express,,47.289440,-122.334717
1616,Campus Highlands - Fed Wy,"Federal Way, WA",King,182,SW 356th St & 1st Ave S,182 - Northeast Tacoma - Federal Way Transit Center,Express,,47.282707,-122.335297
1617,Madrona (Meadows) - Fed Wy,"Federal Way, WA",King,182,SW 356th St & 8th Ave SW,182 - Northeast Tacoma - Federal Way Transit Center,Express,,47.282242,-122.345787
1618,Madrona (Meadows) - Fed Wy,"Federal Way, WA",King,182,SW 356th St & 13th Way SW,182 - Northeast Tacoma - Federal Way Transit Center,Express,,47.282680,-122.353294
1619,Madrona (Meadows) - Fed Wy,"Federal Way, WA",King,182,SW 356th St & 18th Ave SW,182 - Northeast Tacoma - Federal Way Transit Center,Express,,47.282700,-122.357071
1620,Madrona (Meadows) - Fed Wy,"Federal Way, WA",King,182,SW 356th St & 21st Ave SW,182 - Northeast Tacoma - Federal Way Transit Center,Express,,47.282757,-122.360771
1621,,"Tacoma, WA",Pierce,182,29th St NE & 62nd Ave NE,182 - Northeast Tacoma - Federal Way Transit Center,Express,,47.282856,-122.364265
1622,,"Tacoma, WA",Pierce,182,Norpoint Way NE & 29th St NE,182 - Northeast Tacoma - Federal Way Transit Center,Express,,47.283135,-122.367149
1623,,"Tacoma, WA",Pierce,182,Norpoint Way NE & 57th Ave NE,182 - Northeast Tacoma - Federal Way Transit Center,Express,,47.286472,-122.370522
1624,,"Tacoma, WA",Pierce,182,Norpoint Way NE & 53rd Ave NE,182 - Northeast Tacoma - Federal Way Transit Center,Express,,47.286484,-122.376030
1625,,"Tacoma, WA",Pierce,182,Norpoint Way NE & 49th Ave NE,182 - Northeast Tacoma - Federal Way Transit Center,Express,,47.286495,-122.381630
1626,,"Tacoma, WA",Pierce,182,49th Ave NE & Norpoint Way NE,182 - Northeast Tacoma - Federal Way Transit Center,Express,,47.286884,-122.382118
1627,,"Tacoma, WA",Pierce,182,49th Ave NE & 38th St NE,182 - Northeast Tacoma - Federal Way Transit Center,Express,,47.290802,-122.382095
1628,,"Tacoma, WA",Pierce,182,49th Ave NE & 42nd St NE,182 - Northeast Tacoma - Federal Way Transit Center,Express,,47.294853,-122.382050
1629,"Central District, Minor, Squire Park","Seattle, WA",King,3,E Jefferson St & 18th Ave,193 - Federal Way - First Hill,Express,,47.606251,-122.309669
1630,First Hill,"Seattle, WA",King,3,E Jefferson St & 12th Ave,193 - Federal Way - First Hill,Express,,47.606266,-122.317108
1631,Yesler Terrace,"Seattle, WA",King,3,Jefferson St & Broadway,193 - Federal Way - First Hill,Express,,47.606155,-122.321167
1632,Yesler Terrace,"Seattle, WA",King,3,Jefferson St & 9th Ave,193 - Federal Way - First Hill,Express,,47.605007,-122.323914
1633,First Hill,"Seattle, WA",King,193,9th Ave & Spring St,193 - Federal Way - First Hill,Express,,47.608990,-122.327782
1634,First Hill,"Seattle, WA",King,193,Boren Ave & Seneca St,193 - Federal Way - First Hill,Express,,47.610374,-122.326210
1635,First Hill,"Seattle, WA",King,193,Boren Ave & Madison St,193 - Federal Way - First Hill,Express,,47.608955,-122.324913
1636,First Hill,"Seattle, WA",King,193,Boren Ave & Columbia St,193 - Federal Way - First Hill,Express,,47.607594,-122.323669
1637,,"Tukwila, WA",King,150,52nd Ave S P&R - Bay 1,193 - Federal Way - First Hill,Express,,47.482296,-122.268044
1638,Foster,"Tukwila, WA",King,193,Interurban Ave S & 48th Ave S,193 - Federal Way - First Hill,Express,,47.484615,-122.272087
1639,,"Kent, WA",King,193,Kent-Des Moines Freeway Station,193 - Federal Way - First Hill,Express,,47.391254,-122.292152
1640,,"Kent, WA",King,193,I-5 & S 272nd St,193 - Federal Way - First Hill,Express,,47.359146,-122.297218
1641,Steel Lake,"Federal Way, WA",King,177,S 317th St & 26th Ave S,193 - Federal Way - First Hill,Express,,47.317841,-122.299789
1642,Steel Lake,"Federal Way, WA",King,177,23rd Ave S & S 319th Pl - Bay 11,193 - Federal Way - First Hill,Express,,47.316452,-122.303230
1643,,"Federal Way, WA",King,177,FedWay/S 320th St P&R - Bay 2,193 - Federal Way - First Hill,Express,,47.312542,-122.300636
1644,,"Seattle, WA",King,322,12th Ave & E Terrace St,322 - Kenmore - Lake City - First Hill,Express,,47.605041,-122.316689
1645,Yesler Terrace,"Seattle, WA",King,3,Jefferson St & Broadway,322 - Kenmore - Lake City - First Hill,Express,,47.606155,-122.321167
1646,Yesler Terrace,"Seattle, WA",King,3,Jefferson St & 9th Ave,322 - Kenmore - Lake City - First Hill,Express,,47.605007,-122.323914
1647,First Hill,"Seattle, WA",King,60,9th Ave & James St,322 - Kenmore - Lake City - First Hill,Express,,47.606022,-122.325058
1648,First Hill,"Seattle, WA",King,60,9th Ave & Columbia St,322 - Kenmore - Lake City - First Hill,Express,,47.607208,-122.326141
1649,First Hill,"Seattle, WA",King,193,9th Ave & Spring St,322 - Kenmore - Lake City - First Hill,Express,,47.608990,-122.327782
1650,"Belltown, Denny Regrade","Seattle, WA",King,70,Virginia St & 9th Ave,322 - Kenmore - Lake City - First Hill,Express,,47.616547,-122.335388
1651,"Belltown, Denny Regrade","Seattle, WA",King,70,Fairview Ave & Denny Way,322 - Kenmore - Lake City - First Hill,Express,,47.618874,-122.334198
1652,Cascade,"Seattle, WA",King,70,Fairview Ave N & Harrison St,322 - Kenmore - Lake City - First Hill,Express,,47.622276,-122.334229
1653,,"Seattle, WA",King,40,Northgate Light Rail Station & NE 103rd St - Bay 4,322 - Kenmore - Lake City - First Hill,Express,,47.702309,-122.328026
1654,"Maple Leaf, Northgate","Seattle, WA",King,322,NE 100th St & 4th Ave NE,322 - Kenmore - Lake City - First Hill,Express,,47.701271,-122.324471
1655,"Maple Leaf, Northgate","Seattle, WA",King,61,5th Ave NE & NE 103rd St,322 - Kenmore - Lake City - First Hill,Express,,47.703541,-122.323051
1656,"Maple Leaf, Northgate","Seattle, WA",King,61,5th Ave NE & NE 106th St,322 - Kenmore - Lake City - First Hill,Express,,47.706219,-122.323105
1657,"Maple Leaf, Northgate","Seattle, WA",King,61,NE Northgate Way & 5th Ave NE,322 - Kenmore - Lake City - First Hill,Express,,47.708519,-122.322723
1658,"Maple Leaf, Northgate","Seattle, WA",King,61,NE Northgate Way & Roosevelt Way NE,322 - Kenmore - Lake City - First Hill,Express,,47.708489,-122.317429
1659,"Lake City, Victory Heights","Seattle, WA",King,61,NE Northgate Way & 15th Ave NE,322 - Kenmore - Lake City - First Hill,Express,,47.708458,-122.312149
1660,"Lake City, Victory Heights","Seattle, WA",King,61,NE Northgate Way & 19th Ave NE,322 - Kenmore - Lake City - First Hill,Express,,47.708420,-122.307823
1661,"Lake City, Victory Heights","Seattle, WA",King,61,NE Northgate Way & 23rd Ave NE,322 - Kenmore - Lake City - First Hill,Express,,47.708965,-122.303917
1662,"Lake City, Meadowbrook","Seattle, WA",King,61,Lake City Way NE & NE 113th St,322 - Kenmore - Lake City - First Hill,Express,,47.711041,-122.300011
1663,"Cedar Park, Lake City","Seattle, WA",King,61,Lake City Way NE & NE 120th St,322 - Kenmore - Lake City - First Hill,Express,,47.715919,-122.297112
1664,"Cedar Park, Lake City","Seattle, WA",King,61,Lake City Way NE & NE 125th St,322 - Kenmore - Lake City - First Hill,Express,,47.720303,-122.294518
1665,"Cedar Park, Lake City","Seattle, WA",King,61,Lake City Way NE & NE 130th St,322 - Kenmore - Lake City - First Hill,Express,,47.723328,-122.292892
1666,"Cedar Park, Lake City","Seattle, WA",King,322,Lake City Way NE & NE 137th St,322 - Kenmore - Lake City - First Hill,Express,,47.728626,-122.292168
1667,,"Lake Forest Park, WA",King,322,Bothell Way NE & NE 145th St,322 - Kenmore - Lake City - First Hill,Express,,47.734646,-122.292343
1668,,"Lake Forest Park, WA",King,322,Bothell Way NE & NE 153rd St,322 - Kenmore - Lake City - First Hill,Express,,47.739906,-122.289215
1669,,"Lake Forest Park, WA",King,322,Bothell Way NE & NE 165th St,322 - Kenmore - Lake City - First Hill,Express,,47.748497,-122.284599
1670,,"Lake Forest Park, WA",King,322,Bothell Way NE & NE 170th St,322 - Kenmore - Lake City - First Hill,Express,,47.752117,-122.279831
1671,,"Lake Forest Park, WA",King,322,Bothell Way NE & Ballinger Way NE,322 - Kenmore - Lake City - First Hill,Express,,47.753670,-122.275978
1672,,"Kenmore, WA",King,322,NE Bothell Way & 61st Ave NE,322 - Kenmore - Lake City - First Hill,Express,,47.758305,-122.261749
1673,,"Kenmore, WA",King,322,NE Bothell Way & 68th Ave NE,322 - Kenmore - Lake City - First Hill,Express,,47.758179,-122.248703
1674,,"Kenmore, WA",King,322,Kenmore Park & Ride & 73rd Ave NE,322 - Kenmore - Lake City - First Hill,Express,,47.759201,-122.243057
1675,,"Kenmore, WA",King,225,Kenmore P&R & NE Bothell Way,322 - Kenmore - Lake City - First Hill,Express,,47.758408,-122.241295
1676,,"Duvall, WA",King,224,Brown Ave NE & NE Richardson St,629 - No. Bend-Snoqualmie - Fall City - Duvall,Express,,47.739212,-121.985886
1677,,"Duvall, WA",King,224,SR 203 & NE 145th St,629 - No. Bend-Snoqualmie - Fall City - Duvall,Express,,47.733341,-121.987419
1678,,"Duvall, WA",King,224,NE Big Rock Rd & Carnation Duvall Rd NE,629 - No. Bend-Snoqualmie - Fall City - Duvall,Express,,47.727623,-121.985138
1679,,"Duvall, WA",King,629,NE Big Rock Rd & 279th Ln NE,629 - No. Bend-Snoqualmie - Fall City - Duvall,Express,,47.724472,-121.965263
1680,Lake Marcel-Stillwater,"Carnation, WA",King,629,NE Big Rock Rd & 322nd Ave NE,629 - No. Bend-Snoqualmie - Fall City - Duvall,Express,,47.702003,-121.908585
1681,Lake Marcel-Stillwater,"Carnation, WA",King,629,Kelly Rd NE & NE Big Rock Rd,629 - No. Bend-Snoqualmie - Fall City - Duvall,Express,,47.693539,-121.901176
1682,"Stillwater, Stillwater",County:,King,629,Kelly Rd NE & 320th Way NE,629 - No. Bend-Snoqualmie - Fall City - Duvall,Express,,47.685009,-121.909393
1683,,"Carnation, WA",King,629,Tolt Ave & W Rutherford St,629 - No. Bend-Snoqualmie - Fall City - Duvall,Express,,47.649868,-121.913040
1684,,"Carnation, WA",King,629,SR 203 & W Bird St,629 - No. Bend-Snoqualmie - Fall City - Duvall,Express,,47.648613,-121.913895
1685,,"Carnation, WA",King,629,SR 203 & NE 40th St,629 - No. Bend-Snoqualmie - Fall City - Duvall,Express,,47.644371,-121.915649
1686,"Fall City, Fall City",County:,King,629,SE 42nd Pl & 334th Pl SE,629 - No. Bend-Snoqualmie - Fall City - Duvall,Express,,47.568916,-121.893936
1687,"Fall City, Fall City",County:,King,629,SE Redmond Fall City Rd & 337th Pl SE,629 - No. Bend-Snoqualmie - Fall City - Duvall,Express,,47.567902,-121.890251
1688,,"Fall City, WA",King,629,SE Fall City-Snoqualmie Rd & SE Fish Hatchery Rd,629 - No. Bend-Snoqualmie - Fall City - Duvall,Express,,47.568008,-121.876923
1689,"Spring Glen, Spring Glen",County:,King,629,SE Fall City-Snoqualmie Rd & 356th Ave SE,629 - No. Bend-Snoqualmie - Fall City - Duvall,Express,,47.562351,-121.865211
1690,"Spring Glen, Spring Glen",County:,King,629,SE Fall City-Snoqualmie Rd & 361st Ave SE,629 - No. Bend-Snoqualmie - Fall City - Duvall,Express,,47.560223,-121.857315
1691,"Spring Glen, Spring Glen",County:,King,629,SE Fall City-Snoqualmie Rd & 367th Ave SE,629 - No. Bend-Snoqualmie - Fall City - Duvall,Express,,47.558518,-121.850662
1692,,"Fall City, WA",King,629,SE Fall City-Snoqualmie Rd & SE 47th Pl,629 - No. Bend-Snoqualmie - Fall City - Duvall,Express,,47.554134,-121.840340
1693,,"Snoqualmie, WA",King,629,SE Fall City-Snoqualmie Rd & Tokul Rd,629 - No. Bend-Snoqualmie - Fall City - Duvall,Express,,47.543991,-121.836937
1694,,"Snoqualmie, WA",King,208,Railroad Ave SE & Snoqualmie Pkwy,629 - No. Bend-Snoqualmie - Fall City - Duvall,Express,,47.536297,-121.830978
1695,,"Snoqualmie, WA",King,208,Railroad Avenue Southeast Ave SE & SE Northern St,629 - No. Bend-Snoqualmie - Fall City - Duvall,Express,,47.532192,-121.827950
1696,,"Snoqualmie, WA",King,208,Railroad Ave SE & SE River St,629 - No. Bend-Snoqualmie - Fall City - Duvall,Express,,47.526932,-121.824097
1697,,"Snoqualmie, WA",King,629,384th Ave SE & SE 85th St,629 - No. Bend-Snoqualmie - Fall City - Duvall,Express,,47.524521,-121.828697
1698,,"Snoqualmie, WA",King,629,384th Ave SE & SE 92nd St,629 - No. Bend-Snoqualmie - Fall City - Duvall,Express,,47.517754,-121.828545
1699,,"Snoqualmie, WA",King,629,Snoqualmie Casino Acs & SE North Bend Way,629 - No. Bend-Snoqualmie - Fall City - Duvall,Express,,47.518082,-121.840996
1700,,"North Bend, WA",King,629,W North Bend Way & Sydney Ave S,629 - No. Bend-Snoqualmie - Fall City - Duvall,Express,,47.496315,-121.788864
1701,,"North Bend, WA",King,208,Bendigo Blvd S & W Mccellan St,629 - No. Bend-Snoqualmie - Fall City - Duvall,Express,,47.494846,-121.787674
1702,,"North Bend, WA",King,208,Factory Outlet Mall &Mount Si Blvd,629 - No. Bend-Snoqualmie - Fall City - Duvall,Express,,47.490673,-121.796730
1703,,"North Bend, WA",King,629,Main Ave S & Cedar Ave S,629 - No. Bend-Snoqualmie - Fall City - Duvall,Express,,47.492855,-121.788330
1704,,"Tukwila, WA",King,A Line,Tukwila Int'l Blvd Station - Bay 1,A Line - Tukwila International Boulevard Station - Federal Way Transit Center,RapidRide,,47.464207,-122.288452
1705,McVan/McMicken Heights,"Seatac, WA",King,A Line,International Blvd & S 160th St,A Line - Tukwila International Boulevard Station - Federal Way Transit Center,RapidRide,,47.458695,-122.292412
1706,,"Seatac, WA",King,161,International Blvd & S 170th St,A Line - Tukwila International Boulevard Station - Federal Way Transit Center,RapidRide,,47.450249,-122.296318
1707,,"Seatac, WA",King,161,International Blvd & S 176th St - Bay 1,A Line - Tukwila International Boulevard Station - Federal Way Transit Center,RapidRide,,47.445320,-122.296440
1708,,"Seatac, WA",King,156,International Blvd & S 182nd St,A Line - Tukwila International Boulevard Station - Federal Way Transit Center,RapidRide,,47.439720,-122.296104
1709,,"Seatac, WA",King,A Line,International Blvd & S 188th St,A Line - Tukwila International Boulevard Station - Federal Way Transit Center,RapidRide,,47.433899,-122.295662
1710,,"Seatac, WA",King,A Line,International Blvd & S 195th St,A Line - Tukwila International Boulevard Station - Federal Way Transit Center,RapidRide,,47.427467,-122.295914
1711,,"Seatac, WA",King,A Line,International Blvd & S 200th St,A Line - Tukwila International Boulevard Station - Federal Way Transit Center,RapidRide,,47.422379,-122.296577
1712,,"Seatac, WA",King,A Line,International Blvd & S 208th St,A Line - Tukwila International Boulevard Station - Federal Way Transit Center,RapidRide,,47.414898,-122.297539
1713,Pacific Ridge,"Des Moines, WA",King,A Line,Pacific Hwy S & S 216th St,A Line - Tukwila International Boulevard Station - Federal Way Transit Center,RapidRide,,47.407757,-122.298477
1714,Pacific Ridge,"Des Moines, WA",King,A Line,Pacific Hwy S & S 224th St,A Line - Tukwila International Boulevard Station - Federal Way Transit Center,RapidRide,,47.399940,-122.297211
1715,,"Kent, WA",King,165,Pacific Hwy S & Kent Des Moines Rd,A Line - Tukwila International Boulevard Station - Federal Way Transit Center,RapidRide,,47.392536,-122.295158
1716,,"Kent, WA",King,165,Kent Des Moines Station - Bay 6,A Line - Tukwila International Boulevard Station - Federal Way Transit Center,RapidRide,,47.389187,-122.295967
1717,,"Kent, WA",King,165,Pacific Hwy S & S 240th St,A Line - Tukwila International Boulevard Station - Federal Way Transit Center,RapidRide,,47.387569,-122.296371
1719,,"Kent, WA",King,A Line,Pacific Hwy S & S 246th St,A Line - Tukwila International Boulevard Station - Federal Way Transit Center,RapidRide,,47.381298,-122.297905
1720,,"Kent, WA",King,A Line,Pacific Hwy S & S 252nd St,A Line - Tukwila International Boulevard Station - Federal Way Transit Center,RapidRide,,47.375294,-122.300484
1721,,"Kent, WA",King,A Line,Pacific Hwy S & S 260th St,A Line - Tukwila International Boulevard Station - Federal Way Transit Center,RapidRide,,47.368012,-122.304314
1722,,"Kent, WA",King,A Line,Pacific Hwy S & S 268th St,A Line - Tukwila International Boulevard Station - Federal Way Transit Center,RapidRide,,47.360760,-122.308105
1723,Redondo - Fed Way,"Federal Way, WA",King,A Line,Pacific Hwy S & S 272nd St,A Line - Tukwila International Boulevard Station - Federal Way Transit Center,RapidRide,,47.357243,-122.309952
1724,Redondo - Fed Way,"Federal Way, WA",King,A Line,Pacific Hwy S & S 276th St,A Line - Tukwila International Boulevard Station - Federal Way Transit Center,RapidRide,,47.354145,-122.311554
1725,Redondo - Fed Way,"Federal Way, WA",King,A Line,Pacific Hwy S & S 288th St,A Line - Tukwila International Boulevard Station - Federal Way Transit Center,RapidRide,,47.342976,-122.312477
1726,Steel Lake,"Federal Way, WA",King,A Line,Pacific Hwy S & S Dash Point Rd,A Line - Tukwila International Boulevard Station - Federal Way Transit Center,RapidRide,,47.335171,-122.312263
1727,Mirror Lake,"Federal Way, WA",King,901,Pacific Hwy S & S 308th St,A Line - Tukwila International Boulevard Station - Federal Way Transit Center,RapidRide,,47.325615,-122.313438
1728,Mirror Lake,"Federal Way, WA",King,A Line,Pacific Hwy S & S 312th St,A Line - Tukwila International Boulevard Station - Federal Way Transit Center,RapidRide,,47.322090,-122.313545
1729,Steel Lake,"Federal Way, WA",King,A Line,S 316th St & Pacific Hwy S,A Line - Tukwila International Boulevard Station - Federal Way Transit Center,RapidRide,,47.318623,-122.312355
1730,Steel Lake,"Federal Way, WA",King,177,23rd Ave S & S 319th Pl - Bay 11,A Line - Tukwila International Boulevard Station - Federal Way Transit Center,RapidRide,,47.316452,-122.303230
1731,Downtown Bellevue,"Bellevue, WA",King,B Line,Bellevue Transit Center - Bay 3,B Line - Redmond - Overlake - Bellevue,RapidRide,,47.615505,-122.195358
1732,Midlakes,"Bellevue, WA",King,B Line,NE 8th St & 116th Ave NE,B Line - Redmond - Overlake - Bellevue,RapidRide,,47.617233,-122.184837
1733,Midlakes,"Bellevue, WA",King,B Line,NE 8th St & 120th Ave NE,B Line - Redmond - Overlake - Bellevue,RapidRide,,47.617252,-122.179787
1734,Belridge,"Bellevue, WA",King,B Line,NE 8th St & 124th Ave NE,B Line - Redmond - Overlake - Bellevue,RapidRide,,47.617264,-122.174347
1735,Belridge,"Bellevue, WA",King,B Line,NE 8th St & 131st Ave NE,B Line - Redmond - Overlake - Bellevue,RapidRide,,47.617126,-122.162338
1736,Lake Hills,"Bellevue, WA",King,B Line,NE 8th St & 140th Ave NE,B Line - Redmond - Overlake - Bellevue,RapidRide,,47.617073,-122.153076
1737,Lake Hills,"Bellevue, WA",King,B Line,NE 8th St & 143rd Ave NE,B Line - Redmond - Overlake - Bellevue,RapidRide,,47.617042,-122.148941
1738,Lake Hills,"Bellevue, WA",King,223,NE 8th St & 148th Ave NE,B Line - Redmond - Overlake - Bellevue,RapidRide,,47.616970,-122.142014
1739,Crossroads,"Bellevue, WA",King,245,156th Ave NE & NE 10th St,B Line - Redmond - Overlake - Bellevue,RapidRide,,47.618378,-122.132317
1740,Crossroads,"Bellevue, WA",King,245,156th Ave NE & NE 15th St,B Line - Redmond - Overlake - Bellevue,RapidRide,,47.624107,-122.132301
1741,Interlake,"Bellevue, WA",King,245,156th Ave NE & NE 24th St,B Line - Redmond - Overlake - Bellevue,RapidRide,,47.631844,-122.132248
1742,Overlake - Redmond,"Redmond, WA",King,245,156th Ave NE & NE 28th St,B Line - Redmond - Overlake - Bellevue,RapidRide,,47.635368,-122.132256
1743,Overlake - Redmond,"Redmond, WA",King,222,156th Ave NE & NE 33rd St,B Line - Redmond - Overlake - Bellevue,RapidRide,,47.639942,-122.132217
1744,Overlake - Redmond,"Redmond, WA",King,245,156th Ave NE & Overlake Transit Center - Bay 8,B Line - Redmond - Overlake - Bellevue,RapidRide,,47.643986,-122.132187
1745,Overlake - Redmond,"Redmond, WA",King,225,NE 40th St & 152nd Ave NE,B Line - Redmond - Overlake - Bellevue,RapidRide,,47.646057,-122.137802
1746,Overlake - Redmond,"Redmond, WA",King,223,148th Ave NE & NE 40th St,B Line - Redmond - Overlake - Bellevue,RapidRide,,47.646919,-122.142815
1747,Overlake - Redmond,"Redmond, WA",King,223,148th Ave NE & NE 46th St,B Line - Redmond - Overlake - Bellevue,RapidRide,,47.652576,-122.143089
1748,Overlake - Redmond,"Redmond, WA",King,223,148th Ave NE & NE 51st St,B Line - Redmond - Overlake - Bellevue,RapidRide,,47.655735,-122.143089
1749,Grass Lawn,"Redmond, WA",King,B Line,148th Ave NE & NE Old Redmond Rd,B Line - Redmond - Overlake - Bellevue,RapidRide,,47.668457,-122.142883
1750,Grass Lawn,"Redmond, WA",King,B Line,148th Ave NE & NE Redmond Way,B Line - Redmond - Overlake - Bellevue,RapidRide,,47.674053,-122.142860
1751,Willows (Rose Hill),"Redmond, WA",King,B Line,148th Ave NE & NE 87th St,B Line - Redmond - Overlake - Bellevue,RapidRide,,47.681110,-122.144691
1752,Sammamish Valley,"Redmond, WA",King,B Line,NE 90th St & 154th Ave NE,B Line - Redmond - Overlake - Bellevue,RapidRide,,47.682136,-122.134186
1753,,"Redmond, WA",King,B Line,160th Ave NE & NE 90th St,B Line - Redmond - Overlake - Bellevue,RapidRide,,47.680645,-122.127655
1754,,"Redmond, WA",King,542,NE 85th St & 161st Ave NE,B Line - Redmond - Overlake - Bellevue,RapidRide,,47.678459,-122.126778
1755,,"Redmond, WA",King,542,NE 83rd St & 161st Ave NE - Bay 1,B Line - Redmond - Overlake - Bellevue,RapidRide,,47.676594,-122.124939
1756,,"Redmond, WA",King,223,Cleveland St & 166th Ave NE - Bay 3,B Line - Redmond - Overlake - Bellevue,RapidRide,,47.672092,-122.119255
1757,Cascade,"Seattle, WA",King,C Line,Valley St & Fairview Ave N,C Line - South Lake Union - Seattle - Westwood Village,RapidRide,,47.626034,-122.334106
1758,Cascade,"Seattle, WA",King,40,Westlake Ave N & Mercer St,C Line - South Lake Union - Seattle - Westwood Village,RapidRide,,47.624153,-122.338547
1759,Cascade,"Seattle, WA",King,40,Westlake Ave N & Harrison St,C Line - South Lake Union - Seattle - Westwood Village,RapidRide,,47.621380,-122.338570
1760,,"Seattle, WA",King,40,Westlake Ave & 9th Ave,C Line - South Lake Union - Seattle - Westwood Village,RapidRide,,47.618031,-122.338402
1761,Belltown,"Seattle, WA",King,1,3rd Ave & Virginia St,C Line - South Lake Union - Seattle - Westwood Village,RapidRide,,47.612438,-122.341110
1762,Central Business District,"Seattle, WA",King,21,3rd Ave & Pike St,C Line - South Lake Union - Seattle - Westwood Village,RapidRide,,47.609791,-122.337959
1763,Central Business District,"Seattle, WA",King,21,3rd Ave & Seneca St,C Line - South Lake Union - Seattle - Westwood Village,RapidRide,,47.606442,-122.334900
1764,Central Business District,"Seattle, WA",King,21,3rd Ave & Columbia St,C Line - South Lake Union - Seattle - Westwood Village,RapidRide,,47.604263,-122.332901
1765,,"Seattle, WA",King,21,Columbia St & Alaskan Way,C Line - South Lake Union - Seattle - Westwood Village,RapidRide,,47.602615,-122.336784
1766,Pioneer Square,County:,King,21,Alaskan Way S & S Jackson St,C Line - South Lake Union - Seattle - Westwood Village,RapidRide,,47.598717,-122.335960
1767,"Fairmount Park, West Seattle","Seattle, WA",King,21,SW Avalon Way & SW Bradford St,C Line - South Lake Union - Seattle - Westwood Village,RapidRide,,47.568867,-122.370850
1768,"Fairmount Park, West Seattle","Seattle, WA",King,21,35th Ave SW & SW Avalon Way,C Line - South Lake Union - Seattle - Westwood Village,RapidRide,,47.563503,-122.376305
1769,"Fairmount Park, West Seattle","Seattle, WA",King,50,SW Alaska St & Fauntleroy Way SW,C Line - South Lake Union - Seattle - Westwood Village,RapidRide,,47.561153,-122.380508
1770,"Genesee, West Seattle, West Seattle Junction","Seattle, WA",King,C Line,SW Alaska St & California Ave SW - Bay 3,C Line - South Lake Union - Seattle - Westwood Village,RapidRide,,47.561203,-122.387383
1771,"Seaview, West Seattle","Seattle, WA",King,22,California Ave SW & SW Findlay St,C Line - South Lake Union - Seattle - Westwood Village,RapidRide,,47.551769,-122.387146
1772,"Seaview, West Seattle","Seattle, WA",King,C Line,Fauntleroy Way SW & California Ave SW,C Line - South Lake Union - Seattle - Westwood Village,RapidRide,,47.544865,-122.387680
1773,"Gatewood, West Seattle","Seattle, WA",King,C Line,Fauntleroy Way SW & SW Myrtle St,C Line - South Lake Union - Seattle - Westwood Village,RapidRide,,47.539295,-122.390984
1774,"Fauntleroy, West Seattle","Seattle, WA",King,C Line,Fauntleroy Way SW & SW Webster St,C Line - South Lake Union - Seattle - Westwood Village,RapidRide,,47.535622,-122.392723
1775,"Fauntleroy, West Seattle","Seattle, WA",King,C Line,Fauntleroy Way SW & SW Rose St,C Line - South Lake Union - Seattle - Westwood Village,RapidRide,,47.529564,-122.392830
1776,"Fauntleroy, West Seattle","Seattle, WA",King,C Line,Fauntleroy Way SW & SW Barton St,C Line - South Lake Union - Seattle - Westwood Village,RapidRide,,47.523006,-122.393074
1777,"Fauntleroy, West Seattle","Seattle, WA",King,C Line,SW Wildwood Pl & 46th Ave SW,C Line - South Lake Union - Seattle - Westwood Village,RapidRide,,47.520935,-122.390892
1778,"Fauntleroy, West Seattle","Seattle, WA",King,C Line,California Ave SW & SW Barton St,C Line - South Lake Union - Seattle - Westwood Village,RapidRide,,47.521938,-122.387367
1779,"Delridge, Roxhill","Seattle, WA",King,21,SW Barton St & 35th Ave SW,C Line - South Lake Union - Seattle - Westwood Village,RapidRide,,47.521000,-122.376358
1780,"Delridge, Roxhill","Seattle, WA",King,21,SW Barton St & 26th Ave SW - Bay 1,C Line - South Lake Union - Seattle - Westwood Village,RapidRide,,47.520962,-122.367355
1781,Pioneer Square,"Seattle, WA",King,1,Prefontaine Pl S & Yesler Way,D Line - Crown Hill - Ballard - Seattle,RapidRide,,47.601658,-122.329941
1782,Central Business District,"Seattle, WA",King,1,3rd Ave & Columbia St,D Line - Crown Hill - Ballard - Seattle,RapidRide,,47.604095,-122.332504
1783,Central Business District,"Seattle, WA",King,1,3rd Ave & Seneca St,D Line - Crown Hill - Ballard - Seattle,RapidRide,,47.607052,-122.335213
1784,Central Business District,"Seattle, WA",King,1,3rd Ave & Pike St,D Line - Crown Hill - Ballard - Seattle,RapidRide,,47.609642,-122.337585
1785,"Belltown, Denny Regrade","Seattle, WA",King,1,3rd Ave & Virginia St,D Line - Crown Hill - Ballard - Seattle,RapidRide,,47.612995,-122.341743
1786,"Belltown, Denny Regrade","Seattle, WA",King,1,3rd Ave & Bell St,D Line - Crown Hill - Ballard - Seattle,RapidRide,,47.615120,-122.345337
1787,"Belltown, Denny Regrade","Seattle, WA",King,1,3rd Ave & Vine St,D Line - Crown Hill - Ballard - Seattle,RapidRide,,47.616959,-122.348450
1788,,"Seattle, WA",King,1,1st Ave N & Denny Way,D Line - Crown Hill - Ballard - Seattle,RapidRide,,47.619118,-122.355362
1789,Queen Anne,"Seattle, WA",King,1,1st Ave N & Republican St,D Line - Crown Hill - Ballard - Seattle,RapidRide,,47.623123,-122.355309
1790,Queen Anne,"Seattle, WA",King,1,Mercer St & Queen Anne Ave N,D Line - Crown Hill - Ballard - Seattle,RapidRide,,47.624649,-122.356552
1791,Queen Anne,"Seattle, WA",King,32,W Mercer St & 3rd Ave W,D Line - Crown Hill - Ballard - Seattle,RapidRide,,47.624668,-122.361153
1792,West Queen Anne,"Seattle, WA",King,17,Elliott Ave W & W Prospect St,D Line - Crown Hill - Ballard - Seattle,RapidRide,,47.629013,-122.371414
1793,West Queen Anne,"Seattle, WA",King,32,Elliott Ave W & W Galer St,D Line - Crown Hill - Ballard - Seattle,RapidRide,,47.632092,-122.375290
1794,West Queen Anne,"Seattle, WA",King,32,15th Ave W & W Newton St,D Line - Crown Hill - Ballard - Seattle,RapidRide,,47.637089,-122.376099
1795,West Queen Anne,"Seattle, WA",King,32,15th Ave W & W Wheeler St,D Line - Crown Hill - Ballard - Seattle,RapidRide,,47.640923,-122.376114
1796,Queen Anne,"Seattle, WA",King,32,15th Ave W & W Armour St,D Line - Crown Hill - Ballard - Seattle,RapidRide,,47.644936,-122.376122
1797,Queen Anne,"Seattle, WA",King,32,15th Ave W & W Dravus St,D Line - Crown Hill - Ballard - Seattle,RapidRide,,47.649162,-122.376045
1798,Queen Anne,"Seattle, WA",King,D Line,15th Ave W & W Emerson St,D Line - Crown Hill - Ballard - Seattle,RapidRide,,47.653942,-122.376122
1799,"Ballard, West Woodland","Seattle, WA",King,17,15th Ave NW & NW Leary Way,D Line - Crown Hill - Ballard - Seattle,RapidRide,,47.663437,-122.375977
1800,"Ballard, West Woodland","Seattle, WA",King,D Line,15th Ave NW & NW Market St,D Line - Crown Hill - Ballard - Seattle,RapidRide,,47.668480,-122.376114
1801,"Ballard, West Woodland","Seattle, WA",King,D Line,15th Ave NW & NW 60th St,D Line - Crown Hill - Ballard - Seattle,RapidRide,,47.672295,-122.376114
1802,"Ballard, Whittier Heights","Seattle, WA",King,D Line,15th Ave NW & NW 65th St,D Line - Crown Hill - Ballard - Seattle,RapidRide,,47.676861,-122.376671
1803,"Ballard, Whittier Heights","Seattle, WA",King,D Line,15th Ave NW & NW 70th St,D Line - Crown Hill - Ballard - Seattle,RapidRide,,47.679874,-122.376671
1804,,"Seattle, WA",King,D Line,15th Ave NW & NW 75th St,D Line - Crown Hill - Ballard - Seattle,RapidRide,,47.683510,-122.376686
1805,"Ballard, Whittier Heights","Seattle, WA",King,D Line,15th Ave NW & NW 80th St,D Line - Crown Hill - Ballard - Seattle,RapidRide,,47.687130,-122.376701
1806,Crown Hill,"Seattle, WA",King,40,15th Ave NW & NW 85th St,D Line - Crown Hill - Ballard - Seattle,RapidRide,,47.690956,-122.376709
1807,Crown Hill,"Seattle, WA",King,40,Holman Rd NW & Mary Ave NW,D Line - Crown Hill - Ballard - Seattle,RapidRide,,47.694752,-122.375290
1808,Greenwood,"Seattle, WA",King,28,NW 100th Pl & 7th Ave NW,D Line - Crown Hill - Ballard - Seattle,RapidRide,,47.702621,-122.363472
1809,Pioneer Square,"Seattle, WA",King,1,Prefontaine Pl S & Yesler Way,E Line - Aurora Village Transit Center - Shoreline - Seattle,RapidRide,,47.601658,-122.329941
1810,Central Business District,"Seattle, WA",King,1,3rd Ave & Columbia St,E Line - Aurora Village Transit Center - Shoreline - Seattle,RapidRide,,47.604095,-122.332504
1811,Central Business District,"Seattle, WA",King,1,3rd Ave & Seneca St,E Line - Aurora Village Transit Center - Shoreline - Seattle,RapidRide,,47.607052,-122.335213
1812,Central Business District,"Seattle, WA",King,1,3rd Ave & Pike St,E Line - Aurora Village Transit Center - Shoreline - Seattle,RapidRide,,47.609642,-122.337585
1813,"Belltown, Denny Regrade","Seattle, WA",King,1,3rd Ave & Virginia St,E Line - Aurora Village Transit Center - Shoreline - Seattle,RapidRide,,47.612995,-122.341743
1814,"Belltown, Denny Regrade","Seattle, WA",King,1,3rd Ave & Bell St,E Line - Aurora Village Transit Center - Shoreline - Seattle,RapidRide,,47.615120,-122.345337
1815,,"Seattle, WA",King,5,7th Ave N & Denny Way,E Line - Aurora Village Transit Center - Shoreline - Seattle,RapidRide,,47.619087,-122.343445
1816,,"Seattle, WA",King,5,7th Ave N & Harrison St,E Line - Aurora Village Transit Center - Shoreline - Seattle,RapidRide,,47.621895,-122.343506
1817,"Cascade, Westlake","Seattle, WA",King,5,Aurora Ave N & Galer St,E Line - Aurora Village Transit Center - Shoreline - Seattle,RapidRide,,47.632572,-122.343323
1818,Queen Anne,"Seattle, WA",King,5,Aurora Ave N & Lynn St,E Line - Aurora Village Transit Center - Shoreline - Seattle,RapidRide,,47.638874,-122.345200
1819,Wallingford,"Seattle, WA",King,E Line,Aurora Ave N & N 46th St,E Line - Aurora Village Transit Center - Shoreline - Seattle,RapidRide,,47.661690,-122.347176
1820,Phinney Ridge,"Seattle, WA",King,E Line,Woodland Pl N & N 65th St,E Line - Aurora Village Transit Center - Shoreline - Seattle,RapidRide,,47.676163,-122.347031
1821,Phinney Ridge,"Seattle, WA",King,E Line,Linden Ave N & N 72nd St,E Line - Aurora Village Transit Center - Shoreline - Seattle,RapidRide,,47.681225,-122.346809
1822,Green Lake,"Seattle, WA",King,E Line,Aurora Ave N & N 76th St,E Line - Aurora Village Transit Center - Shoreline - Seattle,RapidRide,,47.683723,-122.344322
1823,Green Lake,"Seattle, WA",King,E Line,Aurora Ave N & N 80th St,E Line - Aurora Village Transit Center - Shoreline - Seattle,RapidRide,,47.687260,-122.344337
1824,Northgate,"Seattle, WA",King,E Line,Aurora Ave N & N 85th St,E Line - Aurora Village Transit Center - Shoreline - Seattle,RapidRide,,47.691082,-122.344360
1825,Northgate,"Seattle, WA",King,E Line,Aurora Ave N & N 91st St,E Line - Aurora Village Transit Center - Shoreline - Seattle,RapidRide,,47.694797,-122.344421
1826,Northgate,"Seattle, WA",King,E Line,Aurora Ave N & N 95th St,E Line - Aurora Village Transit Center - Shoreline - Seattle,RapidRide,,47.698151,-122.344513
1827,Northgate,"Seattle, WA",King,E Line,Aurora Ave N & N 100th St,E Line - Aurora Village Transit Center - Shoreline - Seattle,RapidRide,,47.701675,-122.344490
1828,"Haller Lake, Northgate","Seattle, WA",King,E Line,Aurora Ave N & N Northgate Way,E Line - Aurora Village Transit Center - Shoreline - Seattle,RapidRide,,47.705444,-122.344543
1829,"Haller Lake, Northgate","Seattle, WA",King,E Line,Aurora Ave N & N 115th St,E Line - Aurora Village Transit Center - Shoreline - Seattle,RapidRide,,47.712734,-122.344719
1830,"Haller Lake, Northgate","Seattle, WA",King,E Line,Aurora Ave N & N 125th St,E Line - Aurora Village Transit Center - Shoreline - Seattle,RapidRide,,47.719467,-122.344841
1831,"Haller Lake, Northgate","Seattle, WA",King,E Line,Aurora Ave N & N 130th St,E Line - Aurora Village Transit Center - Shoreline - Seattle,RapidRide,,47.723740,-122.344879
1832,"Haller Lake, Northgate","Seattle, WA",King,E Line,Aurora Ave N & N 135th St,E Line - Aurora Village Transit Center - Shoreline - Seattle,RapidRide,,47.727299,-122.344925
1833,Parkwood,"Shoreline, WA",King,E Line,Aurora Ave N & N 145th St,E Line - Aurora Village Transit Center - Shoreline - Seattle,RapidRide,,47.734924,-122.344910
1834,Parkwood,"Shoreline, WA",King,E Line,Aurora Ave N & N 152nd St,E Line - Aurora Village Transit Center - Shoreline - Seattle,RapidRide,,47.739334,-122.345100
1835,Parkwood,"Shoreline, WA",King,E Line,Aurora Ave N & N 155th St,E Line - Aurora Village Transit Center - Shoreline - Seattle,RapidRide,,47.742084,-122.345169
1836,Meridian Park,"Shoreline, WA",King,E Line,Aurora Ave N & N 160th St,E Line - Aurora Village Transit Center - Shoreline - Seattle,RapidRide,,47.745403,-122.345253
1837,Meridian Park,"Shoreline, WA",King,E Line,Aurora Ave N & N 165th St,E Line - Aurora Village Transit Center - Shoreline - Seattle,RapidRide,,47.749065,-122.345337
1838,Meridian Park,"Shoreline, WA",King,E Line,Aurora Ave N & N 170th St,E Line - Aurora Village Transit Center - Shoreline - Seattle,RapidRide,,47.752953,-122.345398
1839,Meridian Park,"Shoreline, WA",King,E Line,Aurora Ave N & N 175th St,E Line - Aurora Village Transit Center - Shoreline - Seattle,RapidRide,,47.756344,-122.345551
1840,Meridian Park,"Shoreline, WA",King,E Line,Aurora Ave N & N 180th St,E Line - Aurora Village Transit Center - Shoreline - Seattle,RapidRide,,47.759964,-122.345894
1841,Echo Lake,"Shoreline, WA",King,E Line,Aurora Ave N & N 185th St,E Line - Aurora Village Transit Center - Shoreline - Seattle,RapidRide,,47.763740,-122.345795
1842,Echo Lake,"Shoreline, WA",King,E Line,Aurora Ave N & N 192nd St,E Line - Aurora Village Transit Center - Shoreline - Seattle,RapidRide,,47.768063,-122.345757
1843,Echo Lake,"Shoreline, WA",King,E Line,Aurora Ave N & N 200th St,E Line - Aurora Village Transit Center - Shoreline - Seattle,RapidRide,,47.773937,-122.345840
1844,Echo Lake,"Shoreline, WA",King,303,Aurora Village Transit Center - Bay 3,E Line - Aurora Village Transit Center - Shoreline - Seattle,RapidRide,,47.774535,-122.340975
1845,"Burien City Center, Sunnydale","Burien, WA",King,161,Burien Transit Center - Bay 6,F Line - Burien Transit Center - Tukwila -  Renton Transit Center - The Landing,RapidRide,,47.469410,-122.337318
1846,"Burien City Center, Sunnydale","Burien, WA",King,161,4th Ave SW & SW 152nd St,F Line - Burien Transit Center - Tukwila -  Renton Transit Center - The Landing,RapidRide,,47.467129,-122.339226
1847,"Burien City Center, Sunnydale","Burien, WA",King,161,4th Ave SW & SW 156th St,F Line - Burien Transit Center - Tukwila -  Renton Transit Center - The Landing,RapidRide,,47.463703,-122.339310
1848,Sunnydale,"Burien, WA",King,161,S 156th St & 1st Ave S,F Line - Burien Transit Center - Tukwila -  Renton Transit Center - The Landing,RapidRide,,47.463215,-122.332245
1849,Sunnydale,"Burien, WA",King,161,S 156th St & 4th Ave S,F Line - Burien Transit Center - Tukwila -  Renton Transit Center - The Landing,RapidRide,,47.463215,-122.328133
1850,,"Seatac, WA",King,161,S 156th Way & Des Moines Memorial Dr S,F Line - Burien Transit Center - Tukwila -  Renton Transit Center - The Landing,RapidRide,,47.463245,-122.322769
1851,,"Seatac, WA",King,161,S 154th Ln & 24th Ave S,F Line - Burien Transit Center - Tukwila -  Renton Transit Center - The Landing,RapidRide,,47.465050,-122.302727
1852,Riverton Heights,"Seatac, WA",King,F Line,S 154th St & 32nd Ave S,F Line - Burien Transit Center - Tukwila -  Renton Transit Center - The Landing,RapidRide,,47.465103,-122.291267
1853,,"Tukwila, WA",King,124,Tukwila Int'l Blvd Station - Bay 2,F Line - Burien Transit Center - Tukwila -  Renton Transit Center - The Landing,RapidRide,,47.464027,-122.287933
1854,,"Tukwila, WA",King,F Line,Southcenter Blvd & 42nd Ave S,F Line - Burien Transit Center - Tukwila -  Renton Transit Center - The Landing,RapidRide,,47.465733,-122.281830
1855,,"Tukwila, WA",King,F Line,Southcenter Blvd & Park Place,F Line - Burien Transit Center - Tukwila -  Renton Transit Center - The Landing,RapidRide,,47.466194,-122.277000
1856,,"Tukwila, WA",King,F Line,Southcenter Blvd & 53rd Ave S,F Line - Burien Transit Center - Tukwila -  Renton Transit Center - The Landing,RapidRide,,47.465035,-122.268196
1857,,"Tukwila, WA",King,150,Southcenter Blvd & 62nd Ave S,F Line - Burien Transit Center - Tukwila -  Renton Transit Center - The Landing,RapidRide,,47.462814,-122.257118
1858,,"Tukwila, WA",King,150,Southcenter Blvd & 65th Ave S,F Line - Burien Transit Center - Tukwila -  Renton Transit Center - The Landing,RapidRide,,47.462463,-122.251968
1859,,"Tukwila, WA",King,F Line,Andover Park W & Baker Blvd - Bay 2,F Line - Burien Transit Center - Tukwila -  Renton Transit Center - The Landing,RapidRide,,47.457752,-122.254478
1860,,"Tukwila, WA",King,906,Strander Blvd & Andover Park E,F Line - Burien Transit Center - Tukwila -  Renton Transit Center - The Landing,RapidRide,,47.455727,-122.249313
1861,,"Tukwila, WA",King,906,West Valley Hwy & Strander Blvd,F Line - Burien Transit Center - Tukwila -  Renton Transit Center - The Landing,RapidRide,,47.458115,-122.244072
1862,,"Tukwila, WA",King,F Line,Tukwila Station Acs & S Longacres Way - Bay 2,F Line - Burien Transit Center - Tukwila -  Renton Transit Center - The Landing,RapidRide,,47.460381,-122.241188
1863,,"Renton, WA",King,F Line,SW 27th St & Naches Ave SW,F Line - Burien Transit Center - Tukwila -  Renton Transit Center - The Landing,RapidRide,,47.456844,-122.236900
1864,,"Renton, WA",King,F Line,Oakesdale Ave SW & Boeing Cag,F Line - Burien Transit Center - Tukwila -  Renton Transit Center - The Landing,RapidRide,,47.462151,-122.232796
1865,,"Renton, WA",King,F Line,Oakesdale Ave SW & SW 16th St,F Line - Burien Transit Center - Tukwila -  Renton Transit Center - The Landing,RapidRide,,47.465557,-122.232101
1866,,"Renton, WA",King,F Line,SW 16th St & Lind Ave SW,F Line - Burien Transit Center - Tukwila -  Renton Transit Center - The Landing,RapidRide,,47.465992,-122.225029
1867,,"Renton, WA",King,153,Lind Ave SW & SW Grady Way,F Line - Burien Transit Center - Tukwila -  Renton Transit Center - The Landing,RapidRide,,47.470306,-122.223251
1868,,"Renton, WA",King,153,Lind Ave SW & SW 7th St,F Line - Burien Transit Center - Tukwila -  Renton Transit Center - The Landing,RapidRide,,47.473247,-122.223221
1869,,"Renton, WA",King,102,Rainier Ave S & S 7th St,F Line - Burien Transit Center - Tukwila -  Renton Transit Center - The Landing,RapidRide,,47.474415,-122.215080
1870,,"Renton, WA",King,102,Rainier Ave S & S 4th Pl,F Line - Burien Transit Center - Tukwila -  Renton Transit Center - The Landing,RapidRide,,47.477276,-122.215515
1871,,"Renton, WA",King,101,S 3rd St & Rainier Ave S,F Line - Burien Transit Center - Tukwila -  Renton Transit Center - The Landing,RapidRide,,47.479675,-122.215630
1872,,"Renton, WA",King,107,Renton Transit Center - Bay 2,F Line - Burien Transit Center - Tukwila -  Renton Transit Center - The Landing,RapidRide,,47.480778,-122.208549
1873,,"Renton, WA",King,F Line,Logan Ave N & N 3rd St,F Line - Burien Transit Center - Tukwila -  Renton Transit Center - The Landing,RapidRide,,47.487564,-122.208267
1874,,"Renton, WA",King,F Line,Logan Ave N & N 6th St,F Line - Burien Transit Center - Tukwila -  Renton Transit Center - The Landing,RapidRide,,47.492519,-122.207306
1875,,"Renton, WA",King,F Line,Logan Ave N & N 10th St,F Line - Burien Transit Center - Tukwila -  Renton Transit Center - The Landing,RapidRide,,47.498329,-122.205673
1876,,"Renton, WA",King,240,Park Ave N & Garden Ave N,F Line - Burien Transit Center - Tukwila -  Renton Transit Center - The Landing,RapidRide,,47.500496,-122.201218
1877,,"Renton, WA",King,F Line,N 10th St & Garden Ave N,F Line - Burien Transit Center - Tukwila -  Renton Transit Center - The Landing,RapidRide,,47.498157,-122.200905
1878,"Capitol Hill, Stevens","Seattle, WA",King,8,E Madison St & Martin L King Jr Way E,G Line - Madison Valley - Downtown Seattle,RapidRide,,47.623097,-122.296906
1879,"Capitol Hill, Stevens","Seattle, WA",King,G Line,E Madison St & 23rd Ave E,G Line - Madison Valley - Downtown Seattle,RapidRide,,47.619316,-122.302483
1880,"Capitol Hill, Stevens","Seattle, WA",King,G Line,E Madison St & 22nd Ave E,G Line - Madison Valley - Downtown Seattle,RapidRide,,47.617954,-122.304665
1881,"Capitol Hill, Stevens","Seattle, WA",King,12,E Madison St & 17th Ave,G Line - Madison Valley - Downtown Seattle,RapidRide,,47.615521,-122.310516
1882,"Broadway, Capitol Hill","Seattle, WA",King,G Line,E Madison St & 12th Ave,G Line - Madison Valley - Downtown Seattle,RapidRide,,47.613129,-122.316254
1883,First Hill,"Seattle, WA",King,G Line,Madison St & Boylston Ave,G Line - Madison Valley - Downtown Seattle,RapidRide,,47.610580,-122.322372
1884,First Hill,"Seattle, WA",King,G Line,Madison St & Terry Ave,G Line - Madison Valley - Downtown Seattle,RapidRide,,47.609070,-122.325974
1885,First Hill,"Seattle, WA",King,G Line,Madison St & 8th Ave,G Line - Madison Valley - Downtown Seattle,RapidRide,,47.607868,-122.328857
1886,Central Business District,"Seattle, WA",King,G Line,Madison St & 5th Ave,G Line - Madison Valley - Downtown Seattle,RapidRide,,47.606735,-122.331566
1887,Central Business District,"Seattle, WA",King,G Line,Madison St & 3rd Ave,G Line - Madison Valley - Downtown Seattle,RapidRide,,47.605541,-122.334419
1888,Central Business District,"Seattle, WA",King,G Line,1st Ave & Spring St,G Line - Madison Valley - Downtown Seattle,RapidRide,,47.605137,-122.336533
1889,Central Business District,"Seattle, WA",King,G Line,Spring St & 3rd Ave,G Line - Madison Valley - Downtown Seattle,RapidRide,,47.606136,-122.334969
1890,Central Business District,"Seattle, WA",King,2,Spring St & 4th Ave,G Line - Madison Valley - Downtown Seattle,RapidRide,,47.606911,-122.333092
1891,First Hill,"Seattle, WA",King,G Line,Spring St & 8th Ave,G Line - Madison Valley - Downtown Seattle,RapidRide,,47.608528,-122.329239
1897,"Central District, Mann","Seattle, WA",King,8,E Madison St & 24th Ave E,G Line - Madison Valley - Downtown Seattle,RapidRide,,47.620537,-122.300407
1899,Belltown,"Seattle, WA",King,1,3rd Ave & Virginia St,H Line - Burien Transit Center - Downtown Seattle,RapidRide,,47.612438,-122.341110
1900,Central Business District,"Seattle, WA",King,24,3rd Ave & Pike St,H Line - Burien Transit Center - Downtown Seattle,RapidRide,,47.609070,-122.337288
1901,Central Business District,"Seattle, WA",King,21,3rd Ave & Seneca St,H Line - Burien Transit Center - Downtown Seattle,RapidRide,,47.606442,-122.334900
1902,Central Business District,"Seattle, WA",King,21,3rd Ave & Columbia St,H Line - Burien Transit Center - Downtown Seattle,RapidRide,,47.604263,-122.332901
1903,,"Seattle, WA",King,21,Columbia St & Alaskan Way,H Line - Burien Transit Center - Downtown Seattle,RapidRide,,47.602615,-122.336784
1904,Pioneer Square,County:,King,21,Alaskan Way S & S Jackson St,H Line - Burien Transit Center - Downtown Seattle,RapidRide,,47.598717,-122.335960
1905,"Delridge, North Delridge","Seattle, WA",King,50,Delridge Way SW & SW Andover St,H Line - Burien Transit Center - Downtown Seattle,RapidRide,,47.567570,-122.363396
1906,"Delridge, North Delridge","Seattle, WA",King,125,Delridge Way SW & SW Genesee St,H Line - Burien Transit Center - Downtown Seattle,RapidRide,,47.564484,-122.363419
1907,"Delridge, North Delridge","Seattle, WA",King,H Line,Delridge Way SW & SW Hudson St,H Line - Burien Transit Center - Downtown Seattle,RapidRide,,47.557556,-122.363022
1908,"Delridge, High Point",County:,King,H Line,Delridge Way SW & SW Findlay St,H Line - Burien Transit Center - Downtown Seattle,RapidRide,,47.551647,-122.363091
1909,"Delridge, High Point","Seattle, WA",King,H Line,Delridge Way SW & SW Graham St,H Line - Burien Transit Center - Downtown Seattle,RapidRide,,47.546783,-122.363037
1910,"Delridge, High Point","Seattle, WA",King,H Line,Delridge Way SW & SW Holly St,H Line - Burien Transit Center - Downtown Seattle,RapidRide,,47.542996,-122.361313
1911,"Delridge, High Point","Seattle, WA",King,H Line,Delridge Way SW & SW Myrtle St,H Line - Burien Transit Center - Downtown Seattle,RapidRide,,47.538605,-122.361115
1912,"Delridge, South Delridge",County:,King,H Line,Delridge Way SW & SW Holden St,H Line - Burien Transit Center - Downtown Seattle,RapidRide,,47.533382,-122.360535
1913,"Delridge, South Delridge","Seattle, WA",King,22,Delridge Way SW & SW Thistle St,H Line - Burien Transit Center - Downtown Seattle,RapidRide,,47.528050,-122.360565
1914,,"Seattle, WA",King,22,Delridge Way SW & SW Henderson St,H Line - Burien Transit Center - Downtown Seattle,RapidRide,,47.522961,-122.360596
1915,"Delridge, Roxhill","Seattle, WA",King,22,SW Barton St & 25th Ave SW - Bay 3,H Line - Burien Transit Center - Downtown Seattle,RapidRide,,47.521091,-122.365234
1916,"White Center, White Center",County:,King,113,SW Roxbury St & 26th Ave SW,H Line - Burien Transit Center - Downtown Seattle,RapidRide,,47.517296,-122.365356
1917,"Delridge, South Delridge","Seattle, WA",King,113,SW Roxbury St & 20th Ave SW,H Line - Burien Transit Center - Downtown Seattle,RapidRide,,47.517296,-122.358818
1918,"White Center, White Center",County:,King,H Line,15th Ave SW & SW Roxbury St - Bay 1,H Line - Burien Transit Center - Downtown Seattle,RapidRide,,47.516788,-122.354134
1919,White Center,County:,King,H Line,15th Ave SW & SW 102nd St,H Line - Burien Transit Center - Downtown Seattle,RapidRide,,47.512020,-122.353981
1920,White Center,County:,King,H Line,15th Ave SW & SW 106th St,H Line - Burien Transit Center - Downtown Seattle,RapidRide,,47.507729,-122.353859
1921,Shorewood - Burien,"Burien, WA",King,H Line,16th Ave SW & SW 112th St,H Line - Burien Transit Center - Downtown Seattle,RapidRide,,47.502251,-122.355247
1922,Shorewood - Burien,"Burien, WA",King,H Line,16th Ave SW & SW 116th St,H Line - Burien Transit Center - Downtown Seattle,RapidRide,,47.499283,-122.355225
1923,Mount View,"Burien, WA",King,H Line,Ambaum Blvd SW & SW 122nd St,H Line - Burien Transit Center - Downtown Seattle,RapidRide,,47.493446,-122.350060
1924,Inglesea,"Burien, WA",King,H Line,Ambaum Blvd SW & SW 128th St,H Line - Burien Transit Center - Downtown Seattle,RapidRide,,47.488132,-122.350090
1925,Seahurst,"Burien, WA",King,H Line,Ambaum Blvd SW & SW 136th St,H Line - Burien Transit Center - Downtown Seattle,RapidRide,,47.480656,-122.348328
1926,Seahurst,"Burien, WA",King,H Line,Ambaum Blvd SW & SW 142nd Pl,H Line - Burien Transit Center - Downtown Seattle,RapidRide,,47.475536,-122.347679
1927,Burien City Center,"Burien, WA",King,H Line,Ambaum Blvd SW & SW 148th St,H Line - Burien Transit Center - Downtown Seattle,RapidRide,,47.470512,-122.347084
1928,"Burien City Center, Sunnydale","Burien, WA",King,H Line,SW 150th St & 6th Ave SW,H Line - Burien Transit Center - Downtown Seattle,RapidRide,,47.468556,-122.341354
1929,"Burien City Center, Sunnydale","Burien, WA",King,131,Burien Transit Center - Bay 4,H Line - Burien Transit Center - Downtown Seattle,RapidRide,,47.469692,-122.337288
1930,,"Seattle, WA",King,South Lake Union Streetcar,Westlake Ave & Olive Way,South Lake Union Streetcar - Streetcar: Fairview/Aloha - Westlake/McGraw,Streetcar,,47.613289,-122.337440
1931,"Belltown, Denny Regrade","Seattle, WA",King,South Lake Union Streetcar,Westlake Ave & 7th Ave,South Lake Union Streetcar - Streetcar: Fairview/Aloha - Westlake/McGraw,Streetcar,,47.615623,-122.337807
1932,,"Seattle, WA",King,40,Westlake Ave & 9th Ave,South Lake Union Streetcar - Streetcar: Fairview/Aloha - Westlake/McGraw,Streetcar,,47.618031,-122.338402
1933,Cascade,"Seattle, WA",King,South Lake Union Streetcar,Terry Ave N & Thomas St,South Lake Union Streetcar - Streetcar: Fairview/Aloha - Westlake/McGraw,Streetcar,,47.621502,-122.337051
1934,Cascade,"Seattle, WA",King,South Lake Union Streetcar,Terry Ave N & Republican St,South Lake Union Streetcar - Streetcar: Fairview/Aloha - Westlake/McGraw,Streetcar,,47.623417,-122.337044
1935,,"Seattle, WA",King,South Lake Union Streetcar,South Lake Union Streetcar & Terry Ave,South Lake Union Streetcar - Streetcar: Fairview/Aloha - Westlake/McGraw,Streetcar,,47.625900,-122.336453
1936,,"Seattle, WA",King,South Lake Union Streetcar,Fairview Ave Station,South Lake Union Streetcar - Streetcar: Fairview/Aloha - Westlake/McGraw,Streetcar,,47.627630,-122.332295
1937,Pioneer Square,"Seattle, WA",King,First Hill Streetcar,S Jackson St & Occidental Ave Walk,First Hill Streetcar - Streetcar: Pioneer Square - Capital Hill,Streetcar,,47.599274,-122.333282
1938,,"Seattle, WA",King,First Hill Streetcar,S Jackson St & 5th Ave S,First Hill Streetcar - Streetcar: Pioneer Square - Capital Hill,Streetcar,,47.599194,-122.327275
1939,,"Seattle, WA",King,First Hill Streetcar,S Jackson St & 8th Ave S,First Hill Streetcar - Streetcar: Pioneer Square - Capital Hill,Streetcar,,47.599198,-122.323376
1940,,"Seattle, WA",King,First Hill Streetcar,S Jackson St & 12th Ave S,First Hill Streetcar - Streetcar: Pioneer Square - Capital Hill,Streetcar,,47.599205,-122.315533
1941,,"Seattle, WA",King,First Hill Streetcar,14th Ave S & S Washington St,First Hill Streetcar - Streetcar: Pioneer Square - Capital Hill,Streetcar,,47.600583,-122.314133
1942,,"Seattle, WA",King,27,E Yesler Way & Broadway,First Hill Streetcar - Streetcar: Pioneer Square - Capital Hill,Streetcar,,47.601691,-122.320065
1943,Yesler Terrace,"Seattle, WA",King,9,Broadway & E Terrace St,First Hill Streetcar - Streetcar: Pioneer Square - Capital Hill,Streetcar,,47.605450,-122.320648
1944,First Hill,"Seattle, WA",King,9,Broadway & E Marion St,First Hill Streetcar - Streetcar: Pioneer Square - Capital Hill,Streetcar,,47.609985,-122.320663
1945,"Broadway, Capitol Hill","Seattle, WA",King,9,Broadway & E Pine St,First Hill Streetcar - Streetcar: Pioneer Square - Capital Hill,Streetcar,,47.615166,-122.320702
1946,"Broadway, Capitol Hill","Seattle, WA",King,First Hill Streetcar,Broadway & E Howell St,First Hill Streetcar - Streetcar: Pioneer Square - Capital Hill,Streetcar,,47.618053,-122.320946
1947,,"Seattle, WA",King,973,West Seattle Water Taxi & Colman Dock,973 - West Seattle Ferry,Ferry,,47.601253,-122.338860
1948,,"Seattle, WA",King,973,Water Taxi Route & Harbor Ave SW,973 - West Seattle Ferry,Ferry,,47.589374,-122.379440
1949,,"Seattle, WA",King,975,Vashon Island Water Taxi & Colman Dock,975 - Vashon Ferry,Ferry,,47.601223,-122.338928
1950,Vashon Island,County:,King,975,Vashon Passenger Ferry & Vashon Ferry Dock,975 - Vashon Ferry,Ferry,,47.510941,-122.464722
1951,,"Seattle, WA",King,67,12th Ave NE & NE 67th St - Bay 3,522 - Woodinville - Seattle,Express,,47.677135,-122.315582
1952,Wedgwood,"Seattle, WA",King,522,Lake City Way NE & NE 85th St,522 - Woodinville - Seattle,Express,,47.690773,-122.307388
1953,"Cedar Park, Lake City","Seattle, WA",King,61,Lake City Way NE & NE 125th St,522 - Woodinville - Seattle,Express,,47.720303,-122.294518
1954,"Cedar Park, Lake City","Seattle, WA",King,61,Lake City Way NE & NE 130th St,522 - Woodinville - Seattle,Express,,47.723328,-122.292892
1955,"Cedar Park, Lake City","Seattle, WA",King,322,Lake City Way NE & NE 137th St,522 - Woodinville - Seattle,Express,,47.728626,-122.292168
1956,,"Lake Forest Park, WA",King,322,Bothell Way NE & NE 145th St,522 - Woodinville - Seattle,Express,,47.734646,-122.292343
1957,,"Lake Forest Park, WA",King,322,Bothell Way NE & NE 153rd St,522 - Woodinville - Seattle,Express,,47.739906,-122.289215
1958,,"Lake Forest Park, WA",King,322,Bothell Way NE & NE 165th St,522 - Woodinville - Seattle,Express,,47.748497,-122.284599
1959,,"Lake Forest Park, WA",King,322,Bothell Way NE & NE 170th St,522 - Woodinville - Seattle,Express,,47.752117,-122.279831
1960,,"Kenmore, WA",King,322,NE Bothell Way & 61st Ave NE,522 - Woodinville - Seattle,Express,,47.758305,-122.261749
1961,,"Kenmore, WA",King,322,NE Bothell Way & 68th Ave NE,522 - Woodinville - Seattle,Express,,47.758179,-122.248703
1962,,"Kenmore, WA",King,372,NE Bothell Way & 73rd Ave NE,522 - Woodinville - Seattle,Express,,47.757214,-122.242851
1963,,"Kenmore, WA",King,372,NE Bothell Way & 80th Ave NE,522 - Woodinville - Seattle,Express,,47.755505,-122.233208
1964,,"Bothell, WA",King,372,Bothell Way NE & Bothell Way NE,522 - Woodinville - Seattle,Express,,47.758919,-122.208015
1965,,"Bothell, WA",King,239,Beardslee Blvd & Sunrise Dr,522 - Woodinville - Seattle,Express,,47.760597,-122.200272
1966,,"Bothell, WA",King,230,UW Bothell - Main Entrance,522 - Woodinville - Seattle,Express,,47.761768,-122.192421
1967,,"Bothell, WA",King,230,Beardslee Blvd & NE 195th St,522 - Woodinville - Seattle,Express,,47.767918,-122.191010
1968,,"Woodinville, WA",King,256,SR 522 & 132nd Ave NE,522 - Woodinville - Seattle,Express,,47.757515,-122.164566
1969,,"Woodinville, WA",King,522,Woodinville Snohomsh Rd & 139th Ave NE,522 - Woodinville - Seattle,Express,,47.765854,-122.154541
1970,,"Woodinville, WA",King,231,NE 178th Pl & 138th Pl NE,522 - Woodinville - Seattle,Express,,47.756855,-122.154114
1971,,"Woodinville, WA",King,231,Woodinville Park And Ride,522 - Woodinville - Seattle,Express,,47.757122,-122.151436
1972,University District,"Seattle, WA",King,43,15th Ave NE & NE 43rd St,542 - Redmond - University District,Express,,47.659370,-122.312096
1973,University District,"Seattle, WA",King,43,15th Ave NE & NE Campus Pkwy,542 - Redmond - University District,Express,,47.656422,-122.312164
1974,University District,"Seattle, WA",King,43,15th Ave NE & NE 40th St,542 - Redmond - University District,Express,,47.654820,-122.312210
1975,University District,"Seattle, WA",King,43,NE Pacific St & 15th Ave NE,542 - Redmond - University District,Express,,47.652084,-122.310883
1976,University District,"Seattle, WA",King,43,NE Pacific St & Montlake Blvd NE - Bay 1,542 - Redmond - University District,Express,,47.649143,-122.304970
1977,"Capitol Hill, Montlake","Seattle, WA",King,255,SR 520 & Montlake Blvd E,542 - Redmond - University District,Express,,47.644596,-122.304039
1978,,"Medina, WA",King,255,SR 520 & Evergreen Point Rd,542 - Redmond - University District,Express,,47.636810,-122.236595
1979,,"Yarrow Point, WA",King,255,Clyde Hill/Yarrow Pt & SR-520 - 92nd Avenue,542 - Redmond - University District,Express,,47.640091,-122.218277
1980,Overlake - Redmond,"Redmond, WA",King,542,State Route 520 & NE 40th St,542 - Redmond - University District,Express,,47.644791,-122.133774
1981,Overlake - Redmond,"Redmond, WA",King,542,SR 520 & NE 51st St,542 - Redmond - University District,Express,,47.654922,-122.136627
1982,,"Redmond, WA",King,222,West Lake Sammamish Pkwy NE & Leary Way,542 - Redmond - University District,Express,,47.669819,-122.130348
1983,Sammamish Valley,"Redmond, WA",King,542,NE 85th St & 154th Ave NE,542 - Redmond - University District,Express,,47.678536,-122.133942
1984,,"Redmond, WA",King,542,NE 85th St & 161st Ave NE,542 - Redmond - University District,Express,,47.678459,-122.126778
1985,,"Redmond, WA",King,542,NE 83rd St & 161st Ave NE - Bay 1,542 - Redmond - University District,Express,,47.676594,-122.124939
1986,Industrial District,"Seattle, WA",King,124,6th Ave S & S Atlantic St,545 - Redmond - Seattle,Express,,47.591015,-122.325867
1987,International District,"Seattle, WA",King,101,4th Ave S & S Jackson St,545 - Redmond - Seattle,Express,,47.598812,-122.328903
1988,Pioneer Square,"Seattle, WA",King,101,4th Ave & James St,545 - Redmond - Seattle,Express,,47.603012,-122.329979
1989,Central Business District,"Seattle, WA",King,101,4th Ave & Madison St,545 - Redmond - Seattle,Express,,47.606007,-122.332710
1990,Central Business District,"Seattle, WA",King,101,4th Ave & Pike St,545 - Redmond - Seattle,Express,,47.610951,-122.337250
1991,Central Business District,"Seattle, WA",King,212,Olive Way & 8th Ave,545 - Redmond - Seattle,Express,,47.613937,-122.334160
1992,Central Business District,"Seattle, WA",King,545,Olive Way & Terry Ave,545 - Redmond - Seattle,Express,,47.614883,-122.331894
1993,Central Business District,"Seattle, WA",King,545,Olive Way &Boren Ave,545 - Redmond - Seattle,Express,,47.615665,-122.330063
1994,,"Medina, WA",King,255,SR 520 & Evergreen Point Rd,545 - Redmond - Seattle,Express,,47.636810,-122.236595
1995,,"Yarrow Point, WA",King,255,Clyde Hill/Yarrow Pt & SR-520 - 92nd Avenue,545 - Redmond - Seattle,Express,,47.640091,-122.218277
1996,Overlake - Redmond,"Redmond, WA",King,542,State Route 520 & NE 40th St,545 - Redmond - Seattle,Express,,47.644791,-122.133774
1997,Overlake - Redmond,"Redmond, WA",King,542,SR 520 & NE 51st St,545 - Redmond - Seattle,Express,,47.654922,-122.136627
1998,,"Redmond, WA",King,222,West Lake Sammamish Pkwy NE & Leary Way,545 - Redmond - Seattle,Express,,47.669819,-122.130348
1999,Sammamish Valley,"Redmond, WA",King,542,NE 85th St & 154th Ave NE,545 - Redmond - Seattle,Express,,47.678536,-122.133942
2000,,"Redmond, WA",King,542,NE 85th St & 161st Ave NE,545 - Redmond - Seattle,Express,,47.678459,-122.126778
2001,,"Redmond, WA",King,545,NE 83rd St & 164th Ave NE - Bay 3,545 - Redmond - Seattle,Express,,47.676598,-122.123665
2002,,"Redmond, WA",King,545,Redmond Way & 166th Ave NE,545 - Redmond - Seattle,Express,,47.672779,-122.117928
2003,,"Redmond, WA",King,269,NE 76th St & 177th Pl NE,545 - Redmond - Seattle,Express,,47.671616,-122.103653
2004,,"Redmond, WA",King,250,Bear Creek P&R & 178th Pl NE,545 - Redmond - Seattle,Express,,47.673611,-122.100960
2005,Central Business District,"Seattle, WA",King,550,Union St & 6th Ave,550 - Bellevue - Seattle,Express,,47.609829,-122.334511
2006,Central Business District,"Seattle, WA",King,550,Union St & 4th Ave,550 - Bellevue - Seattle,Express,,47.609081,-122.336288
2007,Central Business District,"Seattle, WA",King,111,2nd Ave & Seneca St,550 - Bellevue - Seattle,Express,,47.606213,-122.336205
2008,Central Business District,"Seattle, WA",King,111,2nd Ave & Cherry St,550 - Bellevue - Seattle,Express,,47.603020,-122.333282
2009,Pioneer Square,"Seattle, WA",King,111,2nd Ave Ext S & Yesler Way,550 - Bellevue - Seattle,Express,,47.601253,-122.331688
2010,Mercer Island,"Mercer Island, WA",King,204,N Mercer Way & 80th Ave SE,550 - Bellevue - Seattle,Express,,47.588390,-122.232101
2011,Enatai,"Bellevue, WA",King,203,S Bellevue P&R - Bay 1,550 - Bellevue - Seattle,Express,,47.586979,-122.191330
2012,Downtown Bellevue,"Bellevue, WA",King,550,Bellevue Way SE & SE 16th St,550 - Bellevue - Seattle,Express,,47.597080,-122.198387
2013,Downtown Bellevue,"Bellevue, WA",King,550,Bellevue Way SE & SE 10th St,550 - Bellevue - Seattle,Express,,47.601959,-122.200768
2014,Downtown Bellevue,"Bellevue, WA",King,550,Bellevue Way SE & SE 3rd St,550 - Bellevue - Seattle,Express,,47.607876,-122.201324
2015,Downtown Bellevue,"Bellevue, WA",King,550,Bellevue Way NE & Main St,550 - Bellevue - Seattle,Express,,47.610634,-122.201408
2016,Downtown Bellevue,"Bellevue, WA",King,550,NE 4th St & 105th Ave NE,550 - Bellevue - Seattle,Express,,47.613777,-122.200508
2017,Downtown Bellevue,"Bellevue, WA",King,550,Bellevue Transit Center - Bay 12,550 - Bellevue - Seattle,Express,,47.615360,-122.196190
2018,Downtown Bellevue,"Bellevue, WA",King,550,110th Ave NE & NE 10th St,550 - Bellevue - Seattle,Express,,47.619511,-122.193741
2019,"Belltown, Denny Regrade","Seattle, WA",King,554,Lenora St & 4th Ave,554 - Issaquah - Seattle,Express,,47.613972,-122.341293
2020,Pike Market,"Seattle, WA",King,111,2nd Ave & Stewart St,554 - Issaquah - Seattle,Express,,47.610615,-122.340248
2021,Central Business District,"Seattle, WA",King,111,2nd Ave & Seneca St,554 - Issaquah - Seattle,Express,,47.606213,-122.336205
2022,Central Business District,"Seattle, WA",King,111,2nd Ave & Cherry St,554 - Issaquah - Seattle,Express,,47.603020,-122.333282
2023,Pioneer Square,"Seattle, WA",King,111,2nd Ave Ext S & Yesler Way,554 - Issaquah - Seattle,Express,,47.601253,-122.331688
2024,International District,"Seattle, WA",King,7,S Jackson St & Maynard Ave S,554 - Issaquah - Seattle,Express,,47.599117,-122.324570
2025,"Beacon Hill, North Beacon Hill","Seattle, WA",King,7,Rainier Ave S & S Charles St,554 - Issaquah - Seattle,Express,,47.593727,-122.309998
2026,Mercer Island,"Mercer Island, WA",King,204,N Mercer Way & 80th Ave SE,554 - Issaquah - Seattle,Express,,47.588390,-122.232101
2027,Eastgate - Bellevue,"Bellevue, WA",King,212,I-90 Expressway Ramp & 142nd Pl SE - Bay 4,554 - Issaquah - Seattle,Express,,47.579414,-122.151398
2028,,"Issaquah, WA",King,554,Issaquah P&R - Bay 6,554 - Issaquah - Seattle,Express,,47.541897,-122.062263
2029,,"Issaquah, WA",King,554,E Sunset Way & Rainier Blvd S,554 - Issaquah - Seattle,Express,,47.530026,-122.034233
2030,Issaquah Highlands,"Issaquah, WA",King,218,Highlands Dr NE & NE Ellis Dr,554 - Issaquah - Seattle,Express,,47.541138,-122.018890
2031,Issaquah Highlands,"Issaquah, WA",King,203,Issaquah Highlands P&R - Bay 3,554 - Issaquah - Seattle,Express,,47.545704,-122.019318
2032,,"Issaquah, WA",King,269,Issaquah Pine Lake Rd SE & SE Issaquah-Fall City Rd,554 - Issaquah - Seattle,Express,,47.555473,-122.021736
2033,,"Sammamish, WA",King,269,Issaquah Pine Lake Rd SE & SE 40th Pl,554 - Issaquah - Seattle,Express,,47.572491,-122.022018
2034,Pine Lake,"Sammamish, WA",King,269,S Sammamish P&R - Bay 1,554 - Issaquah - Seattle,Express,,47.582295,-122.037125
2035,,"Sammamish, WA",King,269,228th Ave SE & SE 8th St,554 - Issaquah - Seattle,Express,,47.602303,-122.035408
2036,,"Sammamish, WA",King,269,228th Ave NE & NE 8th St,554 - Issaquah - Seattle,Express,,47.615864,-122.035324
2037,,"Sammamish, WA",King,269,228th Ave NE & NE 25th Way,554 - Issaquah - Seattle,Express,,47.631916,-122.035355
2038,,"Redmond, WA",King,554,NE Redmond Way & 185th Ave NE,554 - Issaquah - Seattle,Express,,47.661099,-122.094818
2039,Issaquah Highlands,"Issaquah, WA",King,218,Issaquah Highlands P&R - Bay 4,556 - Issaquah - Northgate,Express,,47.545567,-122.019287
2040,Issaquah Highlands,"Issaquah, WA",King,218,9th Ave NE & NE Ellis Dr,556 - Issaquah - Northgate,Express,,47.540581,-122.020340
2041,,"Issaquah, WA",King,203,Issaquah P&R - Bay 3,556 - Issaquah - Northgate,Express,,47.541584,-122.062302
2042,Eastgate - Bellevue,"Bellevue, WA",King,212,I-90 Expressway Ramp & 142nd Pl SE - Bay 3,556 - Issaquah - Northgate,Express,,47.579609,-122.151711
2043,Enatai,"Bellevue, WA",King,203,S Bellevue P&R - Bay 1,556 - Issaquah - Northgate,Express,,47.586979,-122.191330
2044,Downtown Bellevue,"Bellevue, WA",King,550,Bellevue Way SE & SE 16th St,556 - Issaquah - Northgate,Express,,47.597080,-122.198387
2045,Downtown Bellevue,"Bellevue, WA",King,550,Bellevue Way SE & SE 10th St,556 - Issaquah - Northgate,Express,,47.601959,-122.200768
2046,Downtown Bellevue,"Bellevue, WA",King,550,Bellevue Way SE & SE 3rd St,556 - Issaquah - Northgate,Express,,47.607876,-122.201324
2047,Downtown Bellevue,"Bellevue, WA",King,550,Bellevue Way NE & Main St,556 - Issaquah - Northgate,Express,,47.610634,-122.201408
2048,Downtown Bellevue,"Bellevue, WA",King,550,NE 4th St & 105th Ave NE,556 - Issaquah - Northgate,Express,,47.613777,-122.200508
2049,Downtown Bellevue,"Bellevue, WA",King,271,Bellevue Transit Center - Bay 8,556 - Issaquah - Northgate,Express,,47.615501,-122.194389
2050,,"Yarrow Point, WA",King,255,Clyde Hill/Yarrow Pt & SR-520 - 92nd Avenue,556 - Issaquah - Northgate,Express,,47.640179,-122.218773
2051,,"Medina, WA",King,255,SR 520 & Evergreen Point Rd,556 - Issaquah - Northgate,Express,,47.637135,-122.237007
2052,"Capitol Hill, Montlake","Seattle, WA",King,255,SR 520 & Montlake Blvd E,556 - Issaquah - Northgate,Express,,47.644737,-122.304054
2053,,"Seattle, WA",King,255,Montlake Blvd NE & NE Pacific Pl - Bay 4,556 - Issaquah - Northgate,Express,,47.650494,-122.304092
2054,University District,"Seattle, WA",King,44,NE Pacific St & 15th Ave NE,556 - Issaquah - Northgate,Express,,47.652206,-122.310783
2055,University District,"Seattle, WA",King,44,15th Ave NE & NE Campus Pkwy,556 - Issaquah - Northgate,Express,,47.655899,-122.311974
2056,University District,"Seattle, WA",King,44,15th Ave NE & NE 42nd St,556 - Issaquah - Northgate,Express,,47.658668,-122.311905
2057,,"Bellevue, WA",King,560,Bellevue Transit Center - Bay 6,560 - Bellevue - Sea-Tac - W. Seattle,Express,3021,47.615474,-122.193746
2058,,"Bellevue, WA",King,560,Newport Hills Fwy Station,560 - Bellevue - Sea-Tac - W. Seattle,Express,3564,47.557303,-122.190669
2059,,"Renton, WA",King,560,Kennydale Fwy Station,560 - Bellevue - Sea-Tac - W. Seattle,Express,3565,47.518176,-122.199080
2060,,"Renton, WA",King,560,Park Dr NE & Lk Washington Blvd N,560 - Bellevue - Sea-Tac - W. Seattle,Express,3024,47.500594,-122.201358
2061,,"Renton, WA",King,560,Park Ave N & N 8th St,560 - Bellevue - Sea-Tac - W. Seattle,Express,3054,47.495396,-122.202285
2062,,"Renton, WA",King,560,Renton Transit Center - Bay 4,560 - Bellevue - Sea-Tac - W. Seattle,Express,4572,47.480736,-122.207952
2063,,"Renton, WA",King,560,Rainier Ave S & SW 7th St,560 - Bellevue - Sea-Tac - W. Seattle,Express,3062,47.473229,-122.216958
2064,,"Seatac, WA",King,560,SeaTac Airport Terminal - Bay 2,560 - Bellevue - Sea-Tac - W. Seattle,Express,4080,47.441730,-122.299271
2065,,"Seatac, WA",King,560,SeaTac Station,560 - Bellevue - Sea-Tac - W. Seattle,Express,2282,47.445622,-122.296176
2066,,"Burien, WA",King,560,Burien Transit Center - Bay 4,560 - Bellevue - Sea-Tac - W. Seattle,Express,3566,47.469683,-122.337340
2067,,"Burien, WA",King,560,Ambaum Blvd SW & SW 136th St,560 - Bellevue - Sea-Tac - W. Seattle,Express,3571,47.481769,-122.348290
2068,,"Burien, WA",King,560,Ambaum Blvd SW & SW 128th St,560 - Bellevue - Sea-Tac - W. Seattle,Express,3575,47.488661,-122.349957
2069,,"Burien, WA",King,560,Ambaum Blvd SW & SW 116th St,560 - Bellevue - Sea-Tac - W. Seattle,Express,3576,47.498480,-122.354278
2070,,"Seattle, WA",King,560,SW Roxbury St & 20th Ave SW,560 - Bellevue - Sea-Tac - W. Seattle,Express,3577,47.517432,-122.359546
2071,,"Seattle, WA",King,560,Westwood Village - Bay 2,560 - Bellevue - Sea-Tac - W. Seattle,Express,3470,47.520888,-122.365819
2072,,"Redmond, WA",King,225,Redmond Technology Station Acs & 156th Ave NE - Bay 4,566 - Auburn - Overlake,Express,,47.644402,-122.133202
2073,Overlake - Redmond,"Redmond, WA",King,542,SR 520 & NE 40th St,566 - Auburn - Overlake,Express,,47.645172,-122.135262
2074,Downtown Bellevue,County:,King,566,Bellevue Transit Center - Bay 6,566 - Auburn - Overlake,Express,,47.615494,-122.193909
2075,,"Renton, WA",King,240,Park Ave N & Lake Washington Blvd N,566 - Auburn - Overlake,Express,,47.500553,-122.201424
2076,,"Renton, WA",King,240,Park Ave N & N 8th St,566 - Auburn - Overlake,Express,,47.495258,-122.202339
2077,,"Renton, WA",King,107,Renton Transit Center - Bay 4,566 - Auburn - Overlake,Express,,47.480499,-122.208199
2078,,"Renton, WA",King,566,Rainer Ave/SR 167 & SW 7th St,566 - Auburn - Overlake,Express,,47.473362,-122.216843
2079,,"Kent, WA",King,153,Central Ave N & S 228th St,566 - Auburn - Overlake,Express,,47.396648,-122.228127
2080,,"Kent, WA",King,153,Kent Sounder Station - Bay 9,566 - Auburn - Overlake,Express,,47.383431,-122.232483
2081,,"Kent, WA",King,566,4th Ave N & W Smith St,566 - Auburn - Overlake,Express,,47.382603,-122.237473
2082,,"Auburn, WA",King,566,Auburn P&R - Bay 1,566 - Auburn - Overlake,Express,,47.321041,-122.228020
2083,,"Auburn, WA",King,566,Auburn Sounder Station - Bay 4,566 - Auburn - Overlake,Express,,47.305241,-122.232086
2084,,"Seatac, WA",King,560,SeaTac Station,574 - Lakewood - SeaTac,Express,2282,47.445622,-122.296176
2085,,"Seatac, WA",King,560,SeaTac Airport Terminal - Bay 2,574 - Lakewood - SeaTac,Express,4080,47.441730,-122.299271
2086,,"Seatac, WA",King,574,International Blvd & SeaTac Exit,574 - Lakewood - SeaTac,Express,3768,47.439837,-122.296080
2087,,"Seatac, WA",King,574,188th St S & S International Blvd,574 - Lakewood - SeaTac,Express,3750,47.434473,-122.294344
2088,,"Seatac, WA",King,574,188th St S & 36th Ave S,574 - Lakewood - SeaTac,Express,2633,47.434426,-122.287863
2089,,"Seatac, WA",King,574,188th St S & 42nd Av,574 - Lakewood - SeaTac,Express,3789,47.434340,-122.281925
2090,,"Seatac, WA",King,574,188th St S & 46th Ave S,574 - Lakewood - SeaTac,Express,4131,47.434297,-122.276905
2091,,"Kent, WA",King,574,I-5 & Kent/Des Moines Fwy Station,574 - Lakewood - SeaTac,Express,3725,47.391141,-122.291851
2092,,"Kent, WA",King,574,Star Lake Fwy Station,574 - Lakewood - SeaTac,Express,3726,47.358958,-122.297328
2093,Steel Lake,"Federal Way, WA",King,574,Federal Way Downtown Station - Bay 7,574 - Lakewood - SeaTac,Express,4696,47.316448,-122.303668
2094,,"Tacoma, WA",Pierce,574,Tacoma Dome Station - Zone H,574 - Lakewood - SeaTac,Express,3916,47.240192,-122.424837
2095,,"Tacoma, WA",Pierce,574,26th St E & D St E,574 - Lakewood - SeaTac,Express,1311,47.238770,-122.428923
2096,,"Lakewood, WA",Pierce,574,SR 512 P&R - Zone H,574 - Lakewood - SeaTac,Express,4230,47.161268,-122.483317
2097,,"Lakewood, WA",Pierce,574,Lakewood Transit Center - Zone M,574 - Lakewood - SeaTac,Express,4481,47.165059,-122.513010
2098,,"Seattle, WA",King,577,Fairview Ave N & Thomas St,577 - Federal Way - Seattle,Express,3890,47.620507,-122.334380
2099,,"Seattle, WA",King,577,Boren Ave & Virginia St,577 - Federal Way - Seattle,Express,3911,47.617492,-122.333810
2100,,"Seattle, WA",King,577,Stewart St & 9th Ave,577 - Federal Way - Seattle,Express,3020,47.615733,-122.334375
2101,,"Seattle, WA",King,577,Stewart St & 7th Ave,577 - Federal Way - Seattle,Express,3912,47.614406,-122.336079
2102,,"Seattle, WA",King,577,Stewart St & 3rd Ave,577 - Federal Way - Seattle,Express,3913,47.611895,-122.339343
2103,,"Seattle, WA",King,577,2nd Ave & Pike St,577 - Federal Way - Seattle,Express,1771,47.608692,-122.338512
2104,,"Seattle, WA",King,577,2nd Ave & Marion St,577 - Federal Way - Seattle,Express,1776,47.604470,-122.334618
2105,,"Seattle, WA",King,577,2nd Ave & James St,577 - Federal Way - Seattle,Express,1777,47.602386,-122.332710
2106,,"Seattle, WA",King,577,2nd Ave Ext & Jackson St S,577 - Federal Way - Seattle,Express,1778,47.599321,-122.329900
2107,Steel Lake,"Federal Way, WA",King,577,Federal Way Downtown Station - Bay 11,577 - Federal Way - Seattle,Express,4700,47.316480,-122.303297
2108,,"Seattle, WA",King,577,Fairview Ave N & Thomas St,578 - Puyallup - Seattle,Express,3890,47.620507,-122.334380
2109,,"Seattle, WA",King,577,Boren Ave & Virginia St,578 - Puyallup - Seattle,Express,3911,47.617492,-122.333810
2110,,"Seattle, WA",King,577,Stewart St & 9th Ave,578 - Puyallup - Seattle,Express,3020,47.615733,-122.334375
2111,,"Seattle, WA",King,577,Stewart St & 7th Ave,578 - Puyallup - Seattle,Express,3912,47.614406,-122.336079
2112,,"Seattle, WA",King,577,Stewart St & 3rd Ave,578 - Puyallup - Seattle,Express,3913,47.611895,-122.339343
2113,,"Seattle, WA",King,577,2nd Ave & Pike St,578 - Puyallup - Seattle,Express,1771,47.608692,-122.338512
2114,,"Seattle, WA",King,577,2nd Ave & Marion St,578 - Puyallup - Seattle,Express,1776,47.604470,-122.334618
2115,,"Seattle, WA",King,577,2nd Ave & James St,578 - Puyallup - Seattle,Express,1777,47.602386,-122.332710
2116,,"Seattle, WA",King,577,2nd Ave Ext & Jackson St S,578 - Puyallup - Seattle,Express,1778,47.599321,-122.329900
2117,Steel Lake,"Federal Way, WA",King,574,Federal Way Downtown Station - Bay 7,578 - Puyallup - Seattle,Express,4696,47.316448,-122.303668
2118,,"Auburn, WA",King,497,Auburn Station - Bay 4,578 - Puyallup - Seattle,Express,4074,47.305286,-122.232044
2119,,"Sumner, WA",Pierce,578,Sumner Station - Bay 2,578 - Puyallup - Seattle,Express,4235,47.201602,-122.244408
2120,,"Puyallup, WA",Pierce,578,Puyallup Station - Bay 3,578 - Puyallup - Seattle,Express,4233,47.192952,-122.296851
2121,,"Seattle, WA",King,586,45th St NE & Roosevelt Way NE,586 - Tacoma - U. District,Express,4291,47.661240,-122.317192
2122,,"Seattle, WA",King,586,NE 45th St & University Way NE,586 - Tacoma - U. District,Express,4069,47.661251,-122.313216
2123,,"Seattle, WA",King,586,15th Ave NE & NE 43rd St,586 - Tacoma - U. District,Express,4609,47.659360,-122.312047
2124,,"Seattle, WA",King,586,15th Ave NE & NE Campus Pkwy,586 - Tacoma - U. District,Express,4071,47.656436,-122.312131
2125,,"Seattle, WA",King,586,15th Ave NE & NE 40th St,586 - Tacoma - U. District,Express,4292,47.654870,-122.312171
2126,,"Seattle, WA",King,586,Pacific St NE & UW Hitchcock Hall,586 - Tacoma - U. District,Express,2663,47.652127,-122.310828
2127,,"Seattle, WA",King,586,University of Washington Station,586 - Tacoma - U. District,Express,4073,47.649025,-122.304808
2128,Steel Lake,"Federal Way, WA",King,574,Federal Way Downtown Station - Bay 7,586 - Tacoma - U. District,Express,4696,47.316448,-122.303668
2129,,"Tacoma, WA",Pierce,400,Tacoma Dome Station - Zone E,586 - Tacoma - U. District,Express,4172,47.240805,-122.426106
2130,,"Seattle, WA",King,577,Stewart St & 9th Ave,590 - Tacoma - Seattle,Express,3020,47.615733,-122.334375
2131,,"Seattle, WA",King,577,Stewart St & 7th Ave,590 - Tacoma - Seattle,Express,3912,47.614406,-122.336079
2132,,"Seattle, WA",King,577,Stewart St & 3rd Ave,590 - Tacoma - Seattle,Express,3913,47.611895,-122.339343
2133,,"Seattle, WA",King,590,2nd Ave & Stewart St,590 - Tacoma - Seattle,Express,4241,47.610721,-122.340275
2134,,"Seattle, WA",King,590,2nd Ave & Seneca St,590 - Tacoma - Seattle,Express,1772,47.606176,-122.336189
2135,,"Seattle, WA",King,590,2nd Ave & Cherry St,590 - Tacoma - Seattle,Express,245,47.603056,-122.333320
2136,,"Seattle, WA",King,590,2nd Ave & Yesler Way,590 - Tacoma - Seattle,Express,249,47.601279,-122.331647
2137,,"Seattle, WA",King,590,Bus Way & Royal Brougham St,590 - Tacoma - Seattle,Express,669,47.592134,-122.327469
2138,,"Seattle, WA",King,590,Bus Way & Holgate St,590 - Tacoma - Seattle,Express,663,47.585304,-122.327635
2139,,"Seattle, WA",King,590,Bus Way & Lander St,590 - Tacoma - Seattle,Express,665,47.579016,-122.327637
2140,,"Seattle, WA",King,590,Bus Way & S Spokane St,590 - Tacoma - Seattle,Express,671,47.571756,-122.327598
2141,,"Tacoma, WA",Pierce,400,Tacoma Dome Station - Zone E,590 - Tacoma - Seattle,Express,4172,47.240805,-122.426106
2142,,"Tacoma, WA",Pierce,41,Pacific Ave & S 24th St,590 - Tacoma - Seattle,Express,1847,47.240368,-122.435553
2143,,"Tacoma, WA",Pierce,1,Pacific Ave & S 19th St,590 - Tacoma - Seattle,Express,1902,47.245089,-122.436492
2144,,"Tacoma, WA",Pierce,1,Pacific Ave & S 14th St,590 - Tacoma - Seattle,Express,3714,47.250254,-122.437883
2145,,"Tacoma, WA",Pierce,45,Commerce St Transfer Area - Zone G,590 - Tacoma - Seattle,Express,4085,47.255044,-122.439747
2146,,"Seattle, WA",King,577,Stewart St & 9th Ave,592 - Olympia/DuPont - Seattle,Express,3020,47.615733,-122.334375
2147,,"Seattle, WA",King,577,Stewart St & 7th Ave,592 - Olympia/DuPont - Seattle,Express,3912,47.614406,-122.336079
2148,,"Seattle, WA",King,577,Stewart St & 3rd Ave,592 - Olympia/DuPont - Seattle,Express,3913,47.611895,-122.339343
2149,,"Seattle, WA",King,590,2nd Ave & Stewart St,592 - Olympia/DuPont - Seattle,Express,4241,47.610721,-122.340275
2150,,"Seattle, WA",King,590,2nd Ave & Seneca St,592 - Olympia/DuPont - Seattle,Express,1772,47.606176,-122.336189
2151,,"Seattle, WA",King,590,2nd Ave & Cherry St,592 - Olympia/DuPont - Seattle,Express,245,47.603056,-122.333320
2152,,"Seattle, WA",King,590,2nd Ave & Yesler Way,592 - Olympia/DuPont - Seattle,Express,249,47.601279,-122.331647
2153,,"Lakewood, WA",Pierce,592,SR 512 P&R - Zone I,592 - Olympia/DuPont - Seattle,Express,4480,47.161115,-122.482996
2154,,"Lakewood, WA",Pierce,592,Lakewood Station - Bay 4,592 - Olympia/DuPont - Seattle,Express,1351,47.152605,-122.499474
2155,,"Dupont, WA",Pierce,592,Dupont Station - Bay 6,592 - Olympia/DuPont - Seattle,Express,4086,47.090011,-122.640023
2156,,"Seattle, WA",King,577,Stewart St & 9th Ave,594 - Lakewood - Seattle,Express,3020,47.615733,-122.334375
2157,,"Seattle, WA",King,577,Stewart St & 7th Ave,594 - Lakewood - Seattle,Express,3912,47.614406,-122.336079
2158,,"Seattle, WA",King,577,Stewart St & 3rd Ave,594 - Lakewood - Seattle,Express,3913,47.611895,-122.339343
2159,,"Seattle, WA",King,590,2nd Ave & Stewart St,594 - Lakewood - Seattle,Express,4241,47.610721,-122.340275
2160,,"Seattle, WA",King,590,2nd Ave & Seneca St,594 - Lakewood - Seattle,Express,1772,47.606176,-122.336189
2161,,"Seattle, WA",King,590,2nd Ave & Cherry St,594 - Lakewood - Seattle,Express,245,47.603056,-122.333320
2162,,"Seattle, WA",King,590,2nd Ave & Yesler Way,594 - Lakewood - Seattle,Express,249,47.601279,-122.331647
2163,,"Seattle, WA",King,590,Bus Way & Royal Brougham St,594 - Lakewood - Seattle,Express,669,47.592134,-122.327469
2164,,"Seattle, WA",King,590,Bus Way & Holgate St,594 - Lakewood - Seattle,Express,663,47.585304,-122.327635
2165,,"Seattle, WA",King,590,Bus Way & Lander St,594 - Lakewood - Seattle,Express,665,47.579016,-122.327637
2166,,"Seattle, WA",King,590,Bus Way & S Spokane St,594 - Lakewood - Seattle,Express,671,47.571756,-122.327598
2167,,"Tacoma, WA",Pierce,400,Tacoma Dome Station - Zone E,594 - Lakewood - Seattle,Express,4172,47.240805,-122.426106
2168,,"Tacoma, WA",Pierce,41,Pacific Ave & S 24th St,594 - Lakewood - Seattle,Express,1847,47.240368,-122.435553
2169,,"Tacoma, WA",Pierce,1,Pacific Ave & S 19th St,594 - Lakewood - Seattle,Express,1902,47.245089,-122.436492
2170,,"Tacoma, WA",Pierce,1,Pacific Ave & S 14th St,594 - Lakewood - Seattle,Express,3714,47.250254,-122.437883
2171,,"Tacoma, WA",Pierce,45,Commerce St Transfer Area - Zone G,594 - Lakewood - Seattle,Express,4085,47.255044,-122.439747
2172,,"Lakewood, WA",Pierce,592,SR 512 P&R - Zone I,594 - Lakewood - Seattle,Express,4480,47.161115,-122.482996
2173,,"Lakewood, WA",Pierce,592,Lakewood Station - Bay 4,594 - Lakewood - Seattle,Express,1351,47.152605,-122.499474
2174,,"Dupont, WA",Pierce,592,Dupont Station - Bay 6,594 - Lakewood - Seattle,Express,4086,47.090011,-122.640023
2175,,"Seattle, WA",King,577,Stewart St & 9th Ave,595 - Gig Harbor - Seattle,Express,3020,47.615733,-122.334375
2176,,"Seattle, WA",King,577,Stewart St & 7th Ave,595 - Gig Harbor - Seattle,Express,3912,47.614406,-122.336079
2177,,"Seattle, WA",King,577,Stewart St & 3rd Ave,595 - Gig Harbor - Seattle,Express,3913,47.611895,-122.339343
2178,,"Seattle, WA",King,590,2nd Ave & Stewart St,595 - Gig Harbor - Seattle,Express,4241,47.610721,-122.340275
2179,,"Seattle, WA",King,590,2nd Ave & Seneca St,595 - Gig Harbor - Seattle,Express,1772,47.606176,-122.336189
2180,,"Seattle, WA",King,590,2nd Ave & Cherry St,595 - Gig Harbor - Seattle,Express,245,47.603056,-122.333320
2181,,"Seattle, WA",King,590,2nd Ave & Yesler Way,595 - Gig Harbor - Seattle,Express,249,47.601279,-122.331647
2182,,"Seattle, WA",King,590,Bus Way & Royal Brougham St,595 - Gig Harbor - Seattle,Express,669,47.592134,-122.327469
2183,,"Seattle, WA",King,590,Bus Way & Holgate St,595 - Gig Harbor - Seattle,Express,663,47.585304,-122.327635
2184,,"Seattle, WA",King,590,Bus Way & Lander St,595 - Gig Harbor - Seattle,Express,665,47.579016,-122.327637
2185,,"Seattle, WA",King,590,Bus Way & S Spokane St,595 - Gig Harbor - Seattle,Express,671,47.571756,-122.327598
2186,,"Tacoma, WA",Pierce,574,Tacoma Dome Station - Zone H,595 - Gig Harbor - Seattle,Express,3916,47.240192,-122.424837
2187,,"Tacoma, WA",Pierce,595,Tacoma Community College Transit Ctr - Zone M,595 - Gig Harbor - Seattle,Express,4210,47.243555,-122.526257
2188,,"Tacoma, WA",Pierce,100,Narrows P&R,595 - Gig Harbor - Seattle,Express,394,47.255558,-122.532376
2189,,"Gig Harbor, WA",Pierce,595,Kimball Dr Park & Ride - Bay 2,595 - Gig Harbor - Seattle,Express,4237,47.318086,-122.586811
2190,Purdy,"Gig Harbor, WA",Pierce,100,Purdy Park & Ride,595 - Gig Harbor - Seattle,Express,2346,47.389867,-122.625373
2191,,"Bonney Lake, WA",Pierce,596,Bonney Lake P&R - Bay 5,596 - Bonney Lake - Sumner,Express,4491,47.173257,-122.184856
2192,,"Sumner, WA",Pierce,596,Sumner Station - Bay 3,596 - Bonney Lake - Sumner,Express,4236,47.201336,-122.244691
2193,,3929 156th Avenue NE,King,2 Line,Redmond Technology Station,2 Line - South Bellevue - Redmond Tech Station,Light Rail,,47.644812,-122.133615
2194,,2801 152nd Ave NE,King,2 Line,Overlake Village Station,2 Line - South Bellevue - Redmond Tech Station,Light Rail,,47.636387,-122.138799
2195,,13102 NE Spring Blvd,King,2 Line,BelRed Station,2 Line - South Bellevue - Redmond Tech Station,Light Rail,,47.624450,-122.165794
2196,,12164 NE Spring Blvd,King,2 Line,Spring District Station,2 Line - South Bellevue - Redmond Tech Station,Light Rail,,47.623774,-122.178570
2197,,800 118th Ave NE,King,2 Line,Wilburton Station,2 Line - South Bellevue - Redmond Tech Station,Light Rail,,47.618069,-122.183747
2198,,594 110th Ave NE,King,2 Line,Bellevue Downtown,2 Line - South Bellevue - Redmond Tech Station,Light Rail,,47.615234,-122.191917
2199,,229 112th Ave SE,King,2 Line,East Main Bellevue Station,2 Line - South Bellevue - Redmond Tech Station,Light Rail,,47.608055,-122.191151
2200,,"Bellevue, WA",,2 Line,South Bellevue,2 Line - South Bellevue - Redmond Tech Station,Light Rail,,47.586932,-122.190604
2201,,"Seatac, WA",King,Seattle Link,Angle Lake Link Station,Seattle Link - Seattle Link Northgate - Angle Lake,Light Rail,,47.422638,-122.297787
2202,,"Seatac, WA",King,Seattle Link,SeaTac/Airport Station,Seattle Link - Seattle Link Northgate - Angle Lake,Light Rail,,47.445011,-122.296860
2203,,15426 35th Avenue S.,King,Seattle Link,Tukwila International Blvd Station,Seattle Link - Seattle Link Northgate - Angle Lake,Light Rail,,47.464098,-122.288201
2204,,9132 Martin Luther King Jr. Way South,King,Seattle Link,Rainier Beach Station,Seattle Link - Seattle Link Northgate - Angle Lake,Light Rail,,47.522610,-122.279335
2205,,7100 Martin Luther King Jr. Way South,King,Seattle Link,Othello Station,Seattle Link - Seattle Link Northgate - Angle Lake,Light Rail,,47.538006,-122.281574
2206,,4818 Martin Luther King Jr. Way S,King,Seattle Link,Columbia City Station,Seattle Link - Seattle Link Northgate - Angle Lake,Light Rail,,47.559616,-122.292618
2207,,3000 Rainier Avenue S,King,Seattle Link,Mt. Baker Station,Seattle Link - Seattle Link Northgate - Angle Lake,Light Rail,,47.576716,-122.297802
2208,,2702 Beacon Avenue S,King,Seattle Link,Beacon Hill Station,Seattle Link - Seattle Link Northgate - Angle Lake,Light Rail,,47.579401,-122.311340
2209,,500 S Lander Street,King,Seattle Link,SODO Station,Seattle Link - Seattle Link Northgate - Angle Lake,Light Rail,,47.580271,-122.327393
2210,,501 S Royal Brougham Way,King,Seattle Link,Stadium Station,Seattle Link - Seattle Link Northgate - Angle Lake,Light Rail,,47.592047,-122.327171
2211,,"Seattle, WA",King,Seattle Link,International District Station,Seattle Link - Seattle Link Northgate - Angle Lake,Light Rail,,47.598055,-122.328019
2212,,"Seattle, WA",King,Seattle Link,Pioneer Sq Station,Seattle Link - Seattle Link Northgate - Angle Lake,Light Rail,,47.602669,-122.331318
2213,,"Seattle, WA",King,Seattle Link,University St Station,Seattle Link - Seattle Link Northgate - Angle Lake,Light Rail,,47.607746,-122.335960
2214,,"Seattle, WA",King,Seattle Link,Westlake Station,Seattle Link - Seattle Link Northgate - Angle Lake,Light Rail,,47.611597,-122.336666
2215,,140 Broadway E,King,Seattle Link,Capitol Hill Link Station,Seattle Link - Seattle Link Northgate - Angle Lake,Light Rail,,47.619591,-122.320214
2216,,3720 Montlake Boulevard Northeast,King,Seattle Link,University of Washington / Husky Stadium Station,Seattle Link - Seattle Link Northgate - Angle Lake,Light Rail,,47.649704,-122.303772
2217,,4300 Brooklyn Avenue NE,King,Seattle Link,U District Station,Seattle Link - Seattle Link Northgate - Angle Lake,Light Rail,,47.660312,-122.314131
2218,,6501 12th Avenue Northeast,King,Seattle Link,Roosevelt Station,Seattle Link - Seattle Link Northgate - Angle Lake,Light Rail,,47.676594,-122.315985
2219,,10200 1st Avenue NE,King,Seattle Link,Northgate Station,Seattle Link - Seattle Link Northgate - Angle Lake,Light Rail,,47.703038,-122.328282
2220,,14711 5th Avenue Northeast,King,Seattle Link,Shoreline South/148th Station,Seattle Link - Seattle Link Northgate - Angle Lake,Light Rail,,47.736126,-122.325243
2221,,710 Northeast 185th St,King,Seattle Link,Shoreline North/185th Station,Seattle Link - Seattle Link Northgate - Angle Lake,Light Rail,,47.764088,-122.322890
2222,,6001 236th Street Southwest,Snohomish,Seattle Link,Mountlake Terrace Station,Seattle Link - Seattle Link Northgate - Angle Lake,Light Rail,,47.784998,-122.314781
2223,,20100 48th Avenue West,Snohomish,Seattle Link,Lynnwood City Center Station,Seattle Link - Seattle Link Northgate - Angle Lake,Light Rail,,47.815640,-122.294730
2224,,"Tacoma, WA",Pierce,T Line,St Joseph Station,T Line - Tacoma Dome - St Joseph,Light Rail,,47.245289,-122.450191
2225,,"Tacoma, WA",Pierce,T Line,Hilltop District Station,T Line - Tacoma Dome - St Joseph,Light Rail,,47.251773,-122.451669
2226,,"Tacoma, WA",Pierce,T Line,6th Avenue Station,T Line - Tacoma Dome - St Joseph,Light Rail,,47.256926,-122.452841
2227,,"Tacoma, WA",Pierce,T Line,Tacoma General Station,T Line - Tacoma Dome - St Joseph,Light Rail,,47.260091,-122.453562
2228,,"Tacoma, WA",Pierce,T Line,Stadium District Station,T Line - Tacoma Dome - St Joseph,Light Rail,,47.263886,-122.448987
2229,,"Tacoma, WA",Pierce,T Line,South 4th Street Station,T Line - Tacoma Dome - St Joseph,Light Rail,,47.261326,-122.442727
2230,,6001 236th Street Southwest,Pierce,T Line,Old City Hall Station,T Line - Tacoma Dome - St Joseph,Light Rail,,47.257745,-122.440418
2231,,"Tacoma, WA",Pierce,T Line,Theater District Station,T Line - Tacoma Dome - St Joseph,Light Rail,,47.252834,-122.439287
2232,,"Tacoma, WA",Pierce,T Line,Convention Center Station,T Line - Tacoma Dome - St Joseph,Light Rail,,47.249504,-122.438578
2233,,"Tacoma, WA",Pierce,T Line,Tacoma Union Station,T Line - Tacoma Dome - St Joseph,Light Rail,,47.244843,-122.436622
2234,,"Tacoma, WA",Pierce,T Line,South 25th Street Station,T Line - Tacoma Dome - St Joseph,Light Rail,,47.239081,-122.434202
2235,,"Tacoma, WA",Pierce,T Line,Tacoma Dome Station,T Line - Tacoma Dome - St Joseph,Light Rail,,47.239868,-122.428118
2236,,"Everett, WA",Snohomish,510,Hewitt Ave & Fulton St,510 - Everett - Seattle,Sound Transit Express,,47.979241,-122.195589
2237,,"Everett, WA",Snohomish,510,Hewitt Ave & Lombard Ave,510 - Everett - Seattle,Sound Transit Express,,47.979318,-122.202649
2238,,"Everett, WA",Snohomish,510,Wetmore Ave & Wall St,510 - Everett - Seattle,Sound Transit Express,,47.977325,-122.207239
2239,,"Everett, WA",Snohomish,510,Pacific Ave & Rockefeller Ave,510 - Everett - Seattle,Sound Transit Express,,47.976509,-122.205033
2240,,"Everett, WA",Snohomish,510,Everett Station Bay C1,510 - Everett - Seattle,Sound Transit Express,,47.974851,-122.197619
2241,,"Everett, WA",Snohomish,201,Broadway & 34th St,510 - Everett - Seattle,Sound Transit Express,,47.972819,-122.201491
2242,,"Everett, WA",Snohomish,510,South Everett Fwy Station Bay 3,510 - Everett - Seattle,Sound Transit Express,,47.899018,-122.214478
2243,,"Mountlake Terrace, WA",Snohomish,510,Mountlake Terrace Fwy Station Bay 6,510 - Everett - Seattle,Sound Transit Express,,47.787230,-122.316408
2244,"Belltown, Denny Regrade","Seattle, WA",King,424,Stewart St & 9th Ave,510 - Everett - Seattle,Sound Transit Express,,47.615832,-122.334230
2245,"Belltown, Denny Regrade","Seattle, WA",King,424,Stewart St & 7th Ave,510 - Everett - Seattle,Sound Transit Express,,47.614556,-122.335971
2246,Central Business District,"Seattle, WA",King,510,5th Ave & Pine St,510 - Everett - Seattle,Sound Transit Express,,47.611807,-122.336694
2247,Central Business District,"Seattle, WA",King,510,5th Ave & Seneca St,510 - Everett - Seattle,Sound Transit Express,,47.608238,-122.333425
2248,Central Business District,"Seattle, WA",King,510,5th Ave & Marion St,510 - Everett - Seattle,Sound Transit Express,,47.605927,-122.331319
2249,Pioneer Square,"Seattle, WA",King,510,5th Ave & Jefferson St,510 - Everett - Seattle,Sound Transit Express,,47.603157,-122.328806
2250,International District,"Seattle, WA",King,510,5th Ave S & S Jackson St,510 - Everett - Seattle,Sound Transit Express,,47.598591,-122.327766
2251,,"Everett, WA",Snohomish,510,Everett Station Bay C1,512 - Everett - Seattle,Sound Transit Express,,47.974851,-122.197619
2252,,"Everett, WA",Snohomish,201,Broadway & 34th St,512 - Everett - Seattle,Sound Transit Express,,47.972819,-122.201491
2253,,"Everett, WA",Snohomish,510,South Everett Fwy Station Bay 3,512 - Everett - Seattle,Sound Transit Express,,47.899018,-122.214478
2254,,"Picnic Point-North Lynnwood, WA",Snohomish,201,Ash Way Park & Ride Bay 2,512 - Everett - Seattle,Sound Transit Express,,47.852882,-122.258253
2255,,"Lynnwood, WA",Snohomish,512,Lynnwood Transit Center Bay D2,512 - Everett - Seattle,Sound Transit Express,,47.815883,-122.296616
2256,,"Mountlake Terrace, WA",Snohomish,510,Mountlake Terrace Fwy Station Bay 6,512 - Everett - Seattle,Sound Transit Express,,47.787230,-122.316408
2257,,"Seattle, WA",King,512,Northgate Station,512 - Everett - Seattle,Sound Transit Express,,47.702191,-122.328018
2258,,"Everett, WA",Snohomish,513,Seaway Transit Center Bay 11,513 - Seaway TC - Seattle,Sound Transit Express,,47.930484,-122.260484
2259,,"Everett, WA",Snohomish,513,W Casino Rd & Evergreen Way,513 - Seaway TC - Seattle,Sound Transit Express,,47.921803,-122.230584
2260,,"Everett, WA",Snohomish,513,Eastmont Park & Ride Bay 1,513 - Seaway TC - Seattle,Sound Transit Express,,47.915359,-122.205140
2261,,"Picnic Point-North Lynnwood, WA",Snohomish,201,Ash Way Park & Ride Bay 2,513 - Seaway TC - Seattle,Sound Transit Express,,47.852882,-122.258253
2262,,"Lynnwood, WA",Snohomish,512,Lynnwood Transit Center Bay D2,513 - Seaway TC - Seattle,Sound Transit Express,,47.815883,-122.296616
2263,,"Lynnwood, WA",Snohomish,515,Lynnwood Transit Center Bay D1,515 - Lynnwood City Center Station - Seattle,Sound Transit Express,,47.815889,-122.297029
2264,,"Mountlake Terrace, WA",Snohomish,510,Mountlake Terrace Fwy Station Bay 6,515 - Lynnwood City Center Station - Seattle,Sound Transit Express,,47.787230,-122.316408
2265,"Belltown, Denny Regrade","Seattle, WA",King,424,Stewart St & 9th Ave,515 - Lynnwood City Center Station - Seattle,Sound Transit Express,,47.615832,-122.334230
2266,"Belltown, Denny Regrade","Seattle, WA",King,424,Stewart St & 7th Ave,515 - Lynnwood City Center Station - Seattle,Sound Transit Express,,47.614556,-122.335971
2267,Central Business District,"Seattle, WA",King,510,5th Ave & Pine St,515 - Lynnwood City Center Station - Seattle,Sound Transit Express,,47.611807,-122.336694
2268,Central Business District,"Seattle, WA",King,510,5th Ave & Seneca St,515 - Lynnwood City Center Station - Seattle,Sound Transit Express,,47.608238,-122.333425
2269,Central Business District,"Seattle, WA",King,510,5th Ave & Marion St,515 - Lynnwood City Center Station - Seattle,Sound Transit Express,,47.605927,-122.331319
2270,Pioneer Square,"Seattle, WA",King,510,5th Ave & Jefferson St,515 - Lynnwood City Center Station - Seattle,Sound Transit Express,,47.603157,-122.328806
2271,International District,"Seattle, WA",King,510,5th Ave S & S Jackson St,515 - Lynnwood City Center Station - Seattle,Sound Transit Express,,47.598591,-122.327766
2272,,"Everett, WA",Snohomish,532,Everett Station Bay C3,532 - Everett - Bellevue,Sound Transit Express,,47.974434,-122.197432
2273,,"Everett, WA",Snohomish,201,Broadway & 34th St,532 - Everett - Bellevue,Sound Transit Express,,47.972819,-122.201491
2274,,"Everett, WA",Snohomish,532,South Everett Fwy Station Bay 2,532 - Everett - Bellevue,Sound Transit Express,,47.899271,-122.214356
2275,,"Picnic Point-North Lynnwood, WA",Snohomish,109,Ash Way Park & Ride Bay 3,532 - Everett - Bellevue,Sound Transit Express,,47.853234,-122.257814
2276,,"Bothell, WA",Snohomish,532,Canyon Park Fwy Station Bay 3,532 - Everett - Bellevue,Sound Transit Express,,47.793847,-122.214072
2277,Totem Lake,"Kirkland, WA",King,424,Totem Lake Fwy Station,532 - Everett - Bellevue,Sound Transit Express,,47.715440,-122.185817
2278,Downtown Bellevue,"Bellevue, WA",King,532,Bellevue Transit Center Bay 8,532 - Everett - Bellevue,Sound Transit Express,,47.615437,-122.194537
2279,Downtown Bellevue,"Bellevue, WA",King,532,NE 8th St & 108th Ave NE,532 - Everett - Bellevue,Sound Transit Express,,47.617484,-122.196999
2280,Downtown Bellevue,"Bellevue, WA",King,532,NE 8th St & 102nd Ave NE,532 - Everett - Bellevue,Sound Transit Express,,47.617541,-122.204908
2281,Downtown Bellevue,"Bellevue, WA",King,532,NE 10th St & 102nd Ave NE,532 - Everett - Bellevue,Sound Transit Express,,47.619172,-122.204880
2282,,"Lynnwood, WA",Snohomish,515,Lynnwood Transit Center Bay D1,535 - Lynnwood - Bellevue,Sound Transit Express,,47.815889,-122.297029
2283,,"Lynnwood, WA",Snohomish,117,Alderwood Mall Pkwy & Beech Rd,535 - Lynnwood - Bellevue,Sound Transit Express,,47.829303,-122.268359
2284,,"Lynnwood, WA",Snohomish,117,Alderwood Mall Pkwy & 184th St SW,535 - Lynnwood - Bellevue,Sound Transit Express,,47.831614,-122.268401
2285,,"Bothell, WA",Snohomish,532,Canyon Park Fwy Station Bay 3,535 - Lynnwood - Bellevue,Sound Transit Express,,47.793847,-122.214072
2286,,"Bothell, WA",King,121,Beardslee Blvd & Ross Rd,535 - Lynnwood - Bellevue,Sound Transit Express,,47.767936,-122.191257
2287,,"Bothell, WA",King,106,UW Bothell & Cascadia College,535 - Lynnwood - Bellevue,Sound Transit Express,,47.761773,-122.192425
2288,,"Bothell, WA",King,535,Bothell Park & Ride Bay 2,535 - Lynnwood - Bellevue,Sound Transit Express,,47.759468,-122.199971
2289,Oskams Corner,"Bothell, WA",King,535,Brickyard Fwy Station,535 - Lynnwood - Bellevue,Sound Transit Express,,47.741250,-122.187676
2290,Totem Lake,"Kirkland, WA",King,424,Totem Lake Fwy Station,535 - Lynnwood - Bellevue,Sound Transit Express,,47.715440,-122.185817
2291,Downtown Bellevue,"Bellevue, WA",King,532,Bellevue Transit Center Bay 8,535 - Lynnwood - Bellevue,Sound Transit Express,,47.615437,-122.194537
2292,Downtown Bellevue,"Bellevue, WA",King,532,NE 8th St & 108th Ave NE,535 - Lynnwood - Bellevue,Sound Transit Express,,47.617484,-122.196999
2293,Downtown Bellevue,"Bellevue, WA",King,532,NE 8th St & 102nd Ave NE,535 - Lynnwood - Bellevue,Sound Transit Express,,47.617541,-122.204908
2294,Downtown Bellevue,"Bellevue, WA",King,532,NE 10th St & 102nd Ave NE,535 - Lynnwood - Bellevue,Sound Transit Express,,47.619172,-122.204880
