Districts/Neighborhoods,Address,County,Coordinates,OneBusAway Stop ID,Routes Served,Name,Route,Route Type,Agency Stop ID,Parking Spots
Industrial District,"Seattle, WA",King,"47.593342, -122.328957",1_30635,5,4th Ave S & S Royal Brougham Way,5 - Shoreline Community College - Seattle,Seattle,,
International District,"Seattle, WA",King,"47.599827, -122.328972",1_619,5,4th Ave S & S Jackson St,5 - Shoreline Community College - Seattle,Seattle,,
Pioneer Square,"Seattle, WA",King,"47.602642, -122.331184",1_531,5,3rd Ave & James St,5 - Shoreline Community College - Seattle,Seattle,,
Central Business District,"Seattle, WA",King,"47.605541, -122.333832",1_548,5,3rd Ave & Madison St,5 - Shoreline Community College - Seattle,Seattle,,
Central Business District,"Seattle, WA",King,"47.608688, -122.336700",1_570,5,3rd Ave & Union St,5 - Shoreline Community College - Seattle,Seattle,,
Central Business District,"Seattle, WA",King,"47.611137, -122.338951",1_590,5,3rd Ave & Pine St,5 - Shoreline Community College - Seattle,Seattle,,
"Belltown, Denny Regrade","Seattle, WA",King,"47.612995, -122.341743",1_600,1,3rd Ave & Virginia St,5 - Shoreline Community College - Seattle,Seattle,,
"Belltown, Denny Regrade","Seattle, WA",King,"47.615120, -122.345337",1_605,1,3rd Ave & Bell St,5 - Shoreline Community College - Seattle,Seattle,,
,"Seattle, WA",King,"47.619087, -122.343445",1_6236,5,7th Ave N & Denny Way,5 - Shoreline Community College - Seattle,Seattle,,
,"Seattle, WA",King,"47.621895, -122.343506",1_6237,5,7th Ave N & Harrison St,5 - Shoreline Community College - Seattle,Seattle,,
"Cascade, Westlake","Seattle, WA",King,"47.629238, -122.343353",1_6290,5,Aurora Ave N & Prospect St,5 - Shoreline Community College - Seattle,Seattle,,
"Cascade, Westlake","Seattle, WA",King,"47.632572, -122.343323",1_6300,5,Aurora Ave N & Galer St,5 - Shoreline Community College - Seattle,Seattle,,
"Cascade, Westlake","Seattle, WA",King,"47.637405, -122.344185",1_6310,5,Aurora Ave N & Crockett St,5 - Shoreline Community College - Seattle,Seattle,,
Queen Anne,"Seattle, WA",King,"47.638874, -122.345200",1_6320,5,Aurora Ave N & Lynn St,5 - Shoreline Community College - Seattle,Seattle,,
Queen Anne,"Seattle, WA",King,"47.641975, -122.346672",1_6330,5,Aurora Ave N & Halladay St,5 - Shoreline Community College - Seattle,Seattle,,
Fremont,"Seattle, WA",King,"47.652473, -122.346619",1_6340,5,Aurora Ave N & N 38th St,5 - Shoreline Community College - Seattle,Seattle,,
Fremont,"Seattle, WA",King,"47.654400, -122.349815",1_6360,5,Fremont Ave N & N 39th St,5 - Shoreline Community College - Seattle,Seattle,,
Fremont,"Seattle, WA",King,"47.656902, -122.349854",1_6380,5,Fremont Ave N & N 41st St,5 - Shoreline Community College - Seattle,Seattle,,
Fremont,"Seattle, WA",King,"47.659023, -122.350403",1_6400,5,N 43rd St & Fremont Ave N,5 - Shoreline Community College - Seattle,Seattle,,
Fremont,"Seattle, WA",King,"47.659287, -122.354279",1_6420,5,Phinney Ave N & N 43rd St,5 - Shoreline Community College - Seattle,Seattle,,
Fremont,"Seattle, WA",King,"47.662418, -122.353882",1_6440,5,Phinney Ave N & N 46th St,5 - Shoreline Community College - Seattle,Seattle,,
Fremont,"Seattle, WA",King,"47.664959, -122.353874",1_6460,5,Phinney Ave N & N 50th St,5 - Shoreline Community College - Seattle,Seattle,,
Phinney Ridge,"Seattle, WA",King,"47.666897, -122.354324",1_6480,5,Phinney Ave N & N 53rd St,5 - Shoreline Community College - Seattle,Seattle,,
Phinney Ridge,"Seattle, WA",King,"47.668350, -122.354309",1_6490,5,Phinney Ave N & N 55th St,5 - Shoreline Community College - Seattle,Seattle,,
Phinney Ridge,"Seattle, WA",King,"47.670960, -122.354294",1_6510,5,Phinney Ave N & N 58th St,5 - Shoreline Community College - Seattle,Seattle,,
Phinney Ridge,"Seattle, WA",King,"47.672764, -122.354279",1_6520,5,Phinney Ave N & N 60th St,5 - Shoreline Community College - Seattle,Seattle,,
Phinney Ridge,"Seattle, WA",King,"47.675819, -122.354256",1_6540,5,Phinney Ave N & N 64th St,5 - Shoreline Community College - Seattle,Seattle,,
Phinney Ridge,"Seattle, WA",King,"47.677280, -122.354256",1_6550,5,Phinney Ave N & N 67th St,5 - Shoreline Community College - Seattle,Seattle,,
Phinney Ridge,"Seattle, WA",King,"47.678936, -122.355209",1_6565,5,Greenwood Ave N & N 68th St,5 - Shoreline Community College - Seattle,Seattle,,
Phinney Ridge,"Seattle, WA",King,"47.681381, -122.355209",1_6580,5,Greenwood Ave N & N 72nd St,5 - Shoreline Community College - Seattle,Seattle,,
Greenwood,"Seattle, WA",King,"47.683537, -122.355194",1_6590,5,Greenwood Ave N & N 75th St,5 - Shoreline Community College - Seattle,Seattle,,
Greenwood,"Seattle, WA",King,"47.687332, -122.355194",1_6615,5,Greenwood Ave N & N 80th St,5 - Shoreline Community College - Seattle,Seattle,,
Greenwood,"Seattle, WA",King,"47.690968, -122.355209",1_6640,5,Greenwood Ave N & N 85th St,5 - Shoreline Community College - Seattle,Seattle,,
Greenwood,"Seattle, WA",King,"47.692844, -122.355225",1_6650,5,Greenwood Ave N & N 87th St,5 - Shoreline Community College - Seattle,Seattle,,
Greenwood,"Seattle, WA",King,"47.694466, -122.355247",1_6660,5,Greenwood Ave N & N 90th St,5 - Shoreline Community College - Seattle,Seattle,,
Greenwood,"Seattle, WA",King,"47.696289, -122.355278",1_6670,5,Greenwood Ave N & N 92nd St,5 - Shoreline Community College - Seattle,Seattle,,
Greenwood,"Seattle, WA",King,"47.700008, -122.355309",1_6685,5,Greenwood Ave N & N 97th St,5 - Shoreline Community College - Seattle,Seattle,,
Greenwood,"Seattle, WA",King,"47.701737, -122.355316",1_6693,5,Greenwood Ave N & N 100th St,5 - Shoreline Community College - Seattle,Seattle,,
Greenwood,"Seattle, WA",King,"47.703884, -122.355347",1_6710,5,Greenwood Ave N & N 103rd St,5 - Shoreline Community College - Seattle,Seattle,,
Bitter Lake,"Seattle, WA",King,"47.707176, -122.355347",1_6730,5,Greenwood Ave N & N 107th St,5 - Shoreline Community College - Seattle,Seattle,,
Bitter Lake,"Seattle, WA",King,"47.709072, -122.355347",1_6740,5,Greenwood Ave N & N 110th St,5 - Shoreline Community College - Seattle,Seattle,,
Bitter Lake,"Seattle, WA",King,"47.710777, -122.355400",1_6750,5,Greenwood Ave N & N 112th St,5 - Shoreline Community College - Seattle,Seattle,,
Bitter Lake,"Seattle, WA",King,"47.714401, -122.355415",1_6770,5,Greenwood Ave N & N 117th St,5 - Shoreline Community College - Seattle,Seattle,,
Bitter Lake,"Seattle, WA",King,"47.718021, -122.355431",1_6790,5,Greenwood Ave N & N 122nd St,5 - Shoreline Community College - Seattle,Seattle,,
Bitter Lake,"Seattle, WA",King,"47.720032, -122.355438",1_6800,5,Greenwood Ave N & N 125th St,5 - Shoreline Community College - Seattle,Seattle,,
Bitter Lake,"Seattle, WA",King,"47.723671, -122.355453",1_6820,5,Greenwood Ave N & N 130th St,5 - Shoreline Community College - Seattle,Seattle,,
Bitter Lake,"Seattle, WA",King,"47.726650, -122.355438",1_6840,5,Greenwood Ave N & N 134th St,5 - Shoreline Community College - Seattle,Seattle,,
Bitter Lake,"Seattle, WA",King,"47.728973, -122.355453",1_6850,5,Greenwood Ave N & N 137th St,5 - Shoreline Community College - Seattle,Seattle,,
Bitter Lake,"Seattle, WA",King,"47.732136, -122.355453",1_6870,5,Greenwood Ave N & N 143rd St,5 - Shoreline Community College - Seattle,Seattle,,
Bitter Lake,"Seattle, WA",King,"47.733524, -122.355469",1_6880,5,Greenwood Ave N & N 145th St,5 - Shoreline Community College - Seattle,Seattle,,
Highland Terrace,"Shoreline, WA",King,"47.737946, -122.353050",1_75430,5,Dayton Ave N & N 150th St,5 - Shoreline Community College - Seattle,Seattle,,
Highland Terrace,"Shoreline, WA",King,"47.741745, -122.353119",1_75450,5,Dayton Ave N & N 155th St,5 - Shoreline Community College - Seattle,Seattle,,
Highland Terrace,"Shoreline, WA",King,"47.744144, -122.353134",1_75460,5,Dayton Ave N & N 160th St,5 - Shoreline Community College - Seattle,Seattle,,
Shoreline Community College,"Shoreline, WA",King,"47.746098, -122.357193",1_6940,5,N Innis Arden Way & Greenwood Ave N,5 - Shoreline Community College - Seattle,Seattle,,
Shoreline Community College,"Shoreline, WA",King,"47.746998, -122.357857",1_5492,5,Shoreline CC & N Innis Arden Way,5 - Shoreline Community College - Seattle,Seattle,,
"Atlantic, Central District","Seattle, WA",King,"47.577591, -122.297127",1_8402,8,Mt. Baker Transfer Area - Bay 2,8 - Seattle Center - Capitol Hill - Mount Baker,Seattle,,
"Mount Baker, Rainier Valley","Seattle, WA",King,"47.578617, -122.296089",1_8671,8,Martin L King Jr Way S & S Mcclellan St,8 - Seattle Center - Capitol Hill - Mount Baker,Seattle,,
"Mount Baker, Rainier Valley","Seattle, WA",King,"47.581486, -122.297020",1_8672,8,Martin L King Jr Way S & S Bayview St,8 - Seattle Center - Capitol Hill - Mount Baker,Seattle,,
"Mount Baker, Rainier Valley","Seattle, WA",King,"47.583851, -122.298042",1_36752,8,Martin L King Jr Way S & S Walker St,8 - Seattle Center - Capitol Hill - Mount Baker,Seattle,,
"Mount Baker, Rainier Valley","Seattle, WA",King,"47.588734, -122.297821",1_12497,4,Martin L King Jr Way S & S Massachusetts St,8 - Seattle Center - Capitol Hill - Mount Baker,Seattle,,
"Mount Baker, Rainier Valley","Seattle, WA",King,"47.590630, -122.297348",1_43765,4,Martin L King Jr Way S & S Irving St,8 - Seattle Center - Capitol Hill - Mount Baker,Seattle,,
"Central District, Leschi","Seattle, WA",King,"47.595352, -122.297523",1_43770,8,Martin L King Jr Way S & S Dearborn St,8 - Seattle Center - Capitol Hill - Mount Baker,Seattle,,
"Atlantic, Central District","Seattle, WA",King,"47.599304, -122.297752",1_11890,8,S Jackson St & Martin L King Jr Way S,8 - Seattle Center - Capitol Hill - Mount Baker,Seattle,,
"Atlantic, Central District","Seattle, WA",King,"47.599697, -122.302124",1_12550,4,23rd Ave S & S Jackson St,8 - Seattle Center - Capitol Hill - Mount Baker,Seattle,,
"Atlantic, Central District","Seattle, WA",King,"47.601601, -122.301727",1_27570,8,E Yesler Way & 23rd Ave S,8 - Seattle Center - Capitol Hill - Mount Baker,Seattle,,
"Atlantic, Central District","Seattle, WA",King,"47.601585, -122.297539",1_27590,8,E Yesler Way & 27th Ave S,8 - Seattle Center - Capitol Hill - Mount Baker,Seattle,,
"Central District, Leschi","Seattle, WA",King,"47.604504, -122.296700",1_43778,8,Martin L King Jr Way & E Alder St,8 - Seattle Center - Capitol Hill - Mount Baker,Seattle,,
"Central District, Leschi","Seattle, WA",King,"47.607601, -122.296249",1_43782,8,Martin L King Jr Way & E Cherry St,8 - Seattle Center - Capitol Hill - Mount Baker,Seattle,,
"Central District, Madrona","Seattle, WA",King,"47.610191, -122.296127",1_43784,8,Martin L King Jr Way & E Marion St,8 - Seattle Center - Capitol Hill - Mount Baker,Seattle,,
"Central District, Madrona","Seattle, WA",King,"47.612625, -122.296112",1_96760,8,Martin L King Jr Way & E Union St,8 - Seattle Center - Capitol Hill - Mount Baker,Seattle,,
"Central District, Madrona","Seattle, WA",King,"47.616684, -122.296043",1_43788,8,Martin L King Jr Way & E Olive St,8 - Seattle Center - Capitol Hill - Mount Baker,Seattle,,
"Central District, Harrison/Denny-Blaine","Seattle, WA",King,"47.620106, -122.295990",1_43792,8,Martin L King Jr Way E & E John St,8 - Seattle Center - Capitol Hill - Mount Baker,Seattle,,
"Capitol Hill, Stevens","Seattle, WA",King,"47.623097, -122.296906",1_120,8,E Madison St & Martin L King Jr Way E,8 - Seattle Center - Capitol Hill - Mount Baker,Seattle,,
"Capitol Hill, Stevens","Seattle, WA",King,"47.620869, -122.300186",1_12340,8,E Madison St & 25th Ave E,8 - Seattle Center - Capitol Hill - Mount Baker,Seattle,,
"Capitol Hill, Stevens","Seattle, WA",King,"47.620277, -122.303993",1_29258,8,E John St & 22nd Ave E,8 - Seattle Center - Capitol Hill - Mount Baker,Seattle,,
"Capitol Hill, Stevens","Seattle, WA",King,"47.620556, -122.307190",1_29259,8,E Thomas St & 19th Ave E,8 - Seattle Center - Capitol Hill - Mount Baker,Seattle,,
"Capitol Hill, Stevens","Seattle, WA",King,"47.620571, -122.311920",1_29260,8,E Thomas St & 16th Ave E,8 - Seattle Center - Capitol Hill - Mount Baker,Seattle,,
"Broadway, Capitol Hill","Seattle, WA",King,"47.620033, -122.313202",1_29261,8,E John St & 15th Ave E,8 - Seattle Center - Capitol Hill - Mount Baker,Seattle,,
"Broadway, Capitol Hill","Seattle, WA",King,"47.620003, -122.317535",1_29301,8,E John St & 12th Ave E,8 - Seattle Center - Capitol Hill - Mount Baker,Seattle,,
,"Seattle, WA",King,"47.619980, -122.320114",1_29262,8,E John St & 10th Ave E,8 - Seattle Center - Capitol Hill - Mount Baker,Seattle,,
"Broadway, Capitol Hill","Seattle, WA",King,"47.619152, -122.325119",1_29266,8,E Olive Way & Summit Ave E,8 - Seattle Center - Capitol Hill - Mount Baker,Seattle,,
"Broadway, Capitol Hill","Seattle, WA",King,"47.618565, -122.326553",1_2275,8,E Denny Way & Bellevue Ave E,8 - Seattle Center - Capitol Hill - Mount Baker,Seattle,,
Cascade,"Seattle, WA",King,"47.618603, -122.334213",1_2285,8,Denny Way & Fairview Ave N,8 - Seattle Center - Capitol Hill - Mount Baker,Seattle,,
Cascade,"Seattle, WA",King,"47.618603, -122.338806",1_2291,8,Denny Way & Westlake Ave,8 - Seattle Center - Capitol Hill - Mount Baker,Seattle,,
Cascade,"Seattle, WA",King,"47.618626, -122.343323",1_2249,8,Denny Way & 7th Ave N,8 - Seattle Center - Capitol Hill - Mount Baker,Seattle,,
Cascade,"Seattle, WA",King,"47.618641, -122.347847",1_2300,8,Denny Way & 5th Ave N,8 - Seattle Center - Capitol Hill - Mount Baker,Seattle,,
,"Seattle, WA",King,"47.618660, -122.352615",1_20829,2,Denny Way & 2nd Ave N,8 - Seattle Center - Capitol Hill - Mount Baker,Seattle,,
,"Seattle, WA",King,"47.619118, -122.355362",1_2330,1,1st Ave N & Denny Way,8 - Seattle Center - Capitol Hill - Mount Baker,Seattle,,
Queen Anne,"Seattle, WA",King,"47.623123, -122.355309",1_2360,1,1st Ave N & Republican St,8 - Seattle Center - Capitol Hill - Mount Baker,Seattle,,
Queen Anne,"Seattle, WA",King,"47.624649, -122.356552",1_2370,1,Mercer St & Queen Anne Ave N,8 - Seattle Center - Capitol Hill - Mount Baker,Seattle,,
Central Business District,"Seattle, WA",King,"47.613377, -122.332603",1_1085,3,Pine St & 9th Ave,11 - Madison Park - Seattle,Seattle,,
Central Business District,"Seattle, WA",King,"47.611767, -122.336456",1_1110,3,Pine St & 5th Ave,11 - Madison Park - Seattle,Seattle,,
Central Business District,"Seattle, WA",King,"47.611103, -122.338028",1_1120,10,Pine St & 4th Ave,11 - Madison Park - Seattle,Seattle,,
Central Business District,"Seattle, WA",King,"47.610073, -122.336838",1_1180,3,Pike St & 4th Ave,11 - Madison Park - Seattle,Seattle,,
Central Business District,"Seattle, WA",King,"47.611034, -122.334526",1_1190,3,Pike St & 6th Ave,11 - Madison Park - Seattle,Seattle,,
,"Seattle, WA",King,"47.611809, -122.332687",1_1195,3,Pike St & 7th Ave,11 - Madison Park - Seattle,Seattle,,
First Hill,"Seattle, WA",King,"47.613785, -122.327957",1_11133,3,Pike St & Minor Ave,11 - Madison Park - Seattle,Seattle,,
"Broadway, Capitol Hill","Seattle, WA",King,"47.616509, -122.326691",1_13460,3,Bellevue Ave & E Olive St,11 - Madison Park - Seattle,Seattle,,
"Broadway, Capitol Hill","Seattle, WA",King,"47.619129, -122.324883",1_29268,8,E Olive Way & Summit Ave E,11 - Madison Park - Seattle,Seattle,,
"Broadway, Capitol Hill","Seattle, WA",King,"47.619846, -122.320473",1_29270,8,E John St & Broadway E,11 - Madison Park - Seattle,Seattle,,
"Broadway, Capitol Hill","Seattle, WA",King,"47.619873, -122.316429",1_29277,8,E John St & 12th Ave E,11 - Madison Park - Seattle,Seattle,,
"Broadway, Capitol Hill","Seattle, WA",King,"47.619892, -122.313042",1_29273,8,E John St & 15th Ave E,11 - Madison Park - Seattle,Seattle,,
"Capitol Hill, Stevens","Seattle, WA",King,"47.620426, -122.311020",1_29274,8,E Thomas St & 16th Ave E,11 - Madison Park - Seattle,Seattle,,
"Capitol Hill, Stevens","Seattle, WA",King,"47.620422, -122.307518",1_29275,8,E Thomas St & 19th Ave E,11 - Madison Park - Seattle,Seattle,,
"Capitol Hill, Stevens","Seattle, WA",King,"47.620144, -122.303177",1_29276,8,E John St & 22nd Ave E,11 - Madison Park - Seattle,Seattle,,
"Central District, Mann","Seattle, WA",King,"47.620537, -122.300407",1_109,8,E Madison St & 24th Ave E,11 - Madison Park - Seattle,Seattle,,
"Central District, Mann","Seattle, WA",King,"47.622658, -122.297264",1_111,8,E Madison St & Martin L King Jr Way E,11 - Madison Park - Seattle,Seattle,,
"Central District, Harrison/Denny-Blaine","Seattle, WA",King,"47.624065, -122.295189",1_12390,11,E Madison St & 29th Ave E,11 - Madison Park - Seattle,Seattle,,
"Central District, Harrison/Denny-Blaine","Seattle, WA",King,"47.626152, -122.292099",1_12400,11,E Madison St & Lake Washington Blvd,11 - Madison Park - Seattle,Seattle,,
"Central District, Harrison/Denny-Blaine","Seattle, WA",King,"47.628185, -122.289093",1_12410,11,E Madison St & 33rd Ave E,11 - Madison Park - Seattle,Seattle,,
"Central District, Harrison/Denny-Blaine","Seattle, WA",King,"47.629940, -122.286514",1_12420,11,E Madison St & 36th Ave E,11 - Madison Park - Seattle,Seattle,,
"Capitol Hill, Madison Park","Seattle, WA",King,"47.631443, -122.284302",1_12430,11,E Madison St & 38th Ave E,11 - Madison Park - Seattle,Seattle,,
"Capitol Hill, Madison Park","Seattle, WA",King,"47.632427, -122.282822",1_12440,11,E Madison St & 39th Ave E,11 - Madison Park - Seattle,Seattle,,
"Capitol Hill, Madison Park","Seattle, WA",King,"47.634331, -122.280022",1_12450,11,E Madison St & 41st Ave E,11 - Madison Park - Seattle,Seattle,,
"Capitol Hill, Madison Park","Seattle, WA",King,"47.634884, -122.277046",1_12460,11,43rd Ave E & E Blaine St,11 - Madison Park - Seattle,Seattle,,
"Capitol Hill, Madison Park","Seattle, WA",King,"47.636631, -122.277016",1_12470,11,43rd Ave E & E Madison St,11 - Madison Park - Seattle,Seattle,,
"Capitol Hill, Madison Park","Seattle, WA",King,"47.639088, -122.276993",1_12480,11,43rd Ave E & E Lynn St,11 - Madison Park - Seattle,Seattle,,
"Capitol Hill, Madison Park","Seattle, WA",King,"47.640774, -122.278122",1_12210,11,E Mcgilvra St & 42nd Ave E,11 - Madison Park - Seattle,Seattle,,
"Belltown, Denny Regrade","Seattle, WA",King,"47.617504, -122.345268",1_7430,5,Wall St & 5th Ave,21 - Arbor Heights - Westwood Village - West Seattle - Seattle,Seattle,,
Belltown,"Seattle, WA",King,"47.614300, -122.344269",1_400,1,3rd Ave & Bell St,21 - Arbor Heights - Westwood Village - West Seattle - Seattle,Seattle,,
Belltown,"Seattle, WA",King,"47.612438, -122.341110",1_420,1,3rd Ave & Virginia St,21 - Arbor Heights - Westwood Village - West Seattle - Seattle,Seattle,,
Central Business District,"Seattle, WA",King,"47.609791, -122.337959",1_431,21,3rd Ave & Pike St,21 - Arbor Heights - Westwood Village - West Seattle - Seattle,Seattle,,
Central Business District,"Seattle, WA",King,"47.606442, -122.334900",1_468,21,3rd Ave & Seneca St,21 - Arbor Heights - Westwood Village - West Seattle - Seattle,Seattle,,
Central Business District,"Seattle, WA",King,"47.603580, -122.332275",1_490,21,3rd Ave & Columbia St,21 - Arbor Heights - Westwood Village - West Seattle - Seattle,Seattle,,
Pioneer Square,"Seattle, WA",King,"47.600239, -122.330376",1_515,1,3rd Ave S & S Main St,21 - Arbor Heights - Westwood Village - West Seattle - Seattle,Seattle,,
Industrial District,"Seattle, WA",King,"47.589901, -122.334297",1_15201,21,1st Ave S & S Atlantic St,21 - Arbor Heights - Westwood Village - West Seattle - Seattle,Seattle,,
Industrial District,"Seattle, WA",King,"47.585762, -122.334297",1_15202,21,1st Ave S & S Holgate St,21 - Arbor Heights - Westwood Village - West Seattle - Seattle,Seattle,,
,"Seattle, WA",King,"47.583652, -122.334297",1_15211,21,1st Ave S & S Walker St,21 - Arbor Heights - Westwood Village - West Seattle - Seattle,Seattle,,
Industrial District,"Seattle, WA",King,"47.581554, -122.334297",1_15203,21,1st Ave S & S Stacy St,21 - Arbor Heights - Westwood Village - West Seattle - Seattle,Seattle,,
Industrial District,"Seattle, WA",King,"47.579250, -122.334312",1_15380,21,1st Ave S & S Lander St,21 - Arbor Heights - Westwood Village - West Seattle - Seattle,Seattle,,
Industrial District,"Seattle, WA",King,"47.575752, -122.334312",1_15395,21,1st Ave S & S Hanford St,21 - Arbor Heights - Westwood Village - West Seattle - Seattle,Seattle,,
Industrial District,"Seattle, WA",King,"47.571720, -122.363365",1_15451,21,SW Spokane St & Chelan Ave SW,21 - Arbor Heights - Westwood Village - West Seattle - Seattle,Seattle,,
Industrial District,"Seattle, WA",King,"47.571712, -122.366165",1_15460,21,SW Spokane St & 26th Ave SW,21 - Arbor Heights - Westwood Village - West Seattle - Seattle,Seattle,,
"Fairmount Park, West Seattle","Seattle, WA",King,"47.568867, -122.370850",1_19898,21,SW Avalon Way & SW Bradford St,21 - Arbor Heights - Westwood Village - West Seattle - Seattle,Seattle,,
"Fairmount Park, West Seattle","Seattle, WA",King,"47.564774, -122.372597",1_19980,21,SW Avalon Way & SW Genesee St,21 - Arbor Heights - Westwood Village - West Seattle - Seattle,Seattle,,
Central Business District,"Seattle, WA",King,"47.604263, -122.332901",1_481,21,3rd Ave & Columbia St,21 - Arbor Heights - Westwood Village - West Seattle - Seattle,Seattle,,
,"Seattle, WA",King,"47.602615, -122.336784",1_1558,21,Columbia St & Alaskan Way,21 - Arbor Heights - Westwood Village - West Seattle - Seattle,Seattle,,
Pioneer Square,County:,King,"47.598717, -122.335960",1_1562,21,Alaskan Way S & S Jackson St,21 - Arbor Heights - Westwood Village - West Seattle - Seattle,Seattle,,
"Fairmount Park, West Seattle","Seattle, WA",King,"47.563503, -122.376305",1_22830,21,35th Ave SW & SW Avalon Way,21 - Arbor Heights - Westwood Village - West Seattle - Seattle,Seattle,,
"Fairmount Park, West Seattle","Seattle, WA",King,"47.559006, -122.376343",1_22860,21,35th Ave SW & SW Edmunds St,21 - Arbor Heights - Westwood Village - West Seattle - Seattle,Seattle,,
"Fairmount Park, West Seattle","Seattle, WA",King,"47.557186, -122.376358",1_22870,21,35th Ave SW & SW Hudson St,21 - Arbor Heights - Westwood Village - West Seattle - Seattle,Seattle,,
"Fairmount Park, West Seattle","Seattle, WA",King,"47.555370, -122.376373",1_22880,21,35th Ave SW & SW Dawson St,21 - Arbor Heights - Westwood Village - West Seattle - Seattle,Seattle,,
"Fairmount Park, West Seattle","Seattle, WA",King,"47.551716, -122.376411",1_22900,21,35th Ave SW & SW Findlay St,21 - Arbor Heights - Westwood Village - West Seattle - Seattle,Seattle,,
"Fairmount Park, West Seattle","Seattle, WA",King,"47.548080, -122.376480",1_22912,21,35th Ave SW & SW Raymond St,21 - Arbor Heights - Westwood Village - West Seattle - Seattle,Seattle,,
"Gatewood, West Seattle","Seattle, WA",King,"47.544190, -122.376564",1_22940,21,35th Ave SW & SW Morgan St,21 - Arbor Heights - Westwood Village - West Seattle - Seattle,Seattle,,
"Gatewood, West Seattle","Seattle, WA",King,"47.542610, -122.376602",1_22950,21,35th Ave SW & SW Holly St,21 - Arbor Heights - Westwood Village - West Seattle - Seattle,Seattle,,
"Gatewood, West Seattle","Seattle, WA",King,"47.538975, -122.376686",1_22970,21,35th Ave SW & SW Myrtle St,21 - Arbor Heights - Westwood Village - West Seattle - Seattle,Seattle,,
"Gatewood, West Seattle","Seattle, WA",King,"47.535229, -122.376709",1_22990,21,35th Ave SW & SW Webster St,21 - Arbor Heights - Westwood Village - West Seattle - Seattle,Seattle,,
"Gatewood, West Seattle","Seattle, WA",King,"47.533905, -122.376724",1_23000,21,35th Ave SW & SW Ida St,21 - Arbor Heights - Westwood Village - West Seattle - Seattle,Seattle,,
"Gatewood, West Seattle","Seattle, WA",King,"47.531616, -122.376740",1_23010,21,35th Ave SW & SW Kenyon St,21 - Arbor Heights - Westwood Village - West Seattle - Seattle,Seattle,,
"Gatewood, West Seattle","Seattle, WA",King,"47.529922, -122.376740",1_23020,21,35th Ave SW & SW Elmgrove St,21 - Arbor Heights - Westwood Village - West Seattle - Seattle,Seattle,,
"Fauntleroy, West Seattle","Seattle, WA",King,"47.528038, -122.376740",1_23030,21,35th Ave SW & SW Thistle St,21 - Arbor Heights - Westwood Village - West Seattle - Seattle,Seattle,,
"Fauntleroy, West Seattle","Seattle, WA",King,"47.524403, -122.376755",1_23050,21,35th Ave SW & SW Trenton St,21 - Arbor Heights - Westwood Village - West Seattle - Seattle,Seattle,,
"Fauntleroy, West Seattle","Seattle, WA",King,"47.522942, -122.376808",1_23060,21,35th Ave SW & SW Henderson St,21 - Arbor Heights - Westwood Village - West Seattle - Seattle,Seattle,,
"Delridge, Roxhill","Seattle, WA",King,"47.521000, -122.376358",1_22553,21,SW Barton St & 35th Ave SW,21 - Arbor Heights - Westwood Village - West Seattle - Seattle,Seattle,,
"Delridge, Roxhill","Seattle, WA",King,"47.520962, -122.367355",1_22557,21,SW Barton St & 26th Ave SW - Bay 1,21 - Arbor Heights - Westwood Village - West Seattle - Seattle,Seattle,,
"Delridge, Roxhill","Seattle, WA",King,"47.517456, -122.368050",1_22260,21,SW Roxbury St & 28th Ave SW,21 - Arbor Heights - Westwood Village - West Seattle - Seattle,Seattle,,
"Fauntleroy, West Seattle","Seattle, WA",King,"47.520824, -122.376877",1_23070,21,35th Ave SW & SW Barton St,21 - Arbor Heights - Westwood Village - West Seattle - Seattle,Seattle,,
"Fauntleroy, West Seattle","Seattle, WA",King,"47.519039, -122.376900",1_23080,21,35th Ave SW & SW Cambridge St,21 - Arbor Heights - Westwood Village - West Seattle - Seattle,Seattle,,
"Arbor Heights, West Seattle","Seattle, WA",King,"47.516853, -122.376900",1_22264,21,35th Ave SW & SW Roxbury St,21 - Arbor Heights - Westwood Village - West Seattle - Seattle,Seattle,,
"Arbor Heights, West Seattle","Seattle, WA",King,"47.513794, -122.376945",1_22280,21,SW 100th St & 35th Ave SW,21 - Arbor Heights - Westwood Village - West Seattle - Seattle,Seattle,,
"Arbor Heights, West Seattle","Seattle, WA",King,"47.513809, -122.379280",1_22290,21,SW 100th St & 37th Ave SW,21 - Arbor Heights - Westwood Village - West Seattle - Seattle,Seattle,,
"Arbor Heights, West Seattle","Seattle, WA",King,"47.513821, -122.382149",1_22300,21,SW 100th St & 39th Ave SW,21 - Arbor Heights - Westwood Village - West Seattle - Seattle,Seattle,,
"Arbor Heights, West Seattle","Seattle, WA",King,"47.513836, -122.384758",1_22320,21,SW 100th St & 41st Ave SW,21 - Arbor Heights - Westwood Village - West Seattle - Seattle,Seattle,,
"Arbor Heights, West Seattle","Seattle, WA",King,"47.513840, -122.386086",1_22330,21,SW 100th St & 42nd Ave SW,21 - Arbor Heights - Westwood Village - West Seattle - Seattle,Seattle,,
"Arbor Heights, West Seattle","Seattle, WA",King,"47.513500, -122.388695",1_22340,21,44th Ave SW & SW 100th St,21 - Arbor Heights - Westwood Village - West Seattle - Seattle,Seattle,,
"Arbor Heights, West Seattle","Seattle, WA",King,"47.510818, -122.388824",1_22360,21,44th Ave SW & Marine View Dr SW,21 - Arbor Heights - Westwood Village - West Seattle - Seattle,Seattle,,
"Fauntleroy, West Seattle","Seattle, WA",King,"47.509960, -122.388214",1_22370,21,Marine View Dr SW & SW 104th St,21 - Arbor Heights - Westwood Village - West Seattle - Seattle,Seattle,,
"Arbor Heights, West Seattle","Seattle, WA",King,"47.508213, -122.386742",1_22380,21,SW 106th St & California Ave SW,21 - Arbor Heights - Westwood Village - West Seattle - Seattle,Seattle,,
"Arbor Heights, West Seattle","Seattle, WA",King,"47.508190, -122.384331",1_22390,21,SW 106th St & 41st Ave SW,21 - Arbor Heights - Westwood Village - West Seattle - Seattle,Seattle,,
"Arbor Heights, West Seattle","Seattle, WA",King,"47.508167, -122.381653",1_22400,21,SW 106th St & 39th Ave SW,21 - Arbor Heights - Westwood Village - West Seattle - Seattle,Seattle,,
"Arbor Heights, West Seattle","Seattle, WA",King,"47.506519, -122.381599",1_22410,21,39th Ave SW & Marine View Dr SW,21 - Arbor Heights - Westwood Village - West Seattle - Seattle,Seattle,,
"Arbor Heights, West Seattle","Seattle, WA",King,"47.504662, -122.380615",1_22420,21,Marine View Dr SW & SW 110th St,21 - Arbor Heights - Westwood Village - West Seattle - Seattle,Seattle,,
"Arbor Heights, West Seattle","Seattle, WA",King,"47.502823, -122.380943",1_22430,21,Marine View Dr SW & SW 112th St,21 - Arbor Heights - Westwood Village - West Seattle - Seattle,Seattle,,
"Arbor Heights, West Seattle","Seattle, WA",King,"47.500572, -122.379417",1_22440,21,Marine View Dr SW & SW Ocean View Dr,21 - Arbor Heights - Westwood Village - West Seattle - Seattle,Seattle,,
"Arbor Heights, West Seattle","Seattle, WA",King,"47.499313, -122.377586",1_22450,21,Marine View Dr SW & SW Ocean View Dr,21 - Arbor Heights - Westwood Village - West Seattle - Seattle,Seattle,,
"Arbor Heights, West Seattle","Seattle, WA",King,"47.499927, -122.376083",1_22460,21,35th Ave SW & 37th Ave SW,21 - Arbor Heights - Westwood Village - West Seattle - Seattle,Seattle,,
"Arbor Heights, West Seattle","Seattle, WA",King,"47.501240, -122.376053",1_22470,21,35th Ave SW & SW 114th St,21 - Arbor Heights - Westwood Village - West Seattle - Seattle,Seattle,,
"Arbor Heights, West Seattle","Seattle, WA",King,"47.502644, -122.376045",1_22480,21,35th Ave SW & SW 112th St,21 - Arbor Heights - Westwood Village - West Seattle - Seattle,Seattle,,
"Arbor Heights, West Seattle","Seattle, WA",King,"47.504570, -122.375977",1_22490,21,35th Ave SW & SW 110th St,21 - Arbor Heights - Westwood Village - West Seattle - Seattle,Seattle,,
"Arbor Heights, West Seattle","Seattle, WA",King,"47.506340, -122.375908",1_22500,21,35th Ave SW & SW 108th St,21 - Arbor Heights - Westwood Village - West Seattle - Seattle,Seattle,,
"Arbor Heights, West Seattle","Seattle, WA",King,"47.508423, -122.375824",1_22510,21,35th Ave SW & SW 106th St,21 - Arbor Heights - Westwood Village - West Seattle - Seattle,Seattle,,
"Arbor Heights, West Seattle","Seattle, WA",King,"47.510208, -122.375793",1_22520,21,35th Ave SW & SW 104th St,21 - Arbor Heights - Westwood Village - West Seattle - Seattle,Seattle,,
"Arbor Heights, West Seattle","Seattle, WA",King,"47.512127, -122.376053",1_22530,21,35th Ave SW & SW 102nd St,21 - Arbor Heights - Westwood Village - West Seattle - Seattle,Seattle,,
"Arbor Heights, West Seattle","Seattle, WA",King,"47.513985, -122.376312",1_22540,21,35th Ave SW & SW 100th St,21 - Arbor Heights - Westwood Village - West Seattle - Seattle,Seattle,,
"Arbor Heights, West Seattle","Seattle, WA",King,"47.515640, -122.376534",1_22550,21,35th Ave SW & SW 98th St,21 - Arbor Heights - Westwood Village - West Seattle - Seattle,Seattle,,
"Delridge, Roxhill","Seattle, WA",King,"47.517731, -122.376778",1_22560,21,35th Ave SW & SW Roxbury St,21 - Arbor Heights - Westwood Village - West Seattle - Seattle,Seattle,,
"Genesee, West Seattle, West Seattle Junction","Seattle, WA",King,"47.561474, -122.388039",1_36390,22,44th Ave SW & SW Alaska St - Bay 6,22 - Arbor Heights - Westwood Village - Alaska Junction,Seattle,,
"Genesee, West Seattle, West Seattle Junction","Seattle, WA",King,"47.562882, -122.387177",1_31818,22,SW Oregon St & California Ave SW,22 - Arbor Heights - Westwood Village - Alaska Junction,Seattle,,
"Seaview, West Seattle, West Seattle Junction","Seattle, WA",King,"47.558594, -122.386955",1_20050,22,California Ave SW & Erskine Way SW,22 - Arbor Heights - Westwood Village - Alaska Junction,Seattle,,
"Seaview, West Seattle","Seattle, WA",King,"47.555512, -122.387039",1_20070,22,California Ave SW & SW Dawson St,22 - Arbor Heights - Westwood Village - Alaska Junction,Seattle,,
"Seaview, West Seattle","Seattle, WA",King,"47.551769, -122.387146",1_20090,22,California Ave SW & SW Findlay St,22 - Arbor Heights - Westwood Village - Alaska Junction,Seattle,,
"Seaview, West Seattle","Seattle, WA",King,"47.548256, -122.387260",1_20110,22,California Ave SW & SW Raymond St,22 - Arbor Heights - Westwood Village - Alaska Junction,Seattle,,
"Gatewood, West Seattle","Seattle, WA",King,"47.544586, -122.387329",1_39790,22,California Ave SW & Fauntleroy Way SW,22 - Arbor Heights - Westwood Village - Alaska Junction,Seattle,,
"Gatewood, West Seattle","Seattle, WA",King,"47.542049, -122.387352",1_39800,22,California Ave SW & SW Willow St,22 - Arbor Heights - Westwood Village - Alaska Junction,Seattle,,
"Gatewood, West Seattle","Seattle, WA",King,"47.539951, -122.387383",1_39810,22,California Ave SW & SW Myrtle St,22 - Arbor Heights - Westwood Village - Alaska Junction,Seattle,,
"Gatewood, West Seattle","Seattle, WA",King,"47.538197, -122.387390",1_39820,22,California Ave SW & SW Othello St,22 - Arbor Heights - Westwood Village - Alaska Junction,Seattle,,
"Gatewood, West Seattle","Seattle, WA",King,"47.535610, -122.387421",1_39830,22,California Ave SW & SW Webster St,22 - Arbor Heights - Westwood Village - Alaska Junction,Seattle,,
"Gatewood, West Seattle","Seattle, WA",King,"47.534302, -122.386864",1_39840,22,SW Ida St & California Ave SW,22 - Arbor Heights - Westwood Village - Alaska Junction,Seattle,,
"Gatewood, West Seattle","Seattle, WA",King,"47.534294, -122.384811",1_39850,22,SW Ida St & 41st Ave SW,22 - Arbor Heights - Westwood Village - Alaska Junction,Seattle,,
"Gatewood, West Seattle","Seattle, WA",King,"47.532665, -122.384773",1_39860,22,41st Ave SW & SW Portland St,22 - Arbor Heights - Westwood Village - Alaska Junction,Seattle,,
"Gatewood, West Seattle","Seattle, WA",King,"47.531307, -122.384781",1_39870,22,41st Ave SW & SW Monroe St,22 - Arbor Heights - Westwood Village - Alaska Junction,Seattle,,
"Gatewood, West Seattle","Seattle, WA",King,"47.529716, -122.384796",1_39880,22,41st Ave SW & SW Southern St,22 - Arbor Heights - Westwood Village - Alaska Junction,Seattle,,
"Fauntleroy, West Seattle","Seattle, WA",King,"47.528400, -122.384308",1_39890,22,SW Thistle St & 41st Ave SW,22 - Arbor Heights - Westwood Village - Alaska Junction,Seattle,,
"Fauntleroy, West Seattle","Seattle, WA",King,"47.528351, -122.382133",1_39900,22,SW Thistle St & 39th Ave SW,22 - Arbor Heights - Westwood Village - Alaska Junction,Seattle,,
"Fauntleroy, West Seattle","Seattle, WA",King,"47.528290, -122.379471",1_39910,22,SW Thistle St & 37th Ave SW,22 - Arbor Heights - Westwood Village - Alaska Junction,Seattle,,
"Fauntleroy, West Seattle","Seattle, WA",King,"47.528229, -122.377136",1_39920,22,SW Thistle St & 35th Ave SW,22 - Arbor Heights - Westwood Village - Alaska Junction,Seattle,,
"Delridge, Roxhill","Seattle, WA",King,"47.528217, -122.374924",1_39930,22,SW Thistle St & 34th Ave SW,22 - Arbor Heights - Westwood Village - Alaska Junction,Seattle,,
"Delridge, Roxhill","Seattle, WA",King,"47.528217, -122.372269",1_39940,22,SW Thistle St & 31st Ave SW,22 - Arbor Heights - Westwood Village - Alaska Junction,Seattle,,
"Delridge, Roxhill","Seattle, WA",King,"47.528213, -122.368759",1_39955,22,SW Thistle St & 28th Ave SW,22 - Arbor Heights - Westwood Village - Alaska Junction,Seattle,,
"Delridge, South Delridge","Seattle, WA",King,"47.528213, -122.364922",1_39965,22,SW Thistle St & 25th Ave SW,22 - Arbor Heights - Westwood Village - Alaska Junction,Seattle,,
"Delridge, South Delridge","Seattle, WA",King,"47.528050, -122.360565",1_22165,22,Delridge Way SW & SW Thistle St,22 - Arbor Heights - Westwood Village - Alaska Junction,Seattle,,
,"Seattle, WA",King,"47.522961, -122.360596",1_22174,22,Delridge Way SW & SW Henderson St,22 - Arbor Heights - Westwood Village - Alaska Junction,Seattle,,
"Delridge, Roxhill","Seattle, WA",King,"47.521091, -122.365234",1_39983,22,SW Barton St & 25th Ave SW - Bay 3,22 - Arbor Heights - Westwood Village - Alaska Junction,Seattle,,
"Delridge, Roxhill","Seattle, WA",King,"47.517456, -122.368050",1_22260,21,SW Roxbury St & 28th Ave SW,22 - Arbor Heights - Westwood Village - Alaska Junction,Seattle,,
"Delridge, Roxhill","Seattle, WA",King,"47.517498, -122.371864",1_22261,21,SW Roxbury St & 30th Ave SW,22 - Arbor Heights - Westwood Village - Alaska Junction,Seattle,,
"Arbor Heights, West Seattle","Seattle, WA",King,"47.516853, -122.376900",1_22264,21,35th Ave SW & SW Roxbury St,22 - Arbor Heights - Westwood Village - Alaska Junction,Seattle,,
Industrial District,"Seattle, WA",King,"47.593342, -122.328957",1_30635,5,4th Ave S & S Royal Brougham Way,24 - Magnolia - Seattle,Seattle,,
International District,"Seattle, WA",King,"47.599827, -122.328972",1_619,5,4th Ave S & S Jackson St,24 - Magnolia - Seattle,Seattle,,
Pioneer Square,"Seattle, WA",King,"47.602642, -122.331184",1_531,5,3rd Ave & James St,24 - Magnolia - Seattle,Seattle,,
Central Business District,"Seattle, WA",King,"47.605541, -122.333832",1_548,5,3rd Ave & Madison St,24 - Magnolia - Seattle,Seattle,,
Central Business District,"Seattle, WA",King,"47.608688, -122.336700",1_570,5,3rd Ave & Union St,24 - Magnolia - Seattle,Seattle,,
Central Business District,"Seattle, WA",King,"47.611137, -122.338951",1_590,5,3rd Ave & Pine St,24 - Magnolia - Seattle,Seattle,,
"Belltown, Denny Regrade","Seattle, WA",King,"47.612995, -122.341743",1_600,1,3rd Ave & Virginia St,24 - Magnolia - Seattle,Seattle,,
"Belltown, Denny Regrade","Seattle, WA",King,"47.615120, -122.345337",1_605,1,3rd Ave & Bell St,24 - Magnolia - Seattle,Seattle,,
"Belltown, Denny Regrade","Seattle, WA",King,"47.616959, -122.348450",1_1690,1,3rd Ave & Vine St,24 - Magnolia - Seattle,Seattle,,
,"Seattle, WA",King,"47.618660, -122.352615",1_20829,2,Denny Way & 2nd Ave N,24 - Magnolia - Seattle,Seattle,,
Queen Anne,"Seattle, WA",King,"47.618656, -122.356606",1_19440,17,Denny Way & Queen Anne Ave N,24 - Magnolia - Seattle,Seattle,,
Queen Anne,"Seattle, WA",King,"47.619965, -122.359512",1_19460,24,Western Ave W & Elliott Ave W,24 - Magnolia - Seattle,Seattle,,
Queen Anne,"Seattle, WA",King,"47.621441, -122.361740",1_19470,17,Elliott Ave W & 4th Ave W,24 - Magnolia - Seattle,Seattle,,
Queen Anne,"Seattle, WA",King,"47.623394, -122.364059",1_19480,24,Elliott Ave W & 6th Ave W,24 - Magnolia - Seattle,Seattle,,
Queen Anne,"Seattle, WA",King,"47.625282, -122.366394",1_19490,24,Elliott Ave W & W Mercer St,24 - Magnolia - Seattle,Seattle,,
Queen Anne,"Seattle, WA",King,"47.626415, -122.367958",1_19500,24,Elliott Ave W & W Mercer Pl,24 - Magnolia - Seattle,Seattle,,
West Queen Anne,"Seattle, WA",King,"47.629013, -122.371414",1_14070,17,Elliott Ave W & W Prospect St,24 - Magnolia - Seattle,Seattle,,
Interbay,"Seattle, WA",King,"47.634010, -122.391762",1_20880,24,Thorndyke Ave W & W Hayes St,24 - Magnolia - Seattle,Seattle,,
"Magnolia, Southeast Magnolia","Seattle, WA",King,"47.634918, -122.392952",1_20890,24,28th Ave W & W Blaine St,24 - Magnolia - Seattle,Seattle,,
"Magnolia, Southeast Magnolia","Seattle, WA",King,"47.637867, -122.392929",1_24540,24,28th Ave W & W Crockett St,24 - Magnolia - Seattle,Seattle,,
"Magnolia, Southeast Magnolia","Seattle, WA",King,"47.639294, -122.392914",1_24544,24,28th Ave W & W Lynn St,24 - Magnolia - Seattle,Seattle,,
"Magnolia, Southeast Magnolia","Seattle, WA",King,"47.642265, -122.392868",1_24560,24,28th Ave W & W Halladay St,24 - Magnolia - Seattle,Seattle,,
"Magnolia, Southeast Magnolia","Seattle, WA",King,"47.643593, -122.392845",1_24570,24,28th Ave W & W Raye St,24 - Magnolia - Seattle,Seattle,,
"Magnolia, Southeast Magnolia","Seattle, WA",King,"47.645695, -122.392815",1_24580,24,28th Ave W & W Fulton St,24 - Magnolia - Seattle,Seattle,,
"Magnolia, Southeast Magnolia","Seattle, WA",King,"47.647057, -122.392799",1_24590,24,28th Ave W & W Barrett St,24 - Magnolia - Seattle,Seattle,,
"Lawton Park, Magnolia","Seattle, WA",King,"47.648777, -122.392799",1_24600,24,28th Ave W & W Dravus St,24 - Magnolia - Seattle,Seattle,,
"Lawton Park, Magnolia","Seattle, WA",King,"47.650600, -122.392792",1_24610,24,28th Ave W & W Bertona St,24 - Magnolia - Seattle,Seattle,,
"Lawton Park, Magnolia","Seattle, WA",King,"47.652222, -122.392792",1_24620,24,28th Ave W & W Ruffner St,24 - Magnolia - Seattle,Seattle,,
"Lawton Park, Magnolia","Seattle, WA",King,"47.653236, -122.394539",1_24630,24,W Tilden St & 29th Ave W,24 - Magnolia - Seattle,Seattle,,
"Lawton Park, Magnolia","Seattle, WA",King,"47.654320, -122.395561",1_24640,24,30th Ave W & W Emerson St,24 - Magnolia - Seattle,Seattle,,
"Lawton Park, Magnolia","Seattle, WA",King,"47.656258, -122.395561",1_24650,24,30th Ave W & W Thurman St,24 - Magnolia - Seattle,Seattle,,
"Lawton Park, Magnolia","Seattle, WA",King,"47.658649, -122.396721",1_24660,24,31st Ave W & W Mansell St,24 - Magnolia - Seattle,Seattle,,
"Lawton Park, Magnolia","Seattle, WA",King,"47.659981, -122.397461",1_24670,24,31st Ave W & W Jameson St,24 - Magnolia - Seattle,Seattle,,
"Lawton Park, Magnolia","Seattle, WA",King,"47.660004, -122.399757",1_24680,24,W Government Way & 33rd Ave W,24 - Magnolia - Seattle,Seattle,,
"Lawton Park, Magnolia","Seattle, WA",King,"47.658730, -122.401001",1_24690,24,34th Ave W & W Government Way,24 - Magnolia - Seattle,Seattle,,
"Lawton Park, Magnolia","Seattle, WA",King,"47.657532, -122.401001",1_24700,24,34th Ave W & W Elmore St,24 - Magnolia - Seattle,Seattle,,
"Lawton Park, Magnolia","Seattle, WA",King,"47.655613, -122.401001",1_24710,24,34th Ave W & W Thurman St,24 - Magnolia - Seattle,Seattle,,
"Lawton Park, Magnolia","Seattle, WA",King,"47.653786, -122.401001",1_24720,24,34th Ave W & W Emerson St,24 - Magnolia - Seattle,Seattle,,
"Lawton Park, Magnolia","Seattle, WA",King,"47.652046, -122.401016",1_24321,24,34th Ave W & W Ruffner St,24 - Magnolia - Seattle,Seattle,,
"Lawton Park, Magnolia","Seattle, WA",King,"47.650257, -122.401016",1_24740,24,34th Ave W & W Bertona St,24 - Magnolia - Seattle,Seattle,,
"Lawton Park, Magnolia","Seattle, WA",King,"47.648434, -122.401024",1_24750,24,34th Ave W & W Dravus St,24 - Magnolia - Seattle,Seattle,,
"Briarcliff, Magnolia","Seattle, WA",King,"47.646625, -122.401039",1_24760,24,34th Ave W & W Barrett St,24 - Magnolia - Seattle,Seattle,,
"Briarcliff, Magnolia","Seattle, WA",King,"47.644810, -122.401054",1_24770,24,34th Ave W & W Armour St,24 - Magnolia - Seattle,Seattle,,
"Briarcliff, Magnolia","Seattle, WA",King,"47.642983, -122.401070",1_24780,24,34th Ave W & W Raye St,24 - Magnolia - Seattle,Seattle,,
"Briarcliff, Magnolia","Seattle, WA",King,"47.639950, -122.401093",1_24250,24,34th Ave W & W Mcgraw St,24 - Magnolia - Seattle,Seattle,,
"Briarcliff, Magnolia","Seattle, WA",King,"47.639011, -122.402191",1_20940,24,Viewmont Way W & 35th Ave W,24 - Magnolia - Seattle,Seattle,,
"Briarcliff, Magnolia","Seattle, WA",King,"47.639343, -122.402267",1_20650,24,35th Ave W & W Mcgraw St,24 - Magnolia - Seattle,Seattle,,
"Briarcliff, Magnolia","Seattle, WA",King,"47.637913, -122.403732",1_20950,24,Viewmont Way W & Edgemont Pl W,24 - Magnolia - Seattle,Seattle,,
"Briarcliff, Magnolia","Seattle, WA",King,"47.637333, -122.405907",1_20960,24,West Viewmont Way W & Constance Dr W,24 - Magnolia - Seattle,Seattle,,
"Briarcliff, Magnolia","Seattle, WA",King,"47.638718, -122.407257",1_20970,24,West Viewmont Way W & Montavista Pl W,24 - Magnolia - Seattle,Seattle,,
"Briarcliff, Magnolia","Seattle, WA",King,"47.640213, -122.409279",1_20980,24,West Viewmont Way W & W Parkmont Pl,24 - Magnolia - Seattle,Seattle,,
"Briarcliff, Magnolia","Seattle, WA",King,"47.642364, -122.409576",1_20990,24,West Viewmont Way W & Westmont Way W,24 - Magnolia - Seattle,Seattle,,
"Briarcliff, Magnolia","Seattle, WA",King,"47.643417, -122.409554",1_21000,24,West Viewmont Way W & W Raye St,24 - Magnolia - Seattle,Seattle,,
"Briarcliff, Magnolia","Seattle, WA",King,"47.644936, -122.409523",1_21010,24,West Viewmont Way W & W Armour St,24 - Magnolia - Seattle,Seattle,,
"Briarcliff, Magnolia","Seattle, WA",King,"47.647152, -122.409470",1_21020,24,West Viewmont Way W & W Barrett Ln,24 - Magnolia - Seattle,Seattle,,
"Briarcliff, Magnolia","Seattle, WA",King,"47.648777, -122.409470",1_21030,24,West Viewmont Way W & W Dravus St,24 - Magnolia - Seattle,Seattle,,
"Briarcliff, Magnolia","Seattle, WA",King,"47.650650, -122.409470",1_21040,24,West Viewmont Way W & W Bertona St,24 - Magnolia - Seattle,Seattle,,
"Briarcliff, Magnolia","Seattle, WA",King,"47.652237, -122.410545",1_21050,24,West Viewmont Way W & W Ruffner St,24 - Magnolia - Seattle,Seattle,,
"Lawton Park, Magnolia","Seattle, WA",King,"47.654167, -122.411751",1_20530,24,W Emerson St & Magnolia Blvd W,24 - Magnolia - Seattle,Seattle,,
Belltown,"Seattle, WA",King,"47.616776, -122.348450",1_2220,1,3rd Ave & Cedar St,27 - Colman Park - Seattle,Seattle,,
Belltown,"Seattle, WA",King,"47.614300, -122.344269",1_400,1,3rd Ave & Bell St,27 - Colman Park - Seattle,Seattle,,
Belltown,"Seattle, WA",King,"47.612438, -122.341110",1_420,1,3rd Ave & Virginia St,27 - Colman Park - Seattle,Seattle,,
Central Business District,"Seattle, WA",King,"47.609070, -122.337288",1_433,24,3rd Ave & Pike St,27 - Colman Park - Seattle,Seattle,,
Central Business District,"Seattle, WA",King,"47.606442, -122.334900",1_468,21,3rd Ave & Seneca St,27 - Colman Park - Seattle,Seattle,,
Central Business District,"Seattle, WA",King,"47.603580, -122.332275",1_490,21,3rd Ave & Columbia St,27 - Colman Park - Seattle,Seattle,,
Pioneer Square,"Seattle, WA",King,"47.601646, -122.329582",1_1340,27,Yesler Way & Prefontaine Pl S,27 - Colman Park - Seattle,Seattle,,
International District,"Seattle, WA",King,"47.601639, -122.325050",1_1350,27,Yesler Way & 6th Ave S,27 - Colman Park - Seattle,Seattle,,
Yesler Terrace,"Seattle, WA",King,"47.601627, -122.323586",1_27480,27,Yesler Way & 8th Ave S,27 - Colman Park - Seattle,Seattle,,
,"Seattle, WA",King,"47.601691, -122.320065",,27,E Yesler Way & Broadway,27 - Colman Park - Seattle,Seattle,,
"Atlantic, Central District, Squire Park","Seattle, WA",King,"47.601620, -122.316254",1_27510,27,E Yesler Way & 12th Ave S,27 - Colman Park - Seattle,Seattle,,
"Atlantic, Central District, Squire Park","Seattle, WA",King,"47.601624, -122.313667",1_27520,27,E Yesler Way & 14th Ave S,27 - Colman Park - Seattle,Seattle,,
"Atlantic, Central District, Squire Park","Seattle, WA",King,"47.601620, -122.311211",1_27530,27,E Yesler Way & 16th Ave S,27 - Colman Park - Seattle,Seattle,,
"Atlantic, Central District, Squire Park","Seattle, WA",King,"47.601616, -122.308640",1_27540,27,E Yesler Way & 18th Ave S,27 - Colman Park - Seattle,Seattle,,
"Atlantic, Central District, Squire Park","Seattle, WA",King,"47.601605, -122.304642",1_27560,27,E Yesler Way & 22nd Ave S,27 - Colman Park - Seattle,Seattle,,
"Atlantic, Central District","Seattle, WA",King,"47.601601, -122.301727",1_27570,8,E Yesler Way & 23rd Ave S,27 - Colman Park - Seattle,Seattle,,
"Atlantic, Central District","Seattle, WA",King,"47.601585, -122.297539",1_27590,8,E Yesler Way & 27th Ave S,27 - Colman Park - Seattle,Seattle,,
"Central District, Leschi","Seattle, WA",King,"47.601585, -122.295525",1_27600,27,E Yesler Way & 28th Ave S,27 - Colman Park - Seattle,Seattle,,
"Central District, Leschi","Seattle, WA",King,"47.601582, -122.293808",1_27610,27,E Yesler Way & 30th Ave S,27 - Colman Park - Seattle,Seattle,,
"Central District, Leschi","Seattle, WA",King,"47.601578, -122.291611",1_27620,27,E Yesler Way & 32nd Ave S,27 - Colman Park - Seattle,Seattle,,
"Central District, Leschi","Seattle, WA",King,"47.602123, -122.290840",1_27630,27,Lake Dell Ave & 32nd Ave,27 - Colman Park - Seattle,Seattle,,
"Central District, Leschi","Seattle, WA",King,"47.603291, -122.290024",1_27640,27,Lake Dell Ave & E Spruce St,27 - Colman Park - Seattle,Seattle,,
"Central District, Leschi","Seattle, WA",King,"47.604309, -122.287766",1_27660,27,E Alder St & 35th Ave,27 - Colman Park - Seattle,Seattle,,
"Central District, Leschi","Seattle, WA",King,"47.603798, -122.285217",1_27670,27,E Alder St & Erie Ave,27 - Colman Park - Seattle,Seattle,,
"Central District, Leschi","Seattle, WA",King,"47.601624, -122.285461",1_27690,27,Lakeside Ave S & E Yesler Way,27 - Colman Park - Seattle,Seattle,,
"Central District, Leschi","Seattle, WA",King,"47.599522, -122.286499",1_27700,27,Lakeside Ave S & S Leschi Pl,27 - Colman Park - Seattle,Seattle,,
"Central District, Leschi","Seattle, WA",King,"47.596744, -122.287498",1_27720,27,Lakeside Ave S & S Lane St,27 - Colman Park - Seattle,Seattle,,
"Central District, Leschi","Seattle, WA",King,"47.594566, -122.287918",1_27730,27,Lakeside Ave S & S Charles St,27 - Colman Park - Seattle,Seattle,,
"Mount Baker, Rainier Valley","Seattle, WA",King,"47.589550, -122.286392",1_27745,27,Lakeside Ave S & S Day St,27 - Colman Park - Seattle,Seattle,,
"Mount Baker, Rainier Valley","Seattle, WA",King,"47.588829, -122.286720",1_27175,27,36th Ave S & S Day St,27 - Colman Park - Seattle,Seattle,,
Laurelhurst,"Seattle, WA",King,"47.661541, -122.280174",1_29091,31,NE 45th St & 45th Ave NE,31 - Children's Hospital - University District - Magnolia,Seattle,,
Laurelhurst,"Seattle, WA",King,"47.661346, -122.282616",1_29100,31,NE 45th St & 42nd Ave NE,31 - Children's Hospital - University District - Magnolia,Seattle,,
,"Seattle, WA",King,"47.661335, -122.284637",1_29110,31,NE 45th St & 40th Ave NE,31 - Children's Hospital - University District - Magnolia,Seattle,,
Bryant,"Seattle, WA",King,"47.661205, -122.289627",1_29130,31,NE 45th St & 36th Ave NE,31 - Children's Hospital - University District - Magnolia,Seattle,,
,"Seattle, WA",King,"47.661278, -122.295418",1_25202,31,NE 45th St & University Village,31 - Children's Hospital - University District - Magnolia,Seattle,,
,"Seattle, WA",King,"47.661327, -122.306923",1_11357,31,NE 45th St & 20th Ave NE,31 - Children's Hospital - University District - Magnolia,Seattle,,
,"Seattle, WA",King,"47.661327, -122.310120",1_11356,31,NE 45th St & 17th Ave NE,31 - Children's Hospital - University District - Magnolia,Seattle,,
,"Seattle, WA",King,"47.661339, -122.313614",1_11358,31,NE 45th St & University Way NE - Bay 2,31 - Children's Hospital - University District - Magnolia,Seattle,,
University District,"Seattle, WA",King,"47.660953, -122.317818",1_9605,31,Roosevelt Way NE & NE 45th St,31 - Children's Hospital - University District - Magnolia,Seattle,,
University District,"Seattle, WA",King,"47.658455, -122.317879",1_9610,31,Roosevelt Way NE & NE 42nd St,31 - Children's Hospital - University District - Magnolia,Seattle,,
University District,"Seattle, WA",King,"47.657589, -122.320366",1_5402,31,NE 42nd St & 8th Ave NE,31 - Children's Hospital - University District - Magnolia,Seattle,,
,"Seattle, WA",King,"47.655613, -122.327423",1_26369,31,NE 40th St & 1st Ave NE,31 - Children's Hospital - University District - Magnolia,Seattle,,
Wallingford,"Seattle, WA",King,"47.655628, -122.329376",1_26370,31,N 40th St & Eastern Ave N,31 - Children's Hospital - University District - Magnolia,Seattle,,
,"Seattle, WA",King,"47.655666, -122.333145",1_26381,31,N 40th St & Bagley Ave N,31 - Children's Hospital - University District - Magnolia,Seattle,,
Wallingford,"Seattle, WA",King,"47.655716, -122.336098",1_26400,31,N 40th St & Wallingford Ave N,31 - Children's Hospital - University District - Magnolia,Seattle,,
Wallingford,"Seattle, WA",King,"47.654091, -122.336388",1_26410,31,Wallingford Ave N & N 39th St,31 - Children's Hospital - University District - Magnolia,Seattle,,
Wallingford,"Seattle, WA",King,"47.651783, -122.336411",1_26430,31,Wallingford Ave N & N 37th St,31 - Children's Hospital - University District - Magnolia,Seattle,,
Wallingford,"Seattle, WA",King,"47.649262, -122.336823",1_26450,31,N 35th St & Wallingford Ave N,31 - Children's Hospital - University District - Magnolia,Seattle,,
Wallingford,"Seattle, WA",King,"47.649281, -122.339073",1_26460,31,N 35th St & Woodlawn Ave N,31 - Children's Hospital - University District - Magnolia,Seattle,,
Fremont,"Seattle, WA",King,"47.649574, -122.343216",1_26480,31,N 35th St & Stone Way N,31 - Children's Hospital - University District - Magnolia,Seattle,,
Fremont,"Seattle, WA",King,"47.650250, -122.347549",1_26490,31,N 35th St & Troll Ave N,31 - Children's Hospital - University District - Magnolia,Seattle,,
Fremont,"Seattle, WA",King,"47.649735, -122.349869",1_26510,31,Fremont Ave N & N 34th St,31 - Children's Hospital - University District - Magnolia,Seattle,,
Queen Anne,"Seattle, WA",King,"47.647102, -122.351685",1_18600,31,Nickerson St & 3rd Ave N,31 - Children's Hospital - University District - Magnolia,Seattle,,
Queen Anne,"Seattle, WA",King,"47.648811, -122.355431",1_18610,31,Nickerson St & Warren Ave N,31 - Children's Hospital - University District - Magnolia,Seattle,,
Queen Anne,"Seattle, WA",King,"47.649681, -122.357300",1_18620,31,Nickerson St & Cremona St,31 - Children's Hospital - University District - Magnolia,Seattle,,
Queen Anne,"Seattle, WA",King,"47.650986, -122.361244",1_18630,31,W Nickerson St & 3rd Ave W,31 - Children's Hospital - University District - Magnolia,Seattle,,
Queen Anne,"Seattle, WA",King,"47.651791, -122.364815",1_18640,31,W Nickerson St & 6th Ave W,31 - Children's Hospital - University District - Magnolia,Seattle,,
Queen Anne,"Seattle, WA",King,"47.652348, -122.367241",1_18650,31,W Nickerson St & 8th Ave W,31 - Children's Hospital - University District - Magnolia,Seattle,,
Queen Anne,"Seattle, WA",King,"47.653969, -122.370102",1_18660,31,W Nickerson St & Jesse Ave W,31 - Children's Hospital - University District - Magnolia,Seattle,,
Queen Anne,"Seattle, WA",King,"47.654903, -122.371696",1_18670,31,W Nickerson St & 11th Ave W,31 - Children's Hospital - University District - Magnolia,Seattle,,
Queen Anne,"Seattle, WA",King,"47.654415, -122.375740",1_18680,31,W Nickerson St & W Emerson St,31 - Children's Hospital - University District - Magnolia,Seattle,,
Interbay,"Seattle, WA",King,"47.655808, -122.383720",1_13775,31,W Emerson Pl & 21st Ave W,31 - Children's Hospital - University District - Magnolia,Seattle,,
"Lawton Park, Magnolia","Seattle, WA",King,"47.655155, -122.385712",1_40077,31,Gilman Ave W & 23rd Ave W,31 - Children's Hospital - University District - Magnolia,Seattle,,
"Lawton Park, Magnolia","Seattle, WA",King,"47.653683, -122.384758",1_31230,31,22nd Ave W & Gilman Ave W,31 - Children's Hospital - University District - Magnolia,Seattle,,
"Lawton Park, Magnolia","Seattle, WA",King,"47.651901, -122.384781",1_31240,31,22nd Ave W & W Ruffner St,31 - Children's Hospital - University District - Magnolia,Seattle,,
"Lawton Park, Magnolia","Seattle, WA",King,"47.650131, -122.384773",1_31250,31,22nd Ave W & W Bertona St,31 - Children's Hospital - University District - Magnolia,Seattle,,
"Magnolia, Southeast Magnolia","Seattle, WA",King,"47.648266, -122.384773",1_31260,31,22nd Ave W & W Dravus St,31 - Children's Hospital - University District - Magnolia,Seattle,,
"Magnolia, Southeast Magnolia","Seattle, WA",King,"47.646347, -122.384758",1_31270,31,22nd Ave W & W Barrett St,31 - Children's Hospital - University District - Magnolia,Seattle,,
"Magnolia, Southeast Magnolia","Seattle, WA",King,"47.644539, -122.384743",1_31280,31,22nd Ave W & W Armour St,31 - Children's Hospital - University District - Magnolia,Seattle,,
"Magnolia, Southeast Magnolia","Seattle, WA",King,"47.643047, -122.384720",1_31290,31,22nd Ave W & Thorndyke Ave W,31 - Children's Hospital - University District - Magnolia,Seattle,,
"Magnolia, Southeast Magnolia","Seattle, WA",King,"47.640659, -122.386398",1_31300,31,Thorndyke Ave W & 23rd Ave W,31 - Children's Hospital - University District - Magnolia,Seattle,,
"Magnolia, Southeast Magnolia","Seattle, WA",King,"47.639835, -122.387108",1_31310,31,Thorndyke Ave W & Thorndyke Pl W,31 - Children's Hospital - University District - Magnolia,Seattle,,
"Magnolia, Southeast Magnolia","Seattle, WA",King,"47.638294, -122.388252",1_31320,31,Thorndyke Ave W & W Boston St,31 - Children's Hospital - University District - Magnolia,Seattle,,
"Magnolia, Southeast Magnolia","Seattle, WA",King,"47.636757, -122.389404",1_31330,31,Thorndyke Ave W & W Newton St,31 - Children's Hospital - University District - Magnolia,Seattle,,
"Magnolia, Southeast Magnolia","Seattle, WA",King,"47.634792, -122.391106",1_40078,31,Thorndyke Ave W & W Blaine St,31 - Children's Hospital - University District - Magnolia,Seattle,,
"Magnolia, Southeast Magnolia","Seattle, WA",King,"47.634918, -122.392952",1_20890,24,28th Ave W & W Blaine St,31 - Children's Hospital - University District - Magnolia,Seattle,,
"Magnolia, Southeast Magnolia","Seattle, WA",King,"47.637577, -122.395409",1_20910,31,Condon Way W & W Crockett St,31 - Children's Hospital - University District - Magnolia,Seattle,,
Laurelhurst,"Seattle, WA",King,"47.661541, -122.280174",1_29091,31,NE 45th St & 45th Ave NE,32 - Children's Hospital - University District - Seattle Center,Seattle,,
Laurelhurst,"Seattle, WA",King,"47.661346, -122.282616",1_29100,31,NE 45th St & 42nd Ave NE,32 - Children's Hospital - University District - Seattle Center,Seattle,,
,"Seattle, WA",King,"47.661335, -122.284637",1_29110,31,NE 45th St & 40th Ave NE,32 - Children's Hospital - University District - Seattle Center,Seattle,,
Bryant,"Seattle, WA",King,"47.661205, -122.289627",1_29130,31,NE 45th St & 36th Ave NE,32 - Children's Hospital - University District - Seattle Center,Seattle,,
,"Seattle, WA",King,"47.661278, -122.295418",1_25202,31,NE 45th St & University Village,32 - Children's Hospital - University District - Seattle Center,Seattle,,
,"Seattle, WA",King,"47.661327, -122.306923",1_11357,31,NE 45th St & 20th Ave NE,32 - Children's Hospital - University District - Seattle Center,Seattle,,
,"Seattle, WA",King,"47.661327, -122.310120",1_11356,31,NE 45th St & 17th Ave NE,32 - Children's Hospital - University District - Seattle Center,Seattle,,
,"Seattle, WA",King,"47.661339, -122.313614",1_11358,31,NE 45th St & University Way NE - Bay 2,32 - Children's Hospital - University District - Seattle Center,Seattle,,
University District,"Seattle, WA",King,"47.660953, -122.317818",1_9605,31,Roosevelt Way NE & NE 45th St,32 - Children's Hospital - University District - Seattle Center,Seattle,,
University District,"Seattle, WA",King,"47.658455, -122.317879",1_9610,31,Roosevelt Way NE & NE 42nd St,32 - Children's Hospital - University District - Seattle Center,Seattle,,
University District,"Seattle, WA",King,"47.657589, -122.320366",1_5402,31,NE 42nd St & 8th Ave NE,32 - Children's Hospital - University District - Seattle Center,Seattle,,
,"Seattle, WA",King,"47.655613, -122.327423",1_26369,31,NE 40th St & 1st Ave NE,32 - Children's Hospital - University District - Seattle Center,Seattle,,
Wallingford,"Seattle, WA",King,"47.655628, -122.329376",1_26370,31,N 40th St & Eastern Ave N,32 - Children's Hospital - University District - Seattle Center,Seattle,,
,"Seattle, WA",King,"47.655666, -122.333145",1_26381,31,N 40th St & Bagley Ave N,32 - Children's Hospital - University District - Seattle Center,Seattle,,
Wallingford,"Seattle, WA",King,"47.655716, -122.336098",1_26400,31,N 40th St & Wallingford Ave N,32 - Children's Hospital - University District - Seattle Center,Seattle,,
Wallingford,"Seattle, WA",King,"47.654091, -122.336388",1_26410,31,Wallingford Ave N & N 39th St,32 - Children's Hospital - University District - Seattle Center,Seattle,,
Wallingford,"Seattle, WA",King,"47.651783, -122.336411",1_26430,31,Wallingford Ave N & N 37th St,32 - Children's Hospital - University District - Seattle Center,Seattle,,
Wallingford,"Seattle, WA",King,"47.649262, -122.336823",1_26450,31,N 35th St & Wallingford Ave N,32 - Children's Hospital - University District - Seattle Center,Seattle,,
Wallingford,"Seattle, WA",King,"47.649281, -122.339073",1_26460,31,N 35th St & Woodlawn Ave N,32 - Children's Hospital - University District - Seattle Center,Seattle,,
Fremont,"Seattle, WA",King,"47.649574, -122.343216",1_26480,31,N 35th St & Stone Way N,32 - Children's Hospital - University District - Seattle Center,Seattle,,
Fremont,"Seattle, WA",King,"47.650250, -122.347549",1_26490,31,N 35th St & Troll Ave N,32 - Children's Hospital - University District - Seattle Center,Seattle,,
Fremont,"Seattle, WA",King,"47.649735, -122.349869",1_26510,31,Fremont Ave N & N 34th St,32 - Children's Hospital - University District - Seattle Center,Seattle,,
Queen Anne,"Seattle, WA",King,"47.647102, -122.351685",1_18600,31,Nickerson St & 3rd Ave N,32 - Children's Hospital - University District - Seattle Center,Seattle,,
Queen Anne,"Seattle, WA",King,"47.648811, -122.355431",1_18610,31,Nickerson St & Warren Ave N,32 - Children's Hospital - University District - Seattle Center,Seattle,,
Queen Anne,"Seattle, WA",King,"47.649681, -122.357300",1_18620,31,Nickerson St & Cremona St,32 - Children's Hospital - University District - Seattle Center,Seattle,,
Queen Anne,"Seattle, WA",King,"47.650986, -122.361244",1_18630,31,W Nickerson St & 3rd Ave W,32 - Children's Hospital - University District - Seattle Center,Seattle,,
Queen Anne,"Seattle, WA",King,"47.651791, -122.364815",1_18640,31,W Nickerson St & 6th Ave W,32 - Children's Hospital - University District - Seattle Center,Seattle,,
Queen Anne,"Seattle, WA",King,"47.652348, -122.367241",1_18650,31,W Nickerson St & 8th Ave W,32 - Children's Hospital - University District - Seattle Center,Seattle,,
Queen Anne,"Seattle, WA",King,"47.653969, -122.370102",1_18660,31,W Nickerson St & Jesse Ave W,32 - Children's Hospital - University District - Seattle Center,Seattle,,
Queen Anne,"Seattle, WA",King,"47.654903, -122.371696",1_18670,31,W Nickerson St & 11th Ave W,32 - Children's Hospital - University District - Seattle Center,Seattle,,
Interbay,"Seattle, WA",King,"47.648064, -122.376877",1_13800,32,15th Ave W & W Dravus St,32 - Children's Hospital - University District - Seattle Center,Seattle,,
Interbay,"Seattle, WA",King,"47.644825, -122.376328",1_13810,32,15th Ave W & W Armour St,32 - Children's Hospital - University District - Seattle Center,Seattle,,
Interbay,"Seattle, WA",King,"47.640183, -122.376312",1_13830,32,15th Ave W & W Wheeler St,32 - Children's Hospital - University District - Seattle Center,Seattle,,
Interbay,"Seattle, WA",King,"47.637287, -122.376305",1_13840,32,15th Ave W & W Armory Way,32 - Children's Hospital - University District - Seattle Center,Seattle,,
Interbay,"Seattle, WA",King,"47.631882, -122.375305",1_13870,24,Elliott Ave W & W Galer St,32 - Children's Hospital - University District - Seattle Center,Seattle,,
Interbay,"Seattle, WA",King,"47.629135, -122.371849",1_13890,17,Elliott Ave W & W Prospect St,32 - Children's Hospital - University District - Seattle Center,Seattle,,
Queen Anne,"Seattle, WA",King,"47.624531, -122.360809",1_13910,32,W Mercer St & 3rd Ave W,32 - Children's Hospital - University District - Seattle Center,Seattle,,
Queen Anne,"Seattle, WA",King,"47.624062, -122.356812",1_2672,1,Queen Anne Ave N & W Mercer St,32 - Children's Hospital - University District - Seattle Center,Seattle,,
Queen Anne,"Seattle, WA",King,"47.621834, -122.356819",1_2180,1,Queen Anne Ave N & W Harrison St,32 - Children's Hospital - University District - Seattle Center,Seattle,,
Industrial District,"Seattle, WA",King,"47.593342, -122.328957",1_30635,5,4th Ave S & S Royal Brougham Way,33 - Discovery Park - East Magnolia - Seattle,Seattle,,
International District,"Seattle, WA",King,"47.599827, -122.328972",1_619,5,4th Ave S & S Jackson St,33 - Discovery Park - East Magnolia - Seattle,Seattle,,
Pioneer Square,"Seattle, WA",King,"47.601780, -122.329803",1_1370,27,Yesler Way & 3rd Ave,33 - Discovery Park - East Magnolia - Seattle,Seattle,,
Pioneer Square,"Seattle, WA",King,"47.602642, -122.331184",1_531,5,3rd Ave & James St,33 - Discovery Park - East Magnolia - Seattle,Seattle,,
Central Business District,"Seattle, WA",King,"47.605541, -122.333832",1_548,5,3rd Ave & Madison St,33 - Discovery Park - East Magnolia - Seattle,Seattle,,
Central Business District,"Seattle, WA",King,"47.608688, -122.336700",1_570,5,3rd Ave & Union St,33 - Discovery Park - East Magnolia - Seattle,Seattle,,
Central Business District,"Seattle, WA",King,"47.611137, -122.338951",1_590,5,3rd Ave & Pine St,33 - Discovery Park - East Magnolia - Seattle,Seattle,,
"Belltown, Denny Regrade","Seattle, WA",King,"47.612995, -122.341743",1_600,1,3rd Ave & Virginia St,33 - Discovery Park - East Magnolia - Seattle,Seattle,,
"Belltown, Denny Regrade","Seattle, WA",King,"47.615120, -122.345337",1_605,1,3rd Ave & Bell St,33 - Discovery Park - East Magnolia - Seattle,Seattle,,
"Belltown, Denny Regrade","Seattle, WA",King,"47.616959, -122.348450",1_1690,1,3rd Ave & Vine St,33 - Discovery Park - East Magnolia - Seattle,Seattle,,
,"Seattle, WA",King,"47.618660, -122.352615",1_20829,2,Denny Way & 2nd Ave N,33 - Discovery Park - East Magnolia - Seattle,Seattle,,
Queen Anne,"Seattle, WA",King,"47.618656, -122.356606",1_19440,17,Denny Way & Queen Anne Ave N,33 - Discovery Park - East Magnolia - Seattle,Seattle,,
Queen Anne,"Seattle, WA",King,"47.619965, -122.359512",1_19460,24,Western Ave W & Elliott Ave W,33 - Discovery Park - East Magnolia - Seattle,Seattle,,
Queen Anne,"Seattle, WA",King,"47.621441, -122.361740",1_19470,17,Elliott Ave W & 4th Ave W,33 - Discovery Park - East Magnolia - Seattle,Seattle,,
Queen Anne,"Seattle, WA",King,"47.623394, -122.364059",1_19480,24,Elliott Ave W & 6th Ave W,33 - Discovery Park - East Magnolia - Seattle,Seattle,,
Queen Anne,"Seattle, WA",King,"47.625282, -122.366394",1_19490,24,Elliott Ave W & W Mercer St,33 - Discovery Park - East Magnolia - Seattle,Seattle,,
Queen Anne,"Seattle, WA",King,"47.626415, -122.367958",1_19500,24,Elliott Ave W & W Mercer Pl,33 - Discovery Park - East Magnolia - Seattle,Seattle,,
West Queen Anne,"Seattle, WA",King,"47.629013, -122.371414",1_14070,17,Elliott Ave W & W Prospect St,33 - Discovery Park - East Magnolia - Seattle,Seattle,,
Interbay,"Seattle, WA",King,"47.634010, -122.391762",1_20880,24,Thorndyke Ave W & W Hayes St,33 - Discovery Park - East Magnolia - Seattle,Seattle,,
Interbay,"Seattle, WA",King,"47.635330, -122.390259",1_31350,31,Thorndyke Ave W & W Blaine St,33 - Discovery Park - East Magnolia - Seattle,Seattle,,
Interbay,"Seattle, WA",King,"47.637184, -122.388649",1_31360,31,Thorndyke Ave W & W Newton St,33 - Discovery Park - East Magnolia - Seattle,Seattle,,
Interbay,"Seattle, WA",King,"47.638340, -122.387787",1_31370,31,Thorndyke Ave W & W Boston St,33 - Discovery Park - East Magnolia - Seattle,Seattle,,
Interbay,"Seattle, WA",King,"47.639305, -122.387062",1_31380,31,Thorndyke Ave W & W Lynn St,33 - Discovery Park - East Magnolia - Seattle,Seattle,,
Interbay,"Seattle, WA",King,"47.640808, -122.386055",1_31390,31,Thorndyke Ave W & 23rd Ave W,33 - Discovery Park - East Magnolia - Seattle,Seattle,,
"Magnolia, Southeast Magnolia","Seattle, WA",King,"47.643402, -122.384537",1_31400,31,22nd Ave W & Thorndyke Ave W,33 - Discovery Park - East Magnolia - Seattle,Seattle,,
"Magnolia, Southeast Magnolia","Seattle, WA",King,"47.645058, -122.384552",1_31410,31,22nd Ave W & W Armour St,33 - Discovery Park - East Magnolia - Seattle,Seattle,,
"Magnolia, Southeast Magnolia","Seattle, WA",King,"47.646801, -122.384552",1_31420,31,22nd Ave W & W Barrett St,33 - Discovery Park - East Magnolia - Seattle,Seattle,,
"Lawton Park, Magnolia","Seattle, WA",King,"47.648716, -122.384567",1_31430,31,22nd Ave W & W Dravus St,33 - Discovery Park - East Magnolia - Seattle,Seattle,,
"Lawton Park, Magnolia","Seattle, WA",King,"47.650520, -122.384567",1_31440,31,22nd Ave W & W Bertona St,33 - Discovery Park - East Magnolia - Seattle,Seattle,,
"Lawton Park, Magnolia","Seattle, WA",King,"47.652100, -122.384583",1_31450,31,22nd Ave W & W Ruffner St,33 - Discovery Park - East Magnolia - Seattle,Seattle,,
"Lawton Park, Magnolia","Seattle, WA",King,"47.653320, -122.384567",1_31460,31,22nd Ave W & Gilman Ave W,33 - Discovery Park - East Magnolia - Seattle,Seattle,,
Interbay,"Seattle, WA",King,"47.655704, -122.386139",1_40073,31,Gilman Ave W & W Emerson Pl,33 - Discovery Park - East Magnolia - Seattle,Seattle,,
Interbay,"Seattle, WA",King,"47.658089, -122.389130",1_31481,33,Gilman Ave W & W Elmore St,33 - Discovery Park - East Magnolia - Seattle,Seattle,,
Interbay,"Seattle, WA",King,"47.659683, -122.391151",1_31500,33,Gilman Ave W & 27th Ave W,33 - Discovery Park - East Magnolia - Seattle,Seattle,,
Interbay,"Seattle, WA",King,"47.660851, -122.393036",1_31510,33,Gilman Ave W & 28th Pl W,33 - Discovery Park - East Magnolia - Seattle,Seattle,,
"Lawton Park, Magnolia","Seattle, WA",King,"47.661072, -122.398148",1_31530,33,W Government Way & 31st Ave W,33 - Discovery Park - East Magnolia - Seattle,Seattle,,
"Lawton Park, Magnolia","Seattle, WA",King,"47.660004, -122.399757",1_24680,24,W Government Way & 33rd Ave W,33 - Discovery Park - East Magnolia - Seattle,Seattle,,
"Lawton Park, Magnolia","Seattle, WA",King,"47.658440, -122.403305",1_31550,33,W Government Way & 36th Ave W,33 - Discovery Park - East Magnolia - Seattle,Seattle,,
"Lawton Park, Magnolia","Seattle, WA",King,"47.662315, -122.405441",1_31552,33,Texas Way & W Government Way,33 - Discovery Park - East Magnolia - Seattle,Seattle,,
"Lawton Park, Magnolia","Seattle, WA",King,"47.664749, -122.410904",1_31140,33,Discovery Park Road & Texas Way,33 - Discovery Park - East Magnolia - Seattle,Seattle,,
"Lawton Park, Magnolia","Seattle, WA",King,"47.662239, -122.405647",1_31547,33,Texas Way & W Government Way,33 - Discovery Park - East Magnolia - Seattle,Seattle,,
"Lawton Park, Magnolia","Seattle, WA",King,"47.658321, -122.403145",1_31150,33,W Government Way & 36th Ave W,33 - Discovery Park - East Magnolia - Seattle,Seattle,,
"Lawton Park, Magnolia","Seattle, WA",King,"47.659573, -122.400505",1_24360,24,W Government Way & 34th Ave W,33 - Discovery Park - East Magnolia - Seattle,Seattle,,
International District,"Seattle, WA",King,"47.599827, -122.328972",1_619,5,4th Ave S & S Jackson St,40 - Northgate - Ballard - Seattle,Seattle,,
Pioneer Square,"Seattle, WA",King,"47.602642, -122.331184",1_531,5,3rd Ave & James St,40 - Northgate - Ballard - Seattle,Seattle,,
Central Business District,"Seattle, WA",King,"47.605541, -122.333832",1_548,5,3rd Ave & Madison St,40 - Northgate - Ballard - Seattle,Seattle,,
Central Business District,"Seattle, WA",King,"47.608688, -122.336700",1_570,5,3rd Ave & Union St,40 - Northgate - Ballard - Seattle,Seattle,,
Central Business District,"Seattle, WA",King,"47.611137, -122.338951",1_590,5,3rd Ave & Pine St,40 - Northgate - Ballard - Seattle,Seattle,,
"Belltown, Denny Regrade","Seattle, WA",King,"47.612995, -122.341743",1_600,1,3rd Ave & Virginia St,40 - Northgate - Ballard - Seattle,Seattle,,
"Belltown, Denny Regrade","Seattle, WA",King,"47.615856, -122.340881",1_18440,40,Blanchard St & 6th Ave,40 - Northgate - Ballard - Seattle,Seattle,,
,"Seattle, WA",King,"47.618031, -122.338402",,40,Westlake Ave & 9th Ave,40 - Northgate - Ballard - Seattle,Seattle,,
Cascade,"Seattle, WA",King,"47.621849, -122.338356",1_26715,40,Westlake Ave N & Harrison St,40 - Northgate - Ballard - Seattle,Seattle,,
Cascade,"Seattle, WA",King,"47.625504, -122.338394",1_26730,40,Westlake Ave N & Mercer St,40 - Northgate - Ballard - Seattle,Seattle,,
"Cascade, Westlake","Seattle, WA",King,"47.629948, -122.340897",1_26760,40,Westlake Ave N & Highland Dr,40 - Northgate - Ballard - Seattle,Seattle,,
"Cascade, Westlake","Seattle, WA",King,"47.632725, -122.340706",1_26770,40,Westlake Ave N & Galer St,40 - Northgate - Ballard - Seattle,Seattle,,
"Cascade, Westlake","Seattle, WA",King,"47.635380, -122.340317",1_26780,40,Westlake Ave N & 8th Ave N,40 - Northgate - Ballard - Seattle,Seattle,,
Queen Anne,"Seattle, WA",King,"47.638165, -122.340775",1_26800,40,Westlake Ave N & Crockett St,40 - Northgate - Ballard - Seattle,Seattle,,
Queen Anne,"Seattle, WA",King,"47.644134, -122.345032",1_26840,40,Westlake Ave N & Westlake Ave N,40 - Northgate - Ballard - Seattle,Seattle,,
Queen Anne,"Seattle, WA",King,"47.645569, -122.348434",1_26850,40,Westlake Ave N & Westlake Aly,40 - Northgate - Ballard - Seattle,Seattle,,
Fremont,"Seattle, WA",King,"47.649860, -122.349678",1_26860,31,Fremont Ave N & N 34th St,40 - Northgate - Ballard - Seattle,Seattle,,
Fremont,"Seattle, WA",King,"47.651936, -122.352791",1_28350,40,N 36th St & Dayton Ave N,40 - Northgate - Ballard - Seattle,Seattle,,
Fremont,"Seattle, WA",King,"47.653156, -122.358185",1_28370,40,NW 36th St & 1st Ave NW,40 - Northgate - Ballard - Seattle,Seattle,,
Fremont,"Seattle, WA",King,"47.655521, -122.361275",1_28390,40,Leary Way NW & 3rd Ave NW,40 - Northgate - Ballard - Seattle,Seattle,,
Fremont,"Seattle, WA",King,"47.658680, -122.364349",1_28410,28,Leary Way NW & NW 43rd St,40 - Northgate - Ballard - Seattle,Seattle,,
"Ballard, West Woodland","Seattle, WA",King,"47.661015, -122.366600",1_28415,40,Leary Way NW & 8th Ave NW,40 - Northgate - Ballard - Seattle,Seattle,,
"Ballard, West Woodland","Seattle, WA",King,"47.663727, -122.371246",1_28416,40,NW Leary Way & 11th Ave NW,40 - Northgate - Ballard - Seattle,Seattle,,
"Adams, Ballard","Seattle, WA",King,"47.663731, -122.377090",1_18696,40,NW Leary Way & 15th Ave NW,40 - Northgate - Ballard - Seattle,Seattle,,
"Adams, Ballard","Seattle, WA",King,"47.665321, -122.380417",1_18152,40,Leary Ave NW & NW Dock Pl,40 - Northgate - Ballard - Seattle,Seattle,,
"Adams, Ballard","Seattle, WA",King,"47.667164, -122.382584",1_18720,40,Leary Ave NW & NW Vernon Pl,40 - Northgate - Ballard - Seattle,Seattle,,
"Adams, Ballard","Seattle, WA",King,"47.668747, -122.386124",1_18740,17,NW Market St & Ballard Ave NW,40 - Northgate - Ballard - Seattle,Seattle,,
"Adams, Ballard","Seattle, WA",King,"47.670299, -122.387489",1_19510,40,24th Ave NW & NW 57th St,40 - Northgate - Ballard - Seattle,Seattle,,
"Adams, Ballard","Seattle, WA",King,"47.673363, -122.387489",1_19530,40,24th Ave NW & NW 61st St,40 - Northgate - Ballard - Seattle,Seattle,,
"Ballard, Loyal Heights","Seattle, WA",King,"47.676140, -122.387436",1_19550,40,24th Ave NW & NW 65th St,40 - Northgate - Ballard - Seattle,Seattle,,
"Ballard, Loyal Heights","Seattle, WA",King,"47.679733, -122.387451",1_19570,40,24th Ave NW & NW 70th St,40 - Northgate - Ballard - Seattle,Seattle,,
"Ballard, Loyal Heights","Seattle, WA",King,"47.683372, -122.387459",1_19590,40,24th Ave NW & NW 75th St,40 - Northgate - Ballard - Seattle,Seattle,,
"Ballard, Loyal Heights","Seattle, WA",King,"47.685150, -122.387489",1_19600,40,24th Ave NW & NW 77th St,40 - Northgate - Ballard - Seattle,Seattle,,
"Ballard, Loyal Heights","Seattle, WA",King,"47.687000, -122.387505",1_19610,40,24th Ave NW & NW 80th St,40 - Northgate - Ballard - Seattle,Seattle,,
"Ballard, Loyal Heights","Seattle, WA",King,"47.688602, -122.387505",1_19620,40,24th Ave NW & NW 83rd St,40 - Northgate - Ballard - Seattle,Seattle,,
"Ballard, Loyal Heights","Seattle, WA",King,"47.690517, -122.384018",1_35570,40,NW 85th St & 22nd Ave NW,40 - Northgate - Ballard - Seattle,Seattle,,
"Ballard, Loyal Heights","Seattle, WA",King,"47.690525, -122.381874",1_35580,40,NW 85th St & 20th Ave NW,40 - Northgate - Ballard - Seattle,Seattle,,
Crown Hill,"Seattle, WA",King,"47.690956, -122.376709",1_14360,40,15th Ave NW & NW 85th St,40 - Northgate - Ballard - Seattle,Seattle,,
Crown Hill,"Seattle, WA",King,"47.694752, -122.375290",1_40050,40,Holman Rd NW & Mary Ave NW,40 - Northgate - Ballard - Seattle,Seattle,,
Crown Hill,"Seattle, WA",King,"47.696407, -122.372314",1_40052,40,Holman Rd NW & 13th Ave NW,40 - Northgate - Ballard - Seattle,Seattle,,
Crown Hill,"Seattle, WA",King,"47.698441, -122.368393",1_40054,40,Holman Rd NW & 9th Ave NW,40 - Northgate - Ballard - Seattle,Seattle,,
Greenwood,"Seattle, WA",King,"47.700440, -122.364441",1_40056,40,Holman Rd NW & 7th Ave NW,40 - Northgate - Ballard - Seattle,Seattle,,
Greenwood,"Seattle, WA",King,"47.702496, -122.360390",1_40058,40,Holman Rd NW & 3rd Ave NW,40 - Northgate - Ballard - Seattle,Seattle,,
Greenwood,"Seattle, WA",King,"47.704659, -122.356094",1_40060,40,Holman Rd N & Greenwood Ave N,40 - Northgate - Ballard - Seattle,Seattle,,
Greenwood,"Seattle, WA",King,"47.705006, -122.349770",1_40065,40,N 105th St & Fremont Ave N,40 - Northgate - Ballard - Seattle,Seattle,,
Northgate,"Seattle, WA",King,"47.704979, -122.344170",1_40068,40,N Northgate Way & Aurora Ave N,40 - Northgate - Ballard - Seattle,Seattle,,
Northgate,"Seattle, WA",King,"47.704975, -122.341675",1_40070,40,N Northgate Way & Stone Ave N,40 - Northgate - Ballard - Seattle,Seattle,,
Northgate,"Seattle, WA",King,"47.708210, -122.334091",1_16960,40,Meridian Ave N & N Northgate Way,40 - Northgate - Ballard - Seattle,Seattle,,
Northgate,"Seattle, WA",King,"47.705120, -122.334038",1_16980,40,Meridian Ave N & N 105th St,40 - Northgate - Ballard - Seattle,Seattle,,
Northgate,"Seattle, WA",King,"47.703052, -122.334106",1_16990,40,College Way N & N 103rd St,40 - Northgate - Ballard - Seattle,Seattle,,
Northgate,"Seattle, WA",King,"47.699341, -122.335297",1_17010,40,College Way N & N 97th St,40 - Northgate - Ballard - Seattle,Seattle,,
Northgate,"Seattle, WA",King,"47.695854, -122.330673",1_17022,40,N 92nd St & Corliss Ave N,40 - Northgate - Ballard - Seattle,Seattle,,
"Maple Leaf, Northgate","Seattle, WA",King,"47.697922, -122.328354",1_17024,40,1st Ave NE & NE 95th St,40 - Northgate - Ballard - Seattle,Seattle,,
,"Seattle, WA",King,"47.702808, -122.328423",1_35317,40,1st Ave NE & NE 103rd St - Bay 1,40 - Northgate - Ballard - Seattle,Seattle,,
Bryant,"Seattle, WA",King,"47.662743, -122.285202",1_9978,45,Sand Point Way NE & 40th Ave NE,45 - Loyal Heights - University District - Seattle Children's Hospital,Seattle,,
Bryant,"Seattle, WA",King,"47.661205, -122.289627",1_29130,31,NE 45th St & 36th Ave NE,45 - Loyal Heights - University District - Seattle Children's Hospital,Seattle,,
,"Seattle, WA",King,"47.661278, -122.295418",1_25202,31,NE 45th St & University Village,45 - Loyal Heights - University District - Seattle Children's Hospital,Seattle,,
University District,"Seattle, WA",King,"47.661049, -122.298904",1_25210,45,Montlake Blvd NE & NE 45th St,45 - Loyal Heights - University District - Seattle Children's Hospital,Seattle,,
University District,"Seattle, WA",King,"47.656742, -122.304886",1_75406,45,Stevens Way & Pend Oreille Rd,45 - Loyal Heights - University District - Seattle Children's Hospital,Seattle,,
University District,"Seattle, WA",King,"47.654503, -122.305130",1_75403,45,Stevens Way & Benton Ln,45 - Loyal Heights - University District - Seattle Children's Hospital,Seattle,,
University District,"Seattle, WA",King,"47.652389, -122.306305",1_75402,45,Stevens Way & Rainier Vis,45 - Loyal Heights - University District - Seattle Children's Hospital,Seattle,,
University District,"Seattle, WA",King,"47.652172, -122.308624",1_75404,45,Stevens Way & Garfield Ln,45 - Loyal Heights - University District - Seattle Children's Hospital,Seattle,,
University District,"Seattle, WA",King,"47.655140, -122.310974",1_75405,45,Grant Ln & Stevens Way,45 - Loyal Heights - University District - Seattle Children's Hospital,Seattle,,
University District,"Seattle, WA",King,"47.657387, -122.313133",1_9581,45,University Way NE & NE 41st St,45 - Loyal Heights - University District - Seattle Children's Hospital,Seattle,,
University District,"Seattle, WA",King,"47.659683, -122.313065",1_9582,45,University Way NE & NE 43rd St,45 - Loyal Heights - University District - Seattle Children's Hospital,Seattle,,
University District,"Seattle, WA",King,"47.662067, -122.313011",1_9584,45,University Way NE & NE 45th St,45 - Loyal Heights - University District - Seattle Children's Hospital,Seattle,,
University District,"Seattle, WA",King,"47.666607, -122.311813",1_36890,45,15th Ave NE & NE 52nd St,45 - Loyal Heights - University District - Seattle Children's Hospital,Seattle,,
University District,"Seattle, WA",King,"47.670456, -122.311798",1_36910,45,15th Ave NE & NE Ravenna Blvd,45 - Loyal Heights - University District - Seattle Children's Hospital,Seattle,,
University District,"Seattle, WA",King,"47.665379, -122.312973",1_37350,45,University Way NE & NE 50th St,45 - Loyal Heights - University District - Seattle Children's Hospital,Seattle,,
University District,"Seattle, WA",King,"47.668766, -122.312920",1_37352,45,University Way NE & NE 55th St,45 - Loyal Heights - University District - Seattle Children's Hospital,Seattle,,
University District,"Seattle, WA",King,"47.670776, -122.312927",1_37353,45,University Way NE & NE Ravenna Blvd,45 - Loyal Heights - University District - Seattle Children's Hospital,Seattle,,
,"Seattle, WA",King,"47.675865, -122.313545",1_36931,45,NE 65th St & 14th Ave NE,45 - Loyal Heights - University District - Seattle Children's Hospital,Seattle,,
Roosevelt,"Seattle, WA",King,"47.675888, -122.315994",1_36940,45,NE 65th St & 12th Ave NE,45 - Loyal Heights - University District - Seattle Children's Hospital,Seattle,,
Green Lake,"Seattle, WA",King,"47.675930, -122.321167",1_36960,45,NE 65th St & Oswego Pl NE,45 - Loyal Heights - University District - Seattle Children's Hospital,Seattle,,
Green Lake,"Seattle, WA",King,"47.677872, -122.323586",1_16515,45,NE Ravenna Blvd & NE 68th St,45 - Loyal Heights - University District - Seattle Children's Hospital,Seattle,,
Green Lake,"Seattle, WA",King,"47.678841, -122.324486",1_16520,45,NE Ravenna Blvd & Woodlawn Ave NE,45 - Loyal Heights - University District - Seattle Children's Hospital,Seattle,,
Green Lake,"Seattle, WA",King,"47.681370, -122.326920",1_36961,45,East Green Lake Dr N & 4th Ave NE,45 - Loyal Heights - University District - Seattle Children's Hospital,Seattle,,
,"Seattle, WA",King,"47.683106, -122.333557",1_36991,45,East Green Lake Dr N & Meridian Ave N,45 - Loyal Heights - University District - Seattle Children's Hospital,Seattle,,
Green Lake,"Seattle, WA",King,"47.685646, -122.336632",1_37020,45,East Green Lake Dr N & Wallingford Ave N,45 - Loyal Heights - University District - Seattle Children's Hospital,Seattle,,
Green Lake,"Seattle, WA",King,"47.687351, -122.336304",1_17640,45,Wallingford Ave N & N 80th St,45 - Loyal Heights - University District - Seattle Children's Hospital,Seattle,,
Green Lake,"Seattle, WA",King,"47.688904, -122.336319",1_17650,45,Wallingford Ave N & N 82nd St,45 - Loyal Heights - University District - Seattle Children's Hospital,Seattle,,
Northgate,"Seattle, WA",King,"47.690579, -122.336769",1_5420,45,N 85th St & Wallingford Ave N,45 - Loyal Heights - University District - Seattle Children's Hospital,Seattle,,
Northgate,"Seattle, WA",King,"47.690609, -122.341194",1_5440,45,N 85th St & Stone Ave N,45 - Loyal Heights - University District - Seattle Children's Hospital,Seattle,,
Northgate,"Seattle, WA",King,"47.690624, -122.344162",1_5450,45,N 85th St & Aurora Ave N,45 - Loyal Heights - University District - Seattle Children's Hospital,Seattle,,
Greenwood,"Seattle, WA",King,"47.690647, -122.350266",1_5470,45,N 85th St & Fremont Ave N,45 - Loyal Heights - University District - Seattle Children's Hospital,Seattle,,
Greenwood,"Seattle, WA",King,"47.690666, -122.355675",1_41450,45,N 85th St & Greenwood Ave N,45 - Loyal Heights - University District - Seattle Children's Hospital,Seattle,,
Greenwood,"Seattle, WA",King,"47.690689, -122.360275",1_37040,45,NW 85th St & 3rd Ave NW,45 - Loyal Heights - University District - Seattle Children's Hospital,Seattle,,
Crown Hill,"Seattle, WA",King,"47.690723, -122.366653",1_37060,45,NW 85th St & 8th Ave NW,45 - Loyal Heights - University District - Seattle Children's Hospital,Seattle,,
Crown Hill,"Seattle, WA",King,"47.690697, -122.371796",1_37074,45,NW 85th St & 12th Ave NW,45 - Loyal Heights - University District - Seattle Children's Hospital,Seattle,,
Crown Hill,"Seattle, WA",King,"47.690685, -122.375343",1_37080,45,NW 85th St & Mary Ave NW,45 - Loyal Heights - University District - Seattle Children's Hospital,Seattle,,
Crown Hill,"Seattle, WA",King,"47.690678, -122.377609",1_37081,40,NW 85th St & 15th Ave NW,45 - Loyal Heights - University District - Seattle Children's Hospital,Seattle,,
Crown Hill,"Seattle, WA",King,"47.690659, -122.381462",1_37083,40,NW 85th St & 19th Ave NW,45 - Loyal Heights - University District - Seattle Children's Hospital,Seattle,,
North Beach/Blue Ridge,"Seattle, WA",King,"47.690651, -122.384720",1_37078,40,NW 85th St & 22nd Ave NW,45 - Loyal Heights - University District - Seattle Children's Hospital,Seattle,,
North Beach/Blue Ridge,"Seattle, WA",King,"47.690647, -122.387970",1_37086,45,NW 85th St & 24th Ave NW,45 - Loyal Heights - University District - Seattle Children's Hospital,Seattle,,
North Beach/Blue Ridge,"Seattle, WA",King,"47.690640, -122.390862",1_37087,45,NW 85th St & 27th Ave NW,45 - Loyal Heights - University District - Seattle Children's Hospital,Seattle,,
North Beach/Blue Ridge,"Seattle, WA",King,"47.690640, -122.393379",1_37088,45,NW 85th St & 28th Ave NW,45 - Loyal Heights - University District - Seattle Children's Hospital,Seattle,,
North Beach/Blue Ridge,"Seattle, WA",King,"47.690640, -122.396301",1_37089,45,NW 85th St & 30th Ave NW,45 - Loyal Heights - University District - Seattle Children's Hospital,Seattle,,
"Ballard, Sunset Hill","Seattle, WA",King,"47.690208, -122.397842",1_35530,45,Loyal Way NW & NW 85th St,45 - Loyal Heights - University District - Seattle Children's Hospital,Seattle,,
"Atlantic, Central District","Seattle, WA",King,"47.577591, -122.297127",1_8402,8,Mt. Baker Transfer Area - Bay 2,48 - University District - Central District - Mount Baker,Seattle,,
"Atlantic, Central District","Seattle, WA",King,"47.581196, -122.300201",1_8429,7,Rainier Ave S & S Bayview St,48 - University District - Central District - Mount Baker,Seattle,,
"Atlantic, Central District","Seattle, WA",King,"47.583931, -122.302299",1_8440,4,Rainier Ave S & S Walker St,48 - University District - Central District - Mount Baker,Seattle,,
,"Seattle, WA",King,"47.585739, -122.302834",1_36730,48,23rd Ave S & S Plum St,48 - University District - Central District - Mount Baker,Seattle,,
,"Seattle, WA",King,"47.588604, -122.302483",1_36750,48,23rd Ave S & S Massachusetts St,48 - University District - Central District - Mount Baker,Seattle,,
,"Seattle, WA",King,"47.591843, -122.302383",1_36774,48,23rd Ave S & S Judkins St,48 - University District - Central District - Mount Baker,Seattle,,
,"Seattle, WA",King,"47.596710, -122.302124",1_12532,4,23rd Ave S & S Lane St,48 - University District - Central District - Mount Baker,Seattle,,
"Atlantic, Central District","Seattle, WA",King,"47.599697, -122.302124",1_12550,4,23rd Ave S & S Jackson St,48 - University District - Central District - Mount Baker,Seattle,,
"Central District, Mann","Seattle, WA",King,"47.601894, -122.302299",1_12560,4,23rd Ave & E Yesler Way,48 - University District - Central District - Mount Baker,Seattle,,
"Central District, Mann","Seattle, WA",King,"47.606316, -122.302689",1_36791,48,23rd Ave & E Jefferson St,48 - University District - Central District - Mount Baker,Seattle,,
"Central District, Mann","Seattle, WA",King,"47.608314, -122.302673",1_36800,48,23rd Ave & E Cherry St,48 - University District - Central District - Mount Baker,Seattle,,
"Central District, Mann","Seattle, WA",King,"47.613442, -122.302605",1_36830,48,23rd Ave & E Union St,48 - University District - Central District - Mount Baker,Seattle,,
"Central District, Mann","Seattle, WA",King,"47.616734, -122.302505",1_36845,48,23rd Ave & E Olive St,48 - University District - Central District - Mount Baker,Seattle,,
"Capitol Hill, Stevens","Seattle, WA",King,"47.620602, -122.302399",1_35825,43,23rd Ave E & E John St,48 - University District - Central District - Mount Baker,Seattle,,
"Capitol Hill, Stevens","Seattle, WA",King,"47.623379, -122.302361",1_29278,43,23rd Ave E & E Republican St,48 - University District - Central District - Mount Baker,Seattle,,
"Capitol Hill, Stevens","Seattle, WA",King,"47.627014, -122.302292",1_29280,43,23rd Ave E & E Aloha St,48 - University District - Central District - Mount Baker,Seattle,,
"Capitol Hill, Stevens","Seattle, WA",King,"47.629467, -122.301567",1_29300,43,24th Ave E & E Prospect St,48 - University District - Central District - Mount Baker,Seattle,,
"Capitol Hill, Stevens","Seattle, WA",King,"47.632778, -122.301514",1_29320,43,24th Ave E & E Galer St,48 - University District - Central District - Mount Baker,Seattle,,
"Capitol Hill, Montlake","Seattle, WA",King,"47.635048, -122.301468",1_29340,43,24th Ave E & Boyer Ave E,48 - University District - Central District - Mount Baker,Seattle,,
"Capitol Hill, Montlake","Seattle, WA",King,"47.638100, -122.301483",1_29350,43,24th Ave E & E Newton St,48 - University District - Central District - Mount Baker,Seattle,,
"Capitol Hill, Montlake","Seattle, WA",King,"47.640152, -122.301979",1_29361,43,24th Ave E & E Mcgraw St,48 - University District - Central District - Mount Baker,Seattle,,
"Capitol Hill, Montlake","Seattle, WA",King,"47.643097, -122.302849",1_29380,43,East Montlake Pl E & E Roanoke St,48 - University District - Central District - Mount Baker,Seattle,,
"Capitol Hill, Montlake","Seattle, WA",King,"47.644432, -122.304230",1_25751,43,Montlake Blvd E & SR 520,48 - University District - Central District - Mount Baker,Seattle,,
University District,"Seattle, WA",King,"47.649765, -122.305893",1_29405,43,NE Pacific St & Montlake Blvd NE - Bay 2,48 - University District - Central District - Mount Baker,Seattle,,
University District,"Seattle, WA",King,"47.652206, -122.310783",1_29420,44,NE Pacific St & 15th Ave NE,48 - University District - Central District - Mount Baker,Seattle,,
University District,"Seattle, WA",King,"47.655899, -122.311974",1_29440,44,15th Ave NE & NE Campus Pkwy,48 - University District - Central District - Mount Baker,Seattle,,
University District,"Seattle, WA",King,"47.658668, -122.311905",1_11352,44,15th Ave NE & NE 42nd St,48 - University District - Central District - Mount Baker,Seattle,,
University District,"Seattle, WA",King,"47.661747, -122.311905",1_36860,48,15th Ave NE & NE 45th St,48 - University District - Central District - Mount Baker,Seattle,,
University District,"Seattle, WA",King,"47.664974, -122.313721",1_9586,48,NE 50th St & University Way NE,48 - University District - Central District - Mount Baker,Seattle,,
,"Seattle, WA",King,"47.661339, -122.313614",1_11358,31,NE 45th St & University Way NE - Bay 2,48 - University District - Central District - Mount Baker,Seattle,,
University District,"Seattle, WA",King,"47.661945, -122.316452",1_9650,48,11th Ave NE & NE 45th St,48 - University District - Central District - Mount Baker,Seattle,,
University District,"Seattle, WA",King,"47.662281, -122.315475",1_10910,48,12th Ave NE & NE 47th St,48 - University District - Central District - Mount Baker,Seattle,,
"Alki, West Seattle","Seattle, WA",King,"47.578995, -122.410797",1_14960,50,Alki Ave SW & 61st Ave SW,50 - Alki - SODO - Othello Station,Seattle,,
"Alki, West Seattle","Seattle, WA",King,"47.577518, -122.410797",1_14961,50,61st Ave SW & SW Stevens St,50 - Alki - SODO - Othello Station,Seattle,,
"Alki, West Seattle","Seattle, WA",King,"47.576027, -122.410835",1_14962,50,61st Ave SW & SW Admiral Way,50 - Alki - SODO - Othello Station,Seattle,,
"Alki, West Seattle","Seattle, WA",King,"47.575817, -122.409019",1_14963,50,SW Admiral Way & 60th Ave SW,50 - Alki - SODO - Othello Station,Seattle,,
"Alki, West Seattle","Seattle, WA",King,"47.576076, -122.407791",1_14970,50,SW Admiral Way & 59th Ave SW,50 - Alki - SODO - Othello Station,Seattle,,
"Alki, West Seattle","Seattle, WA",King,"47.577034, -122.405182",1_14980,50,SW Admiral Way & 57th Ave SW,50 - Alki - SODO - Othello Station,Seattle,,
"North Admiral, West Seattle","Seattle, WA",King,"47.578583, -122.400917",1_15000,50,SW Admiral Way & SW Stevens St,50 - Alki - SODO - Othello Station,Seattle,,
"North Admiral, West Seattle","Seattle, WA",King,"47.579189, -122.396996",1_15002,50,SW Admiral Way & 51st Ave SW,50 - Alki - SODO - Othello Station,Seattle,,
"North Admiral, West Seattle","Seattle, WA",King,"47.579529, -122.393799",1_15030,50,SW Admiral Way & SW Lander St,50 - Alki - SODO - Othello Station,Seattle,,
"North Admiral, West Seattle","Seattle, WA",King,"47.581158, -122.391571",1_15040,50,SW Admiral Way & 47th Ave SW,50 - Alki - SODO - Othello Station,Seattle,,
"North Admiral, West Seattle","Seattle, WA",King,"47.581142, -122.388924",1_15050,50,SW Admiral Way & 45th Ave SW,50 - Alki - SODO - Othello Station,Seattle,,
"North Admiral, West Seattle","Seattle, WA",King,"47.580894, -122.386658",1_31920,50,California Ave SW & SW Admiral Way,50 - Alki - SODO - Othello Station,Seattle,,
"North Admiral, West Seattle","Seattle, WA",King,"47.579056, -122.386742",1_31930,50,California Ave SW & SW Lander St,50 - Alki - SODO - Othello Station,Seattle,,
,"Seattle, WA",King,"47.577099, -122.386818",1_31940,50,California Ave SW & SW Stevens St,50 - Alki - SODO - Othello Station,Seattle,,
"North Admiral, West Seattle","Seattle, WA",King,"47.575440, -122.386864",1_31950,50,California Ave SW & SW Hanford St,50 - Alki - SODO - Othello Station,Seattle,,
"North Admiral, West Seattle","Seattle, WA",King,"47.571793, -122.386871",1_31970,50,California Ave SW & SW Spokane St,50 - Alki - SODO - Othello Station,Seattle,,
"Genesee, West Seattle, West Seattle Junction","Seattle, WA",King,"47.568146, -122.386871",1_31990,50,California Ave SW & SW Andover St,50 - Alki - SODO - Othello Station,Seattle,,
"Genesee, West Seattle, West Seattle Junction","Seattle, WA",King,"47.564419, -122.386871",1_32010,50,California Ave SW & SW Genesee St,50 - Alki - SODO - Othello Station,Seattle,,
"Genesee, West Seattle, West Seattle Junction","Seattle, WA",King,"47.563015, -122.387909",1_37220,50,SW Oregon St & 44th Ave SW,50 - Alki - SODO - Othello Station,Seattle,,
"Genesee, West Seattle, West Seattle Junction","Seattle, WA",King,"47.561070, -122.387527",1_31811,50,SW Alaska St & 44th Ave SW - Bay 2,50 - Alki - SODO - Othello Station,Seattle,,
"Genesee, West Seattle, West Seattle Junction","Seattle, WA",King,"47.561012, -122.384987",1_19875,50,SW Alaska St & 42nd Ave SW,50 - Alki - SODO - Othello Station,Seattle,,
"Fairmount Park, West Seattle","Seattle, WA",King,"47.561016, -122.380867",1_33220,50,SW Alaska St & Fauntleroy Way SW,50 - Alki - SODO - Othello Station,Seattle,,
"Fairmount Park, West Seattle","Seattle, WA",King,"47.561001, -122.377090",1_33221,50,SW Alaska St & 36th Ave SW,50 - Alki - SODO - Othello Station,Seattle,,
"Delridge, North Delridge","Seattle, WA",King,"47.563568, -122.376099",1_22820,21,35th Ave SW & SW Avalon Way,50 - Alki - SODO - Othello Station,Seattle,,
"Delridge, North Delridge","Seattle, WA",King,"47.564648, -122.370361",1_19922,50,SW Genesee St & 30th Ave SW,50 - Alki - SODO - Othello Station,Seattle,,
"Delridge, North Delridge","Seattle, WA",King,"47.565006, -122.363213",1_21600,50,Delridge Way SW & SW Genesee St,50 - Alki - SODO - Othello Station,Seattle,,
"Delridge, North Delridge","Seattle, WA",King,"47.567940, -122.363190",1_21620,50,Delridge Way SW & SW Andover St,50 - Alki - SODO - Othello Station,Seattle,,
Industrial District,"Seattle, WA",King,"47.572342, -122.333992",1_15190,21,1st Ave S & S Spokane St,50 - Alki - SODO - Othello Station,Seattle,,
Industrial District,"Seattle, WA",King,"47.575924, -122.334106",1_15205,21,1st Ave S & S Hanford St,50 - Alki - SODO - Othello Station,Seattle,,
Industrial District,"Seattle, WA",King,"47.579681, -122.334106",1_15230,21,1st Ave S & S Lander St,50 - Alki - SODO - Othello Station,Seattle,,
Industrial District,"Seattle, WA",King,"47.578999, -122.327614",1_99263,50,SODO Busway & S Lander St,50 - Alki - SODO - Othello Station,Seattle,,
Industrial District,"Seattle, WA",King,"47.571793, -122.327576",1_99253,50,SODO Busway & S Spokane St,50 - Alki - SODO - Othello Station,Seattle,,
"Beacon Hill, Mid-Beacon Hill (Maplewood)","Seattle, WA",King,"47.571354, -122.314514",1_30770,50,S Columbian Way & S Spokane St,50 - Alki - SODO - Othello Station,Seattle,,
"Beacon Hill, Mid-Beacon Hill (Maplewood)","Seattle, WA",King,"47.566994, -122.313576",1_30790,50,15th Ave S & S Dakota St,50 - Alki - SODO - Othello Station,Seattle,,
"Beacon Hill, Mid-Beacon Hill (Maplewood)","Seattle, WA",King,"47.565064, -122.313599",1_30800,50,15th Ave S & S Nevada St,50 - Alki - SODO - Othello Station,Seattle,,
,"Seattle, WA",King,"47.563397, -122.313080",1_30489,50,S Columbian Way & S Oregon St,50 - Alki - SODO - Othello Station,Seattle,,
"Beacon Hill, North Beacon Hill","Seattle, WA",King,"47.563824, -122.309158",1_30453,50,Veterans Administration Hospital,50 - Alki - SODO - Othello Station,Seattle,,
"Beacon Hill, Mid-Beacon Hill (Maplewood)","Seattle, WA",King,"47.561768, -122.310844",1_30820,50,S Columbian Way & S Snoqualmie St,50 - Alki - SODO - Othello Station,Seattle,,
"Beacon Hill, Mid-Beacon Hill (Maplewood)","Seattle, WA",King,"47.559635, -122.303886",1_36680,50,S Columbian Way & Beacon Ave S,50 - Alki - SODO - Othello Station,Seattle,,
"Beacon Hill, Mid-Beacon Hill (Maplewood)","Seattle, WA",King,"47.560528, -122.300735",1_36690,50,S Columbian Way & S Americus St,50 - Alki - SODO - Othello Station,Seattle,,
"Beacon Hill, Mid-Beacon Hill (Maplewood)","Seattle, WA",King,"47.561039, -122.295639",1_36700,50,S Alaska St & S Alaska Pl,50 - Alki - SODO - Othello Station,Seattle,,
"Columbia City, Rainier Valley","Seattle, WA",King,"47.560734, -122.292221",1_36711,50,S Alaska St & Martin Luther King Junior Way S,50 - Alki - SODO - Othello Station,Seattle,,
"Columbia City, Rainier Valley","Seattle, WA",King,"47.560654, -122.289024",1_36720,50,S Alaska St & 35th Ave S,50 - Alki - SODO - Othello Station,Seattle,,
"Columbia City, Rainier Valley","Seattle, WA",King,"47.561127, -122.287209",1_8310,7,Rainier Ave S & S Alaska St,50 - Alki - SODO - Othello Station,Seattle,,
"Columbia City, Rainier Valley","Seattle, WA",King,"47.564041, -122.287170",1_34910,50,S Genesee St & 36th Ave S,50 - Alki - SODO - Othello Station,Seattle,,
"Columbia City, Rainier Valley","Seattle, WA",King,"47.564087, -122.282478",1_34930,50,S Genesee St & Cascadia Ave S,50 - Alki - SODO - Othello Station,Seattle,,
"Columbia City, Rainier Valley","Seattle, WA",King,"47.564014, -122.279694",1_34940,50,S Genesee St & 42nd Ave S,50 - Alki - SODO - Othello Station,Seattle,,
Seward Park,"Seattle, WA",King,"47.564026, -122.275436",1_34960,50,S Genesee St & 46th Ave S,50 - Alki - SODO - Othello Station,Seattle,,
Seward Park,"Seattle, WA",King,"47.563808, -122.270844",1_34980,50,50th Ave S & S Genesee St,50 - Alki - SODO - Othello Station,Seattle,,
Seward Park,"Seattle, WA",King,"47.560379, -122.270813",1_35000,50,50th Ave S & S Alaska St,50 - Alki - SODO - Othello Station,Seattle,,
Seward Park,"Seattle, WA",King,"47.556869, -122.270760",1_35020,50,Wilson Ave S & S Hudson St,50 - Alki - SODO - Othello Station,Seattle,,
Seward Park,"Seattle, WA",King,"47.554997, -122.270065",1_35030,50,Wilson Ave S & S Dawson St,50 - Alki - SODO - Othello Station,Seattle,,
Seward Park,"Seattle, WA",King,"47.552010, -122.266960",1_35050,50,Wilson Ave S & S Findlay St,50 - Alki - SODO - Othello Station,Seattle,,
Seward Park,"Seattle, WA",King,"47.551048, -122.264748",1_35060,50,S Orcas St & 55th Ave S,50 - Alki - SODO - Othello Station,Seattle,,
Seward Park,"Seattle, WA",King,"47.550846, -122.262100",1_35070,50,Seward Park Ave S & S Orcas St,50 - Alki - SODO - Othello Station,Seattle,,
Seward Park,"Seattle, WA",King,"47.549560, -122.258919",1_35080,50,Seward Park Ave S & S Juneau St,50 - Alki - SODO - Othello Station,Seattle,,
Seward Park,"Seattle, WA",King,"47.546448, -122.262016",1_35100,50,Seward Park Ave S & Oakhurst Rd S,50 - Alki - SODO - Othello Station,Seattle,,
Seward Park,"Seattle, WA",King,"47.544106, -122.264290",1_35110,50,Seward Park Ave S & S Morgan St,50 - Alki - SODO - Othello Station,Seattle,,
Seward Park,"Seattle, WA",King,"47.542232, -122.264748",1_35120,50,Seward Park Ave S & S Holly St,50 - Alki - SODO - Othello Station,Seattle,,
"Brighton, Rainier Valley","Seattle, WA",King,"47.538708, -122.267349",1_35140,50,Seward Park Ave S & S Myrtle St,50 - Alki - SODO - Othello Station,Seattle,,
"Brighton, Rainier Valley","Seattle, WA",King,"47.537113, -122.267372",1_35149,50,Seward Park Ave S & S Othello St,50 - Alki - SODO - Othello Station,Seattle,,
"Brighton, Rainier Valley","Seattle, WA",King,"47.537029, -122.270760",1_45610,50,S Othello St & Rainier Ave S,50 - Alki - SODO - Othello Station,Seattle,,
"Brighton, Rainier Valley","Seattle, WA",King,"47.537132, -122.275696",1_45630,50,S Othello St & 46th Ave S,50 - Alki - SODO - Othello Station,Seattle,,
"Beacon Hill, NewHolly (Holly Park)","Seattle, WA",King,"47.537128, -122.281830",1_45651,36,S Othello St & Martin L King Jr Way S,50 - Alki - SODO - Othello Station,Seattle,,
,"Seattle, WA",King,"47.538601, -122.284615",1_45648,50,38th Ave S & S Myrtle St,50 - Alki - SODO - Othello Station,Seattle,,
Belltown,"Seattle, WA",King,"47.614300, -122.344269",1_400,1,3rd Ave & Bell St,56 - Alki - Admiral District - Seattle,Seattle,,
Belltown,"Seattle, WA",King,"47.612438, -122.341110",1_420,1,3rd Ave & Virginia St,56 - Alki - Admiral District - Seattle,Seattle,,
Central Business District,"Seattle, WA",King,"47.609791, -122.337959",1_431,21,3rd Ave & Pike St,56 - Alki - Admiral District - Seattle,Seattle,,
Central Business District,"Seattle, WA",King,"47.606442, -122.334900",1_468,21,3rd Ave & Seneca St,56 - Alki - Admiral District - Seattle,Seattle,,
Central Business District,"Seattle, WA",King,"47.604263, -122.332901",1_481,21,3rd Ave & Columbia St,56 - Alki - Admiral District - Seattle,Seattle,,
,"Seattle, WA",King,"47.602615, -122.336784",1_1558,21,Columbia St & Alaskan Way,56 - Alki - Admiral District - Seattle,Seattle,,
Pioneer Square,County:,King,"47.598717, -122.335960",1_1562,21,Alaskan Way S & S Jackson St,56 - Alki - Admiral District - Seattle,Seattle,,
"North Admiral, West Seattle","Seattle, WA",King,"47.574043, -122.373474",1_15480,56,SW Admiral Way & SW City View St,56 - Alki - Admiral District - Seattle,Seattle,,
"North Admiral, West Seattle","Seattle, WA",King,"47.580132, -122.376564",1_15500,56,SW Admiral Way & SW Olga St,56 - Alki - Admiral District - Seattle,Seattle,,
"North Admiral, West Seattle","Seattle, WA",King,"47.581253, -122.380676",1_15521,56,SW Admiral Way & 38th Ave SW,56 - Alki - Admiral District - Seattle,Seattle,,
"North Admiral, West Seattle","Seattle, WA",King,"47.581245, -122.384743",1_15532,56,SW Admiral Way & 41st Ave SW,56 - Alki - Admiral District - Seattle,Seattle,,
"North Admiral, West Seattle","Seattle, WA",King,"47.581268, -122.386871",1_15540,50,SW Admiral Way & California Ave SW,56 - Alki - Admiral District - Seattle,Seattle,,
"North Admiral, West Seattle","Seattle, WA",King,"47.581047, -122.392273",1_15570,50,SW Admiral Way & SW Waite St,56 - Alki - Admiral District - Seattle,Seattle,,
"North Admiral, West Seattle","Seattle, WA",King,"47.579819, -122.393707",1_15580,50,SW Admiral Way & 49th Ave SW,56 - Alki - Admiral District - Seattle,Seattle,,
"North Admiral, West Seattle","Seattle, WA",King,"47.579334, -122.397163",1_15588,50,SW Admiral Way & 51st Ave SW,56 - Alki - Admiral District - Seattle,Seattle,,
"Alki, West Seattle","Seattle, WA",King,"47.578899, -122.400673",1_15610,50,SW Admiral Way & SW Lander St,56 - Alki - Admiral District - Seattle,Seattle,,
"Alki, West Seattle","Seattle, WA",King,"47.577168, -122.405319",1_15630,50,SW Admiral Way & 57th Ave SW,56 - Alki - Admiral District - Seattle,Seattle,,
"Alki, West Seattle","Seattle, WA",King,"47.575974, -122.410660",1_15650,50,SW Admiral Way & 61st Ave SW,56 - Alki - Admiral District - Seattle,Seattle,,
"Alki, West Seattle","Seattle, WA",King,"47.576240, -122.413239",1_15651,50,63rd Ave SW & SW Admiral Way,56 - Alki - Admiral District - Seattle,Seattle,,
"Alki, West Seattle","Seattle, WA",King,"47.578209, -122.413185",1_15652,50,63rd Ave SW & Alki Ave SW,56 - Alki - Admiral District - Seattle,Seattle,,
"Alki, West Seattle","Seattle, WA",King,"47.578995, -122.410797",1_14960,50,Alki Ave SW & 61st Ave SW,56 - Alki - Admiral District - Seattle,Seattle,,
Belltown,"Seattle, WA",King,"47.614300, -122.344269",1_400,1,3rd Ave & Bell St,57 - Alaska Junction - Seattle,Seattle,,
Belltown,"Seattle, WA",King,"47.612438, -122.341110",1_420,1,3rd Ave & Virginia St,57 - Alaska Junction - Seattle,Seattle,,
Central Business District,"Seattle, WA",King,"47.609791, -122.337959",1_431,21,3rd Ave & Pike St,57 - Alaska Junction - Seattle,Seattle,,
Central Business District,"Seattle, WA",King,"47.606442, -122.334900",1_468,21,3rd Ave & Seneca St,57 - Alaska Junction - Seattle,Seattle,,
Central Business District,"Seattle, WA",King,"47.604263, -122.332901",1_481,21,3rd Ave & Columbia St,57 - Alaska Junction - Seattle,Seattle,,
,"Seattle, WA",King,"47.602615, -122.336784",1_1558,21,Columbia St & Alaskan Way,57 - Alaska Junction - Seattle,Seattle,,
Pioneer Square,County:,King,"47.598717, -122.335960",1_1562,21,Alaskan Way S & S Jackson St,57 - Alaska Junction - Seattle,Seattle,,
"North Admiral, West Seattle","Seattle, WA",King,"47.574043, -122.373474",1_15480,56,SW Admiral Way & SW City View St,57 - Alaska Junction - Seattle,Seattle,,
"North Admiral, West Seattle","Seattle, WA",King,"47.580132, -122.376564",1_15500,56,SW Admiral Way & SW Olga St,57 - Alaska Junction - Seattle,Seattle,,
"North Admiral, West Seattle","Seattle, WA",King,"47.581253, -122.380676",1_15521,56,SW Admiral Way & 38th Ave SW,57 - Alaska Junction - Seattle,Seattle,,
"North Admiral, West Seattle","Seattle, WA",King,"47.581245, -122.384743",1_15532,56,SW Admiral Way & 41st Ave SW,57 - Alaska Junction - Seattle,Seattle,,
"North Admiral, West Seattle","Seattle, WA",King,"47.581268, -122.386871",1_15540,50,SW Admiral Way & California Ave SW,57 - Alaska Junction - Seattle,Seattle,,
"North Admiral, West Seattle","Seattle, WA",King,"47.581047, -122.392273",1_15570,50,SW Admiral Way & SW Waite St,57 - Alaska Junction - Seattle,Seattle,,
"North Admiral, West Seattle","Seattle, WA",King,"47.579819, -122.393707",1_15580,50,SW Admiral Way & 49th Ave SW,57 - Alaska Junction - Seattle,Seattle,,
"North Admiral, West Seattle","Seattle, WA",King,"47.577248, -122.394264",1_39475,57,49th Ave SW & SW Stevens St,57 - Alaska Junction - Seattle,Seattle,,
"North Admiral, West Seattle","Seattle, WA",King,"47.575577, -122.394730",1_39476,57,49th Ave SW & SW Hanford St,57 - Alaska Junction - Seattle,Seattle,,
"North Admiral, West Seattle","Seattle, WA",King,"47.573666, -122.394836",1_39477,57,49th Ave SW & SW Hinds St,57 - Alaska Junction - Seattle,Seattle,,
"North Admiral, West Seattle","Seattle, WA",King,"47.571861, -122.394852",1_39479,57,49th Ave SW & SW Spokane St,57 - Alaska Junction - Seattle,Seattle,,
"North Admiral, West Seattle","Seattle, WA",King,"47.570362, -122.395332",1_39480,57,SW Charlestown St & 49th Ave SW,57 - Alaska Junction - Seattle,Seattle,,
"North Admiral, West Seattle","Seattle, WA",King,"47.570385, -122.397789",1_39490,57,SW Charlestown St & 51st Ave SW,57 - Alaska Junction - Seattle,Seattle,,
"North Admiral, West Seattle","Seattle, WA",King,"47.570427, -122.400436",1_39500,57,SW Charlestown St & 53rd Ave SW,57 - Alaska Junction - Seattle,Seattle,,
"Alki, West Seattle","Seattle, WA",King,"47.570023, -122.402939",1_39510,57,55th Ave SW & SW Charlestown St,57 - Alaska Junction - Seattle,Seattle,,
"Alki, West Seattle","Seattle, WA",King,"47.568398, -122.402908",1_39520,57,55th Ave SW & SW Andover St,57 - Alaska Junction - Seattle,Seattle,,
"Alki, West Seattle","Seattle, WA",King,"47.566803, -122.402924",1_39530,57,55th Ave SW & SW Dakota St,57 - Alaska Junction - Seattle,Seattle,,
"Alki, West Seattle","Seattle, WA",King,"47.565166, -122.402954",1_39540,57,55th Ave SW & SW Genesee St,57 - Alaska Junction - Seattle,Seattle,,
"Alki, West Seattle","Seattle, WA",King,"47.564762, -122.399864",1_39550,57,SW Genesee St & 53rd Ave SW,57 - Alaska Junction - Seattle,Seattle,,
"Genesee, West Seattle","Seattle, WA",King,"47.564743, -122.397217",1_39560,57,SW Genesee St & 51st Ave SW,57 - Alaska Junction - Seattle,Seattle,,
"Genesee, West Seattle","Seattle, WA",King,"47.564720, -122.394455",1_39750,57,SW Genesee St & 49th Ave SW,57 - Alaska Junction - Seattle,Seattle,,
"Genesee, West Seattle","Seattle, WA",King,"47.564693, -122.391777",1_39760,57,SW Genesee St & 47th Ave SW,57 - Alaska Junction - Seattle,Seattle,,
"Genesee, West Seattle","Seattle, WA",King,"47.564453, -122.390724",1_39770,57,Glenn Way SW & 46th Ave SW,57 - Alaska Junction - Seattle,Seattle,,
"Genesee, West Seattle, West Seattle Junction","Seattle, WA",King,"47.561070, -122.387527",1_31811,50,SW Alaska St & 44th Ave SW - Bay 2,57 - Alaska Junction - Seattle,Seattle,,
"Broadway, Capitol Hill","Seattle, WA",King,"47.623951, -122.319992",1_11191,60,10th Ave E & E Mercer St,60 - Westwood Village -  Georgetown - Broadway,Seattle,,
"Broadway, Capitol Hill","Seattle, WA",King,"47.622894, -122.321014",1_11040,9,Broadway E & E Republican St,60 - Westwood Village -  Georgetown - Broadway,Seattle,,
"Broadway, Capitol Hill","Seattle, WA",King,"47.620815, -122.320992",1_11050,9,Broadway E & E Thomas St,60 - Westwood Village -  Georgetown - Broadway,Seattle,,
"Broadway, Capitol Hill","Seattle, WA",King,"47.618538, -122.320946",1_11060,9,Broadway & E Denny Way,60 - Westwood Village -  Georgetown - Broadway,Seattle,,
"Broadway, Capitol Hill","Seattle, WA",King,"47.616192, -122.320923",1_11070,9,Broadway & E Pine St,60 - Westwood Village -  Georgetown - Broadway,Seattle,,
"Broadway, Capitol Hill","Seattle, WA",King,"47.614140, -122.320885",1_41980,9,Broadway & E Pike St,60 - Westwood Village -  Georgetown - Broadway,Seattle,,
First Hill,"Seattle, WA",King,"47.612713, -122.320885",1_41982,9,Broadway & E Union St,60 - Westwood Village -  Georgetown - Broadway,Seattle,,
First Hill,"Seattle, WA",King,"47.610867, -122.321686",1_13264,60,Madison St & Boylston Ave,60 - Westwood Village -  Georgetown - Broadway,Seattle,,
First Hill,"Seattle, WA",King,"47.609627, -122.324638",1_13266,60,Madison St & Boren Ave,60 - Westwood Village -  Georgetown - Broadway,Seattle,,
First Hill,"Seattle, WA",King,"47.607433, -122.326591",1_41990,60,9th Ave & Marion St,60 - Westwood Village -  Georgetown - Broadway,Seattle,,
First Hill,"Seattle, WA",King,"47.606091, -122.325363",1_42000,60,9th Ave & Cherry St,60 - Westwood Village -  Georgetown - Broadway,Seattle,,
Yesler Terrace,"Seattle, WA",King,"47.604874, -122.324242",1_12910,3,9th Ave & Jefferson St,60 - Westwood Village -  Georgetown - Broadway,Seattle,,
Yesler Terrace,"Seattle, WA",King,"47.603474, -122.322968",1_42010,60,9th Ave & Alder St,60 - Westwood Village -  Georgetown - Broadway,Seattle,,
,"Seattle, WA",King,"47.601691, -122.320065",,27,E Yesler Way & Broadway,60 - Westwood Village -  Georgetown - Broadway,Seattle,,
International District,"Seattle, WA",King,"47.598652, -122.317329",1_3700,36,12th Ave S & S Jackson St,60 - Westwood Village -  Georgetown - Broadway,Seattle,,
International District,"Seattle, WA",King,"47.597305, -122.317329",1_3710,36,12th Ave S & S Weller St,60 - Westwood Village -  Georgetown - Broadway,Seattle,,
"Beacon Hill, North Beacon Hill","Seattle, WA",King,"47.592270, -122.314941",1_3735,36,14th Ave S & Golf Dr S,60 - Westwood Village -  Georgetown - Broadway,Seattle,,
"Beacon Hill, North Beacon Hill","Seattle, WA",King,"47.588184, -122.314964",1_3760,36,14th Ave S & S Massachusetts St,60 - Westwood Village -  Georgetown - Broadway,Seattle,,
"Beacon Hill, North Beacon Hill","Seattle, WA",King,"47.586136, -122.314774",1_3770,36,14th Ave S & S Holgate St,60 - Westwood Village -  Georgetown - Broadway,Seattle,,
"Beacon Hill, North Beacon Hill","Seattle, WA",King,"47.584339, -122.314789",1_3778,36,14th Ave S & S Hill St,60 - Westwood Village -  Georgetown - Broadway,Seattle,,
"Beacon Hill, North Beacon Hill","Seattle, WA",King,"47.581291, -122.314186",1_3800,36,Beacon Ave S & S Bayview St,60 - Westwood Village -  Georgetown - Broadway,Seattle,,
"Beacon Hill, North Beacon Hill","Seattle, WA",King,"47.579048, -122.312096",1_3810,36,Beacon Ave S & S Lander St,60 - Westwood Village -  Georgetown - Broadway,Seattle,,
"Beacon Hill, North Beacon Hill","Seattle, WA",King,"47.576675, -122.313477",1_42048,60,15th Ave S & S Stevens St,60 - Westwood Village -  Georgetown - Broadway,Seattle,,
"Beacon Hill, North Beacon Hill","Seattle, WA",King,"47.574898, -122.313492",1_42050,60,15th Ave S & S Hanford St,60 - Westwood Village -  Georgetown - Broadway,Seattle,,
"Beacon Hill, North Beacon Hill","Seattle, WA",King,"47.571434, -122.313515",1_42070,60,15th Ave S & S Spokane St,60 - Westwood Village -  Georgetown - Broadway,Seattle,,
"Beacon Hill, Mid-Beacon Hill (Maplewood)","Seattle, WA",King,"47.566994, -122.313576",1_30790,50,15th Ave S & S Dakota St,60 - Westwood Village -  Georgetown - Broadway,Seattle,,
"Beacon Hill, Mid-Beacon Hill (Maplewood)","Seattle, WA",King,"47.565064, -122.313599",1_30800,50,15th Ave S & S Nevada St,60 - Westwood Village -  Georgetown - Broadway,Seattle,,
"Beacon Hill, Mid-Beacon Hill (Maplewood)","Seattle, WA",King,"47.563099, -122.313614",1_42080,60,15th Ave S & S Oregon St,60 - Westwood Village -  Georgetown - Broadway,Seattle,,
"Beacon Hill, Mid-Beacon Hill (Maplewood)","Seattle, WA",King,"47.560703, -122.313515",1_42091,60,15th Ave S & S Angeline St,60 - Westwood Village -  Georgetown - Broadway,Seattle,,
"Beacon Hill, Mid-Beacon Hill (Maplewood)","Seattle, WA",King,"47.557678, -122.313545",1_42105,60,15th Ave S & S Shelton St,60 - Westwood Village -  Georgetown - Broadway,Seattle,,
"Beacon Hill, Mid-Beacon Hill (Maplewood)","Seattle, WA",King,"47.555412, -122.313560",1_42120,60,15th Ave S & S Dawson St,60 - Westwood Village -  Georgetown - Broadway,Seattle,,
"Beacon Hill, Mid-Beacon Hill (Maplewood)","Seattle, WA",King,"47.553169, -122.313583",1_42130,60,15th Ave S & S Lucile St,60 - Westwood Village -  Georgetown - Broadway,Seattle,,
"Beacon Hill, Mid-Beacon Hill (Maplewood)","Seattle, WA",King,"47.551609, -122.313583",1_42140,60,15th Ave S & S Orcas St,60 - Westwood Village -  Georgetown - Broadway,Seattle,,
Georgetown,"Seattle, WA",King,"47.547573, -122.316208",1_41740,60,13th Ave S & S Bailey St,60 - Westwood Village -  Georgetown - Broadway,Seattle,,
Georgetown,"Seattle, WA",King,"47.543800, -122.319077",1_46022,60,Ellis Ave S & S Warsaw St,60 - Westwood Village -  Georgetown - Broadway,Seattle,,
Georgetown,"Seattle, WA",King,"47.539543, -122.320457",1_46025,60,Ellis Ave S & S Myrtle St,60 - Westwood Village -  Georgetown - Broadway,Seattle,,
Georgetown,"Seattle, WA",King,"47.535629, -122.315598",1_79569,60,East Marginal Way S & S Webster St,60 - Westwood Village -  Georgetown - Broadway,Seattle,,
Georgetown,"Seattle, WA",King,"47.533485, -122.313354",1_31660,60,16th Ave S & East Marginal Way S,60 - Westwood Village -  Georgetown - Broadway,Seattle,,
South Park,"Seattle, WA",King,"47.526920, -122.314995",1_31670,60,14th Ave S & S Cloverdale St,60 - Westwood Village -  Georgetown - Broadway,Seattle,,
South Park,"Seattle, WA",King,"47.526520, -122.318123",1_31680,60,S Cloverdale St & 12th Ave S,60 - Westwood Village -  Georgetown - Broadway,Seattle,,
South Park,"Seattle, WA",King,"47.526535, -122.323273",1_31700,60,S Cloverdale St & 8th Ave S,60 - Westwood Village -  Georgetown - Broadway,Seattle,,
South Park,"Seattle, WA",King,"47.526550, -122.328094",1_31720,60,S Cloverdale St & 5th Ave S,60 - Westwood Village -  Georgetown - Broadway,Seattle,,
Delridge,"Seattle, WA",King,"47.519611, -122.336197",1_21141,60,Olson-Myers Way P&R,60 - Westwood Village -  Georgetown - Broadway,Seattle,,
Delridge,"Seattle, WA",King,"47.519692, -122.338547",1_21150,60,Olson Pl SW & 3rd Ave SW,60 - Westwood Village -  Georgetown - Broadway,Seattle,,
Delridge,"Seattle, WA",King,"47.517353, -122.342178",1_21170,60,SW Roxbury St & 5th Pl SW,60 - Westwood Village -  Georgetown - Broadway,Seattle,,
Delridge,"Seattle, WA",King,"47.517376, -122.345825",1_31560,60,SW Roxbury St & 8th Ave SW,60 - Westwood Village -  Georgetown - Broadway,Seattle,,
Delridge,"Seattle, WA",King,"47.517406, -122.350494",1_31580,60,SW Roxbury St & 12th Ave SW,60 - Westwood Village -  Georgetown - Broadway,Seattle,,
Delridge,"Seattle, WA",King,"47.517437, -122.353569",1_31590,60,SW Roxbury St & 15th Ave SW - Bay 4,60 - Westwood Village -  Georgetown - Broadway,Seattle,,
"Delridge, South Delridge","Seattle, WA",King,"47.519421, -122.356903",1_21310,60,Delridge Way SW & SW Cambridge St,60 - Westwood Village -  Georgetown - Broadway,Seattle,,
"Delridge, South Delridge","Seattle, WA",King,"47.520874, -122.358200",1_21320,60,Delridge Way SW & SW Barton St,60 - Westwood Village -  Georgetown - Broadway,Seattle,,
,"Seattle, WA",King,"47.523251, -122.360252",1_22184,22,Delridge Way SW & SW Henderson St,60 - Westwood Village -  Georgetown - Broadway,Seattle,,
"Delridge, Roxhill","Seattle, WA",King,"47.523994, -122.364632",1_39976,60,25th Ave SW & SW Trenton St,60 - Westwood Village -  Georgetown - Broadway,Seattle,,
International District,"Seattle, WA",King,"47.599266, -122.328384",1_1530,1,S Jackson St & 5th Ave S,62 - Sand Point - Roosevelt - Seattle,Seattle,,
Pioneer Square,"Seattle, WA",King,"47.602642, -122.331184",1_531,5,3rd Ave & James St,62 - Sand Point - Roosevelt - Seattle,Seattle,,
Central Business District,"Seattle, WA",King,"47.605541, -122.333832",1_548,5,3rd Ave & Madison St,62 - Sand Point - Roosevelt - Seattle,Seattle,,
Central Business District,"Seattle, WA",King,"47.608688, -122.336700",1_570,5,3rd Ave & Union St,62 - Sand Point - Roosevelt - Seattle,Seattle,,
Central Business District,"Seattle, WA",King,"47.611137, -122.338951",1_590,5,3rd Ave & Pine St,62 - Sand Point - Roosevelt - Seattle,Seattle,,
"Belltown, Denny Regrade","Seattle, WA",King,"47.612995, -122.341743",1_600,1,3rd Ave & Virginia St,62 - Sand Point - Roosevelt - Seattle,Seattle,,
,"Seattle, WA",King,"47.616878, -122.340385",1_6220,62,7th Ave & Blanchard St,62 - Sand Point - Roosevelt - Seattle,Seattle,,
Cascade,"Seattle, WA",King,"47.618942, -122.342300",1_6240,62,Dexter Ave N & Denny Way,62 - Sand Point - Roosevelt - Seattle,Seattle,,
Cascade,"Seattle, WA",King,"47.622402, -122.342270",1_18455,62,Dexter Ave N & Harrison St,62 - Sand Point - Roosevelt - Seattle,Seattle,,
Cascade,"Seattle, WA",King,"47.625324, -122.342247",1_18465,62,Dexter Ave N & Mercer St,62 - Sand Point - Roosevelt - Seattle,Seattle,,
"Cascade, Westlake","Seattle, WA",King,"47.627407, -122.342216",1_18480,62,Dexter Ave N & Aloha St,62 - Sand Point - Roosevelt - Seattle,Seattle,,
"Cascade, Westlake","Seattle, WA",King,"47.632572, -122.342178",1_18505,62,Dexter Ave N & Galer St,62 - Sand Point - Roosevelt - Seattle,Seattle,,
"Cascade, Westlake","Seattle, WA",King,"47.636108, -122.342369",1_18530,62,Dexter Ave N & Newton St,62 - Sand Point - Roosevelt - Seattle,Seattle,,
Queen Anne,"Seattle, WA",King,"47.638100, -122.343513",1_18540,62,Dexter Ave N & Crockett St,62 - Sand Point - Roosevelt - Seattle,Seattle,,
Queen Anne,"Seattle, WA",King,"47.641213, -122.344543",1_18550,62,Dexter Ave N & Wheeler St,62 - Sand Point - Roosevelt - Seattle,Seattle,,
Queen Anne,"Seattle, WA",King,"47.643898, -122.345978",1_18580,62,Dexter Ave N & 4th Ave N,62 - Sand Point - Roosevelt - Seattle,Seattle,,
Queen Anne,"Seattle, WA",King,"47.645462, -122.349037",1_18590,62,Dexter Ave N & 4th Ave N,62 - Sand Point - Roosevelt - Seattle,Seattle,,
Fremont,"Seattle, WA",King,"47.649860, -122.349678",1_26860,31,Fremont Ave N & N 34th St,62 - Sand Point - Roosevelt - Seattle,Seattle,,
Fremont,"Seattle, WA",King,"47.650032, -122.347054",1_26870,31,N 35th St & Troll Ave N,62 - Sand Point - Roosevelt - Seattle,Seattle,,
Fremont,"Seattle, WA",King,"47.649509, -122.343643",1_26885,31,N 35th St & Woodland Park Ave N,62 - Sand Point - Roosevelt - Seattle,Seattle,,
Wallingford,"Seattle, WA",King,"47.652939, -122.342468",1_7498,62,Stone Way N & N 38th St,62 - Sand Point - Roosevelt - Seattle,Seattle,,
Wallingford,"Seattle, WA",King,"47.655159, -122.342354",1_7500,62,Stone Way N & N 40th St,62 - Sand Point - Roosevelt - Seattle,Seattle,,
Wallingford,"Seattle, WA",King,"47.658264, -122.342209",1_7520,62,Stone Way N & N 42nd St,62 - Sand Point - Roosevelt - Seattle,Seattle,,
Wallingford,"Seattle, WA",King,"47.660576, -122.342079",1_7530,62,Stone Way N & N Allen Pl,62 - Sand Point - Roosevelt - Seattle,Seattle,,
Wallingford,"Seattle, WA",King,"47.661320, -122.341660",1_29231,44,N 45th St & Stone Way N,62 - Sand Point - Roosevelt - Seattle,Seattle,,
Wallingford,"Seattle, WA",King,"47.661316, -122.338692",1_29232,44,N 45th St & Woodlawn Ave N,62 - Sand Point - Roosevelt - Seattle,Seattle,,
Wallingford,"Seattle, WA",King,"47.661316, -122.335442",1_17410,44,N 45th St & Wallingford Ave N,62 - Sand Point - Roosevelt - Seattle,Seattle,,
Wallingford,"Seattle, WA",King,"47.661663, -122.333626",1_17420,62,Meridian Ave N & N 45th St,62 - Sand Point - Roosevelt - Seattle,Seattle,,
Wallingford,"Seattle, WA",King,"47.663933, -122.333626",1_17440,62,Meridian Ave N & N 49th St,62 - Sand Point - Roosevelt - Seattle,Seattle,,
Wallingford,"Seattle, WA",King,"47.667378, -122.333595",1_17460,62,Meridian Ave N & N 53rd St,62 - Sand Point - Roosevelt - Seattle,Seattle,,
Wallingford,"Seattle, WA",King,"47.668667, -122.332603",1_17470,62,N 56th St & Keystone Pl N,62 - Sand Point - Roosevelt - Seattle,Seattle,,
Wallingford,"Seattle, WA",King,"47.671535, -122.333275",1_17490,62,Kirkwood Pl N & N 59th St,62 - Sand Point - Roosevelt - Seattle,Seattle,,
Green Lake,"Seattle, WA",King,"47.674355, -122.333160",1_17510,62,Woodlawn Ave N & N 63rd St,62 - Sand Point - Roosevelt - Seattle,Seattle,,
Green Lake,"Seattle, WA",King,"47.677475, -122.329132",1_17530,62,Woodlawn Ave NE & Sunnyside Ave N,62 - Sand Point - Roosevelt - Seattle,Seattle,,
Green Lake,"Seattle, WA",King,"47.678459, -122.324860",1_16390,45,NE Ravenna Blvd & Woodlawn Ave NE,62 - Sand Point - Roosevelt - Seattle,Seattle,,
Green Lake,"Seattle, WA",King,"47.677311, -122.323807",1_16400,45,NE Ravenna Blvd & NE 68th St,62 - Sand Point - Roosevelt - Seattle,Seattle,,
,"Seattle, WA",King,"47.675785, -122.320129",1_16416,45,NE 65th St & 8th Ave NE,62 - Sand Point - Roosevelt - Seattle,Seattle,,
Roosevelt,"Seattle, WA",King,"47.675751, -122.316673",1_16430,45,NE 65th St & Roosevelt Way NE,62 - Sand Point - Roosevelt - Seattle,Seattle,,
Roosevelt,"Seattle, WA",King,"47.675720, -122.312683",1_37359,45,NE 65th St & 14th Ave NE,62 - Sand Point - Roosevelt - Seattle,Seattle,,
Ravenna,"Seattle, WA",King,"47.675720, -122.310539",1_37360,62,NE 65th St & 16th Ave NE,62 - Sand Point - Roosevelt - Seattle,Seattle,,
,"Seattle, WA",King,"47.675709, -122.306252",1_37381,62,NE 65th St & 20th Ave NE,62 - Sand Point - Roosevelt - Seattle,Seattle,,
Ravenna,"Seattle, WA",King,"47.675709, -122.302414",1_37400,62,NE 65th St & 23rd Ave NE,62 - Sand Point - Roosevelt - Seattle,Seattle,,
Ravenna,"Seattle, WA",King,"47.675705, -122.300278",1_37410,62,NE 65th St & 25th Ave NE,62 - Sand Point - Roosevelt - Seattle,Seattle,,
Ravenna,"Seattle, WA",King,"47.675709, -122.298218",1_37420,62,NE 65th St & 27th Ave NE,62 - Sand Point - Roosevelt - Seattle,Seattle,,
Ravenna,"Seattle, WA",King,"47.675709, -122.296043",1_37430,62,NE 65th St & 29th Ave NE,62 - Sand Point - Roosevelt - Seattle,Seattle,,
Ravenna,"Seattle, WA",King,"47.675720, -122.293968",1_37440,62,NE 65th St & 31st Ave NE,62 - Sand Point - Roosevelt - Seattle,Seattle,,
Ravenna,"Seattle, WA",King,"47.675720, -122.291924",1_37450,62,NE 65th St & 33rd Ave NE,62 - Sand Point - Roosevelt - Seattle,Seattle,,
Bryant,"Seattle, WA",King,"47.675720, -122.289970",1_37460,62,NE 65th St & 35th Ave NE,62 - Sand Point - Roosevelt - Seattle,Seattle,,
Bryant,"Seattle, WA",King,"47.675720, -122.286552",1_37470,62,NE 65th St & 38th Ave NE,62 - Sand Point - Roosevelt - Seattle,Seattle,,
Bryant,"Seattle, WA",King,"47.675720, -122.284561",1_37480,62,NE 65th St & 40th Ave NE,62 - Sand Point - Roosevelt - Seattle,Seattle,,
Bryant,"Seattle, WA",King,"47.675720, -122.281921",1_37490,62,NE 65th St & 43rd Ave NE,62 - Sand Point - Roosevelt - Seattle,Seattle,,
Windermere,"Seattle, WA",King,"47.675720, -122.279221",1_37500,62,NE 65th St & 45th Ave NE,62 - Sand Point - Roosevelt - Seattle,Seattle,,
Windermere,"Seattle, WA",King,"47.675716, -122.276947",1_37510,62,NE 65th St & Wellesley Way NE,62 - Sand Point - Roosevelt - Seattle,Seattle,,
Windermere,"Seattle, WA",King,"47.675686, -122.271294",1_37841,62,NE 65th St & 52nd Ave NE,62 - Sand Point - Roosevelt - Seattle,Seattle,,
,"Seattle, WA",King,"47.675682, -122.267334",1_37846,62,NE 65th St & 58th Ave NE,62 - Sand Point - Roosevelt - Seattle,Seattle,,
Sand Point,"Seattle, WA",King,"47.675976, -122.263428",1_10620,62,Sand Point Way NE & NE 65th St,62 - Sand Point - Roosevelt - Seattle,Seattle,,
Sand Point,"Seattle, WA",King,"47.679737, -122.263519",1_10630,62,Sand Point Way NE & NE 70th St,62 - Sand Point - Roosevelt - Seattle,Seattle,,
Sand Point,"Seattle, WA",King,"47.681759, -122.263565",1_10640,62,Sand Point Way NE & NE 74th St,62 - Sand Point - Roosevelt - Seattle,Seattle,,
Sand Point,"Seattle, WA",King,"47.682404, -122.263573",1_10641,62,Sand Point Way NE & NE 74th St,62 - Sand Point - Roosevelt - Seattle,Seattle,,
Sand Point,"Seattle, WA",King,"47.685005, -122.264465",1_10650,62,Sand Point Way NE & NE 77th St,62 - Sand Point - Roosevelt - Seattle,Seattle,,
Sand Point,"Seattle, WA",King,"47.686150, -122.260803",1_10654,62,NE NOAA Dr,62 - Sand Point - Roosevelt - Seattle,Seattle,,
Sand Point,"Seattle, WA",King,"47.686012, -122.255531",1_10658,62,NOAA - BLDG 3,62 - Sand Point - Roosevelt - Seattle,Seattle,,
Sand Point,"Seattle, WA",King,"47.686543, -122.257362",1_10653,62,NOAA - BLDG 1,62 - Sand Point - Roosevelt - Seattle,Seattle,,
University District,"Seattle, WA",King,"47.660953, -122.317818",1_9605,31,Roosevelt Way NE & NE 45th St,65 - Jackson Park - Wedgwood - University District,Seattle,,
University District,"Seattle, WA",King,"47.658455, -122.317879",1_9610,31,Roosevelt Way NE & NE 42nd St,65 - Jackson Park - Wedgwood - University District,Seattle,,
University District,"Seattle, WA",King,"47.655922, -122.313492",1_9575,65,NE Campus Pkwy & University Way NE - Bay 2,65 - Jackson Park - Wedgwood - University District,Seattle,,
University District,"Seattle, WA",King,"47.654820, -122.312210",1_10917,43,15th Ave NE & NE 40th St,65 - Jackson Park - Wedgwood - University District,Seattle,,
University District,"Seattle, WA",King,"47.652084, -122.310883",1_29240,43,NE Pacific St & 15th Ave NE,65 - Jackson Park - Wedgwood - University District,Seattle,,
University District,"Seattle, WA",King,"47.650505, -122.306908",1_29242,44,NE Pacific Pl & NE Pacific St,65 - Jackson Park - Wedgwood - University District,Seattle,,
University District,"Seattle, WA",King,"47.651543, -122.303490",1_25765,65,Montlake Blvd NE & NE Pacific Pl - Bay 3,65 - Jackson Park - Wedgwood - University District,Seattle,,
University District,"Seattle, WA",King,"47.660854, -122.298584",1_25790,65,Montlake Blvd NE & NE 45th St,65 - Jackson Park - Wedgwood - University District,Seattle,,
,"Seattle, WA",King,"47.661102, -122.296974",1_25201,31,NE 45th St & University Village,65 - Jackson Park - Wedgwood - University District,Seattle,,
University District,"Seattle, WA",King,"47.661148, -122.292465",1_29920,31,NE 45th St & Mary Gates Memorial Dr NE,65 - Jackson Park - Wedgwood - University District,Seattle,,
Laurelhurst,"Seattle, WA",King,"47.661049, -122.289024",1_29930,31,NE 45th St & 36th Ave NE,65 - Jackson Park - Wedgwood - University District,Seattle,,
Laurelhurst,"Seattle, WA",King,"47.661934, -122.284668",1_10513,65,40th Ave NE & NE 46th St,65 - Jackson Park - Wedgwood - University District,Seattle,,
Bryant,"Seattle, WA",King,"47.665093, -122.284698",1_10515,65,40th Ave NE & NE 50th St,65 - Jackson Park - Wedgwood - University District,Seattle,,
Bryant,"Seattle, WA",King,"47.668579, -122.285667",1_10010,65,NE 55th St & 39th Ave NE,65 - Jackson Park - Wedgwood - University District,Seattle,,
Bryant,"Seattle, WA",King,"47.668579, -122.288300",1_10020,65,NE 55th St & 37th Ave NE,65 - Jackson Park - Wedgwood - University District,Seattle,,
Bryant,"Seattle, WA",King,"47.668777, -122.290108",1_25840,65,35th Ave NE & NE 55th St,65 - Jackson Park - Wedgwood - University District,Seattle,,
Bryant,"Seattle, WA",King,"47.672329, -122.290131",1_25860,65,35th Ave NE & NE 60th St,65 - Jackson Park - Wedgwood - University District,Seattle,,
Bryant,"Seattle, WA",King,"47.676014, -122.290176",1_25880,65,35th Ave NE & NE 65th St,65 - Jackson Park - Wedgwood - University District,Seattle,,
Bryant,"Seattle, WA",King,"47.677792, -122.290230",1_25890,65,35th Ave NE & NE 68th St,65 - Jackson Park - Wedgwood - University District,Seattle,,
Bryant,"Seattle, WA",King,"47.679626, -122.290283",1_25900,65,35th Ave NE & NE 70th St,65 - Jackson Park - Wedgwood - University District,Seattle,,
Bryant,"Seattle, WA",King,"47.683403, -122.290390",1_25920,65,35th Ave NE & NE 75th St,65 - Jackson Park - Wedgwood - University District,Seattle,,
Wedgwood,"Seattle, WA",King,"47.686932, -122.290497",1_25940,65,35th Ave NE & NE 80th St,65 - Jackson Park - Wedgwood - University District,Seattle,,
Wedgwood,"Seattle, WA",King,"47.690517, -122.290611",1_25960,65,35th Ave NE & NE 85th St,65 - Jackson Park - Wedgwood - University District,Seattle,,
Wedgwood,"Seattle, WA",King,"47.693340, -122.290543",1_25980,65,35th Ave NE & NE 89th St,65 - Jackson Park - Wedgwood - University District,Seattle,,
Wedgwood,"Seattle, WA",King,"47.696213, -122.290474",1_26000,65,35th Ave NE & NE 93rd St,65 - Jackson Park - Wedgwood - University District,Seattle,,
"Lake City, Matthews Beach","Seattle, WA",King,"47.697701, -122.290474",1_26010,65,35th Ave NE & NE 95th St,65 - Jackson Park - Wedgwood - University District,Seattle,,
"Lake City, Matthews Beach","Seattle, WA",King,"47.699608, -122.290527",1_26020,65,35th Ave NE & NE 97th St,65 - Jackson Park - Wedgwood - University District,Seattle,,
"Lake City, Matthews Beach","Seattle, WA",King,"47.701534, -122.290627",1_26030,65,35th Ave NE & NE 100th St,65 - Jackson Park - Wedgwood - University District,Seattle,,
"Lake City, Matthews Beach","Seattle, WA",King,"47.705074, -122.290764",1_26050,65,35th Ave NE & NE 105th St,65 - Jackson Park - Wedgwood - University District,Seattle,,
"Lake City, Matthews Beach","Seattle, WA",King,"47.708618, -122.290649",1_26060,65,35th Ave NE & NE 110th St,65 - Jackson Park - Wedgwood - University District,Seattle,,
"Lake City, Matthews Beach","Seattle, WA",King,"47.712158, -122.290558",1_26080,65,35th Ave NE & NE 115th St,65 - Jackson Park - Wedgwood - University District,Seattle,,
"Cedar Park, Lake City","Seattle, WA",King,"47.715744, -122.291389",1_26100,65,35th Ave NE & NE 120th St,65 - Jackson Park - Wedgwood - University District,Seattle,,
"Cedar Park, Lake City","Seattle, WA",King,"47.717522, -122.291252",1_26110,65,35th Ave NE & NE 123rd St,65 - Jackson Park - Wedgwood - University District,Seattle,,
"Cedar Park, Lake City","Seattle, WA",King,"47.719322, -122.291412",1_10860,65,NE 125th St & 35th Ave NE,65 - Jackson Park - Wedgwood - University District,Seattle,,
"Cedar Park, Lake City","Seattle, WA",King,"47.719338, -122.293205",1_10870,65,NE 125th St & 33rd Ave NE,65 - Jackson Park - Wedgwood - University District,Seattle,,
"Lake City, Olympic Hills","Seattle, WA",King,"47.719353, -122.295776",1_35230,65,NE 125th St & Lake City Way NE,65 - Jackson Park - Wedgwood - University District,Seattle,,
"Lake City, Olympic Hills","Seattle, WA",King,"47.721542, -122.296234",1_38670,65,30th Ave NE & NE 127th St,65 - Jackson Park - Wedgwood - University District,Seattle,,
"Lake City, Olympic Hills","Seattle, WA",King,"47.723087, -122.296265",1_38680,65,30th Ave NE & NE 130th St,65 - Jackson Park - Wedgwood - University District,Seattle,,
"Lake City, Olympic Hills","Seattle, WA",King,"47.726986, -122.296303",1_38700,65,30th Ave NE & NE 135th St,65 - Jackson Park - Wedgwood - University District,Seattle,,
"Lake City, Olympic Hills","Seattle, WA",King,"47.730366, -122.296432",1_38720,65,30th Ave NE & NE 140th St,65 - Jackson Park - Wedgwood - University District,Seattle,,
"Lake City, Olympic Hills","Seattle, WA",King,"47.732170, -122.296440",1_38730,65,30th Ave NE & NE 143rd St,65 - Jackson Park - Wedgwood - University District,Seattle,,
"Lake City, Olympic Hills","Shoreline, WA",King,"47.733856, -122.296936",1_82120,65,NE 145th St & 30th Ave NE,65 - Jackson Park - Wedgwood - University District,Seattle,,
"Lake City, Olympic Hills","Shoreline, WA",King,"47.733883, -122.299599",1_82130,65,NE 145th St & 27th Ave NE,65 - Jackson Park - Wedgwood - University District,Seattle,,
"Lake City, Olympic Hills","Shoreline, WA",King,"47.733906, -122.302505",1_82140,65,NE 145th St & 25th Ave NE,65 - Jackson Park - Wedgwood - University District,Seattle,,
"Lake City, Olympic Hills","Shoreline, WA",King,"47.733978, -122.308693",1_38810,65,NE 145th St & 19th Ave NE,65 - Jackson Park - Wedgwood - University District,Seattle,,
"Northgate, Pinehurst","Shoreline, WA",King,"47.734028, -122.313164",1_82160,65,NE 145th St & 15th Ave NE,65 - Jackson Park - Wedgwood - University District,Seattle,,
Ridgecrest,"Shoreline, WA",King,"47.736149, -122.325119",1_81301,65,Shoreline South/148th Station - Bay 2,65 - Jackson Park - Wedgwood - University District,Seattle,,
Bryant,"Seattle, WA",King,"47.662743, -122.285202",1_9978,45,Sand Point Way NE & 40th Ave NE,67 - Northgate - University District - Children's Hospital,Seattle,,
Bryant,"Seattle, WA",King,"47.661205, -122.289627",1_29130,31,NE 45th St & 36th Ave NE,67 - Northgate - University District - Children's Hospital,Seattle,,
,"Seattle, WA",King,"47.661278, -122.295418",1_25202,31,NE 45th St & University Village,67 - Northgate - University District - Children's Hospital,Seattle,,
University District,"Seattle, WA",King,"47.661049, -122.298904",1_25210,45,Montlake Blvd NE & NE 45th St,67 - Northgate - University District - Children's Hospital,Seattle,,
University District,"Seattle, WA",King,"47.656742, -122.304886",1_75406,45,Stevens Way & Pend Oreille Rd,67 - Northgate - University District - Children's Hospital,Seattle,,
University District,"Seattle, WA",King,"47.654503, -122.305130",1_75403,45,Stevens Way & Benton Ln,67 - Northgate - University District - Children's Hospital,Seattle,,
University District,"Seattle, WA",King,"47.652389, -122.306305",1_75402,45,Stevens Way & Rainier Vis,67 - Northgate - University District - Children's Hospital,Seattle,,
University District,"Seattle, WA",King,"47.652172, -122.308624",1_75404,45,Stevens Way & Garfield Ln,67 - Northgate - University District - Children's Hospital,Seattle,,
University District,"Seattle, WA",King,"47.655140, -122.310974",1_75405,45,Grant Ln & Stevens Way,67 - Northgate - University District - Children's Hospital,Seattle,,
University District,"Seattle, WA",King,"47.656498, -122.314308",1_9147,67,Brooklyn Ave NE & NE Campus Pkwy - Bay 3,67 - Northgate - University District - Children's Hospital,Seattle,,
University District,"Seattle, WA",King,"47.658745, -122.316551",1_9630,31,11th Ave NE & NE 42nd St,67 - Northgate - University District - Children's Hospital,Seattle,,
University District,"Seattle, WA",King,"47.661945, -122.316452",1_9650,48,11th Ave NE & NE 45th St,67 - Northgate - University District - Children's Hospital,Seattle,,
University District,"Seattle, WA",King,"47.665173, -122.316238",1_23500,67,11th Ave NE & NE 50th St,67 - Northgate - University District - Children's Hospital,Seattle,,
University District,"Seattle, WA",King,"47.668377, -122.316193",1_23520,67,11th Ave NE & NE 55th St,67 - Northgate - University District - Children's Hospital,Seattle,,
University District,"Seattle, WA",King,"47.671329, -122.316101",1_23530,67,11th Ave NE & NE Ravenna Blvd,67 - Northgate - University District - Children's Hospital,Seattle,,
Roosevelt,"Seattle, WA",King,"47.672653, -122.315552",1_23540,67,12th Ave NE & NE 61st St,67 - Northgate - University District - Children's Hospital,Seattle,,
,"Seattle, WA",King,"47.677135, -122.315582",1_23561,67,12th Ave NE & NE 67th St - Bay 3,67 - Northgate - University District - Children's Hospital,Seattle,,
Roosevelt,"Seattle, WA",King,"47.679760, -122.315536",1_23580,67,12th Ave NE & NE 70th St,67 - Northgate - University District - Children's Hospital,Seattle,,
Roosevelt,"Seattle, WA",King,"47.683124, -122.315651",1_23600,67,NE 75th St & 12th Ave NE,67 - Northgate - University District - Children's Hospital,Seattle,,
Roosevelt,"Seattle, WA",King,"47.683544, -122.317398",1_23610,67,Roosevelt Way NE & NE 75th St,67 - Northgate - University District - Children's Hospital,Seattle,,
Roosevelt,"Seattle, WA",King,"47.686935, -122.317451",1_82145,67,Roosevelt Way NE & NE 80th St,67 - Northgate - University District - Children's Hospital,Seattle,,
"Maple Leaf, Northgate","Seattle, WA",King,"47.690861, -122.317520",1_82155,67,Roosevelt Way NE & NE 85th St,67 - Northgate - University District - Children's Hospital,Seattle,,
"Maple Leaf, Northgate","Seattle, WA",King,"47.694176, -122.317497",1_82165,67,Roosevelt Way NE & NE 90th St,67 - Northgate - University District - Children's Hospital,Seattle,,
"Maple Leaf, Northgate","Seattle, WA",King,"47.695969, -122.317497",1_82167,67,Roosevelt Way NE & NE 92nd St,67 - Northgate - University District - Children's Hospital,Seattle,,
"Maple Leaf, Northgate","Seattle, WA",King,"47.697811, -122.317497",1_82175,67,Roosevelt Way NE & NE 95th St,67 - Northgate - University District - Children's Hospital,Seattle,,
"Maple Leaf, Northgate","Seattle, WA",King,"47.701431, -122.317589",1_82185,67,Roosevelt Way NE & NE 100th St,67 - Northgate - University District - Children's Hospital,Seattle,,
"Maple Leaf, Northgate","Seattle, WA",King,"47.703381, -122.317657",1_82187,67,Roosevelt Way NE & NE 103rd St,67 - Northgate - University District - Children's Hospital,Seattle,,
"Maple Leaf, Northgate","Seattle, WA",King,"47.705109, -122.317696",1_82195,67,Roosevelt Way NE & NE 105th St,67 - Northgate - University District - Children's Hospital,Seattle,,
"Maple Leaf, Northgate","Seattle, WA",King,"47.707504, -122.317741",1_82197,67,Roosevelt Way NE & NE 108th St,67 - Northgate - University District - Children's Hospital,Seattle,,
"Northgate, Pinehurst","Seattle, WA",King,"47.708633, -122.318367",1_82198,61,NE Northgate Way & Roosevelt Way NE,67 - Northgate - University District - Children's Hospital,Seattle,,
"Maple Leaf, Northgate","Seattle, WA",King,"47.708195, -122.323364",1_23230,61,5th Ave NE & NE Northgate Way,67 - Northgate - University District - Children's Hospital,Seattle,,
"Maple Leaf, Northgate","Seattle, WA",King,"47.706421, -122.323311",1_23250,61,5th Ave NE & Northgate Mall,67 - Northgate - University District - Children's Hospital,Seattle,,
"Maple Leaf, Northgate","Seattle, WA",King,"47.702755, -122.323242",1_23260,67,5th Ave NE & NE 103rd St,67 - Northgate - University District - Children's Hospital,Seattle,,
"Maple Leaf, Northgate","Seattle, WA",King,"47.701401, -122.324051",1_23273,67,NE 100th St & 4th Ave NE,67 - Northgate - University District - Children's Hospital,Seattle,,
,"Seattle, WA",King,"47.702808, -122.328423",1_35317,40,1st Ave NE & NE 103rd St - Bay 1,67 - Northgate - University District - Children's Hospital,Seattle,,
University District,"Seattle, WA",King,"47.664135, -122.313187",1_9132,45,University Way NE & NE 50th St,75 - Northgate - Sand Point - University District,Seattle,,
University District,"Seattle, WA",King,"47.662281, -122.313217",1_9133,75,University Way NE & NE 45th St,75 - Northgate - Sand Point - University District,Seattle,,
University District,"Seattle, WA",King,"47.660072, -122.313255",1_9134,75,University Way NE & NE 43rd St,75 - Northgate - Sand Point - University District,Seattle,,
University District,"Seattle, WA",King,"47.656948, -122.313339",1_9142,75,University Way NE & NE 41st St,75 - Northgate - Sand Point - University District,Seattle,,
,"Seattle, WA",King,"47.654377, -122.310486",1_75418,75,Stevens Way & Asotin Pl,75 - Northgate - Sand Point - University District,Seattle,,
University District,"Seattle, WA",King,"47.651985, -122.308258",1_75417,75,Stevens Way & Okanogan Ln,75 - Northgate - Sand Point - University District,Seattle,,
University District,"Seattle, WA",King,"47.652363, -122.306030",1_75415,75,Stevens Way & Rainier Vis,75 - Northgate - Sand Point - University District,Seattle,,
University District,"Seattle, WA",King,"47.653908, -122.305023",1_75414,75,Stevens Way & Benton Ln,75 - Northgate - Sand Point - University District,Seattle,,
University District,"Seattle, WA",King,"47.657307, -122.304527",1_75410,75,Stevens Way & Pend Oreille Rd,75 - Northgate - Sand Point - University District,Seattle,,
University District,"Seattle, WA",King,"47.660854, -122.298584",1_25790,65,Montlake Blvd NE & NE 45th St,75 - Northgate - Sand Point - University District,Seattle,,
,"Seattle, WA",King,"47.661102, -122.296974",1_25201,31,NE 45th St & University Village,75 - Northgate - Sand Point - University District,Seattle,,
University District,"Seattle, WA",King,"47.661148, -122.292465",1_29920,31,NE 45th St & Mary Gates Memorial Dr NE,75 - Northgate - Sand Point - University District,Seattle,,
Laurelhurst,"Seattle, WA",King,"47.661049, -122.289024",1_29930,31,NE 45th St & 36th Ave NE,75 - Northgate - Sand Point - University District,Seattle,,
Laurelhurst,"Seattle, WA",King,"47.661575, -122.286484",1_10561,75,Sand Point Way NE & 38th Ave NE,75 - Northgate - Sand Point - University District,Seattle,,
Laurelhurst,"Seattle, WA",King,"47.663448, -122.284119",1_10562,75,Sand Point Way NE & 40th Ave NE,75 - Northgate - Sand Point - University District,Seattle,,
Laurelhurst,"Seattle, WA",King,"47.664654, -122.282867",1_10564,75,Sand Point Way NE & NE 50th St,75 - Northgate - Sand Point - University District,Seattle,,
Laurelhurst,"Seattle, WA",King,"47.667080, -122.280350",1_10566,75,Sand Point Way NE & NE 52nd St,75 - Northgate - Sand Point - University District,Seattle,,
Laurelhurst,"Seattle, WA",King,"47.668194, -122.275978",1_10568,75,Sand Point Way NE & Princeton Ave NE,75 - Northgate - Sand Point - University District,Seattle,,
Windermere,"Seattle, WA",King,"47.670261, -122.270485",1_10580,75,Sand Point Way NE & NE Windermere Rd,75 - Northgate - Sand Point - University District,Seattle,,
Windermere,"Seattle, WA",King,"47.672989, -122.266663",1_10600,75,Sand Point Way NE & NE 61st St,75 - Northgate - Sand Point - University District,Seattle,,
Sand Point,"Seattle, WA",King,"47.675976, -122.263428",1_10620,62,Sand Point Way NE & NE 65th St,75 - Northgate - Sand Point - University District,Seattle,,
Sand Point,"Seattle, WA",King,"47.679737, -122.263519",1_10630,62,Sand Point Way NE & NE 70th St,75 - Northgate - Sand Point - University District,Seattle,,
Sand Point,"Seattle, WA",King,"47.682404, -122.263573",1_10641,62,Sand Point Way NE & NE 74th St,75 - Northgate - Sand Point - University District,Seattle,,
Sand Point,"Seattle, WA",King,"47.685005, -122.264465",1_10650,62,Sand Point Way NE & NE 77th St,75 - Northgate - Sand Point - University District,Seattle,,
"Lake City, Matthews Beach","Seattle, WA",King,"47.692825, -122.270943",1_10680,75,Sand Point Way NE & Inverness Dr NE,75 - Northgate - Sand Point - University District,Seattle,,
"Lake City, Matthews Beach","Seattle, WA",King,"47.694523, -122.275177",1_10700,75,Sand Point Way NE & Matthews Pl NE,75 - Northgate - Sand Point - University District,Seattle,,
"Lake City, Matthews Beach","Seattle, WA",King,"47.696144, -122.276566",1_10710,75,Sand Point Way NE & NE 93rd St,75 - Northgate - Sand Point - University District,Seattle,,
"Lake City, Matthews Beach","Seattle, WA",King,"47.697235, -122.277443",1_10720,75,Sand Point Way NE & NE 95th St,75 - Northgate - Sand Point - University District,Seattle,,
"Lake City, Matthews Beach","Seattle, WA",King,"47.699093, -122.277634",1_10730,75,Sand Point Way NE & NE 97th St,75 - Northgate - Sand Point - University District,Seattle,,
"Lake City, Matthews Beach","Seattle, WA",King,"47.703087, -122.277565",1_10750,75,Sand Point Way NE & NE 103rd St,75 - Northgate - Sand Point - University District,Seattle,,
"Lake City, Matthews Beach","Seattle, WA",King,"47.705364, -122.278374",1_10760,75,Sand Point Way NE & NE 106th St,75 - Northgate - Sand Point - University District,Seattle,,
"Lake City, Matthews Beach","Seattle, WA",King,"47.709229, -122.280212",1_10780,75,Sand Point Way NE & NE 110th St,75 - Northgate - Sand Point - University District,Seattle,,
"Lake City, Matthews Beach","Seattle, WA",King,"47.712620, -122.281837",1_10800,75,Sand Point Way NE & NE 115th St,75 - Northgate - Sand Point - University District,Seattle,,
"Lake City, Matthews Beach","Seattle, WA",King,"47.716015, -122.283005",1_10820,75,Sand Point Way NE & NE 120th St,75 - Northgate - Sand Point - University District,Seattle,,
"Cedar Park, Lake City","Seattle, WA",King,"47.717598, -122.283928",1_10830,75,Sand Point Way NE & NE 123rd St,75 - Northgate - Sand Point - University District,Seattle,,
"Cedar Park, Lake City","Seattle, WA",King,"47.719292, -122.286690",1_10840,75,Sand Point Way NE & NE 125th St,75 - Northgate - Sand Point - University District,Seattle,,
"Cedar Park, Lake City","Seattle, WA",King,"47.719322, -122.291412",1_10860,65,NE 125th St & 35th Ave NE,75 - Northgate - Sand Point - University District,Seattle,,
"Cedar Park, Lake City","Seattle, WA",King,"47.719338, -122.293205",1_10870,65,NE 125th St & 33rd Ave NE,75 - Northgate - Sand Point - University District,Seattle,,
"Lake City, Olympic Hills","Seattle, WA",King,"47.719353, -122.295776",1_35230,65,NE 125th St & Lake City Way NE,75 - Northgate - Sand Point - University District,Seattle,,
"Lake City, Olympic Hills","Seattle, WA",King,"47.719364, -122.298256",1_35231,75,NE 125th St & 28th Ave NE,75 - Northgate - Sand Point - University District,Seattle,,
"Lake City, Olympic Hills","Seattle, WA",King,"47.719383, -122.302246",1_35233,75,NE 125th St & 25th Ave NE,75 - Northgate - Sand Point - University District,Seattle,,
"Lake City, Olympic Hills","Seattle, WA",King,"47.719437, -122.307602",1_35250,75,NE 125th St & 20th Ave NE,75 - Northgate - Sand Point - University District,Seattle,,
"Northgate, Pinehurst","Seattle, WA",King,"47.719509, -122.313248",1_35270,75,NE 125th St & 15th Ave NE,75 - Northgate - Sand Point - University District,Seattle,,
"Northgate, Pinehurst","Seattle, WA",King,"47.719528, -122.319199",1_23872,75,NE 125th St & Roosevelt Way NE,75 - Northgate - Sand Point - University District,Seattle,,
"Northgate, Pinehurst","Seattle, WA",King,"47.717823, -122.323639",1_23170,75,5th Ave NE & NE 123rd St,75 - Northgate - Sand Point - University District,Seattle,,
"Northgate, Pinehurst","Seattle, WA",King,"47.715530, -122.323586",1_23180,75,5th Ave NE & NE 120th St,75 - Northgate - Sand Point - University District,Seattle,,
"Northgate, Pinehurst","Seattle, WA",King,"47.712414, -122.323494",1_23200,75,5th Ave NE & NE 115th St,75 - Northgate - Sand Point - University District,Seattle,,
"Northgate, Pinehurst","Seattle, WA",King,"47.709789, -122.323425",1_23220,75,5th Ave NE & NE 112th St,75 - Northgate - Sand Point - University District,Seattle,,
"Maple Leaf, Northgate","Seattle, WA",King,"47.708195, -122.323364",1_23230,61,5th Ave NE & NE Northgate Way,75 - Northgate - Sand Point - University District,Seattle,,
"Maple Leaf, Northgate","Seattle, WA",King,"47.706421, -122.323311",1_23250,61,5th Ave NE & Northgate Mall,75 - Northgate - Sand Point - University District,Seattle,,
"Maple Leaf, Northgate","Seattle, WA",King,"47.702755, -122.323242",1_23260,67,5th Ave NE & NE 103rd St,75 - Northgate - Sand Point - University District,Seattle,,
"Maple Leaf, Northgate","Seattle, WA",King,"47.701401, -122.324051",1_23273,67,NE 100th St & 4th Ave NE,75 - Northgate - Sand Point - University District,Seattle,,
,"Seattle, WA",King,"47.702808, -122.328423",1_35317,40,1st Ave NE & NE 103rd St - Bay 1,75 - Northgate - Sand Point - University District,Seattle,,
,"Seattle, WA",King,"47.653351, -122.314392",1_29423,79,Brooklyn Ave NE & NE Pacific St,79 - Green Lake P&R - Wedgwood - University District,Seattle,,
University District,"Seattle, WA",King,"47.655922, -122.313980",1_9580,49,NE Campus Pkwy & Brooklyn Ave NE - Bay 1,79 - Green Lake P&R - Wedgwood - University District,Seattle,,
University District,"Seattle, WA",King,"47.657387, -122.313133",1_9581,45,University Way NE & NE 41st St,79 - Green Lake P&R - Wedgwood - University District,Seattle,,
University District,"Seattle, WA",King,"47.659683, -122.313065",1_9582,45,University Way NE & NE 43rd St,79 - Green Lake P&R - Wedgwood - University District,Seattle,,
University District,"Seattle, WA",King,"47.662067, -122.313011",1_9584,45,University Way NE & NE 45th St,79 - Green Lake P&R - Wedgwood - University District,Seattle,,
University District,"Seattle, WA",King,"47.664829, -122.312660",1_10370,79,NE 50th St & University Way NE,79 - Green Lake P&R - Wedgwood - University District,Seattle,,
University District,"Seattle, WA",King,"47.664814, -122.310432",1_10380,79,NE 50th St & 16th Ave NE,79 - Green Lake P&R - Wedgwood - University District,Seattle,,
University District,"Seattle, WA",King,"47.665028, -122.306404",1_10400,79,20th Ave NE & NE 50th St,79 - Green Lake P&R - Wedgwood - University District,Seattle,,
University District,"Seattle, WA",King,"47.666641, -122.306404",1_10410,79,20th Ave NE & NE 52nd St,79 - Green Lake P&R - Wedgwood - University District,Seattle,,
University District,"Seattle, WA",King,"47.668163, -122.306389",1_10420,79,20th Ave NE & NE 54th St,79 - Green Lake P&R - Wedgwood - University District,Seattle,,
University District,"Seattle, WA",King,"47.669239, -122.305595",1_10430,79,NE Ravenna Blvd & 21st Ave NE,79 - Green Lake P&R - Wedgwood - University District,Seattle,,
University District,"Seattle, WA",King,"47.668003, -122.303864",1_10445,79,Ravenna Ave NE & NE 54th St,79 - Green Lake P&R - Wedgwood - University District,Seattle,,
Ravenna,"Seattle, WA",King,"47.668449, -122.300217",1_10460,79,NE 55th St & 25th Ave NE,79 - Green Lake P&R - Wedgwood - University District,Seattle,,
Ravenna,"Seattle, WA",King,"47.668449, -122.298218",1_10470,79,NE 55th St & 27th Ave NE,79 - Green Lake P&R - Wedgwood - University District,Seattle,,
Ravenna,"Seattle, WA",King,"47.668449, -122.295074",1_10480,79,NE 55th St & 30th Ave NE,79 - Green Lake P&R - Wedgwood - University District,Seattle,,
Ravenna,"Seattle, WA",King,"47.668449, -122.292320",1_10490,79,NE 55th St & 33rd Ave NE,79 - Green Lake P&R - Wedgwood - University District,Seattle,,
Ravenna,"Seattle, WA",King,"47.668446, -122.290390",1_10500,79,NE 55th St & 35th Ave NE,79 - Green Lake P&R - Wedgwood - University District,Seattle,,
Bryant,"Seattle, WA",King,"47.668446, -122.288803",1_10510,65,NE 55th St & 36th Ave NE,79 - Green Lake P&R - Wedgwood - University District,Seattle,,
Bryant,"Seattle, WA",King,"47.668442, -122.285049",1_10525,65,NE 55th St & 40th Ave NE,79 - Green Lake P&R - Wedgwood - University District,Seattle,,
Windermere,"Seattle, WA",King,"47.669002, -122.279121",1_10550,79,NE 55th St & 45th Ave NE,79 - Green Lake P&R - Wedgwood - University District,Seattle,,
Windermere,"Seattle, WA",King,"47.669182, -122.275909",1_10560,79,NE 55th St & Princeton Ave NE,79 - Green Lake P&R - Wedgwood - University District,Seattle,,
Windermere,"Seattle, WA",King,"47.670261, -122.270485",1_10580,75,Sand Point Way NE & NE Windermere Rd,79 - Green Lake P&R - Wedgwood - University District,Seattle,,
Windermere,"Seattle, WA",King,"47.672989, -122.266663",1_10600,75,Sand Point Way NE & NE 61st St,79 - Green Lake P&R - Wedgwood - University District,Seattle,,
View Ridge,"Seattle, WA",King,"47.675800, -122.263893",1_37849,62,NE 65th St & Sand Point Way NE,79 - Green Lake P&R - Wedgwood - University District,Seattle,,
View Ridge,"Seattle, WA",King,"47.675819, -122.269341",1_37850,62,NE 65th St & 55th Ave NE,79 - Green Lake P&R - Wedgwood - University District,Seattle,,
View Ridge,"Seattle, WA",King,"47.675831, -122.271843",1_37860,62,NE 65th St & 52nd Ave NE,79 - Green Lake P&R - Wedgwood - University District,Seattle,,
View Ridge,"Seattle, WA",King,"47.674942, -122.275108",1_37870,62,NE Princeton Way & Princeton Ave NE,79 - Green Lake P&R - Wedgwood - University District,Seattle,,
View Ridge,"Seattle, WA",King,"47.675709, -122.275513",1_37520,79,NE 65th St & Princeton Ave NE,79 - Green Lake P&R - Wedgwood - University District,Seattle,,
View Ridge,"Seattle, WA",King,"47.677872, -122.274162",1_37530,79,50th Ave NE & NE 68th St,79 - Green Lake P&R - Wedgwood - University District,Seattle,,
View Ridge,"Seattle, WA",King,"47.679260, -122.274200",1_37540,79,50th Ave NE & NE 70th St,79 - Green Lake P&R - Wedgwood - University District,Seattle,,
View Ridge,"Seattle, WA",King,"47.681404, -122.274246",1_37550,79,50th Ave NE & NE 73rd St,79 - Green Lake P&R - Wedgwood - University District,Seattle,,
View Ridge,"Seattle, WA",King,"47.683102, -122.274750",1_37560,79,NE 75th St & 50th Ave NE,79 - Green Lake P&R - Wedgwood - University District,Seattle,,
View Ridge,"Seattle, WA",King,"47.683102, -122.277130",1_37570,79,NE 75th St & 48th Ave NE,79 - Green Lake P&R - Wedgwood - University District,Seattle,,
Wedgwood,"Seattle, WA",King,"47.683109, -122.280899",1_37571,79,NE 75th St & 44th Ave NE,79 - Green Lake P&R - Wedgwood - University District,Seattle,,
Wedgwood,"Seattle, WA",King,"47.683109, -122.283646",1_37600,79,NE 75th St & 41st Ave NE,79 - Green Lake P&R - Wedgwood - University District,Seattle,,
,"Seattle, WA",King,"47.683109, -122.285583",1_37748,79,NE 75th St & 40th Ave NE,79 - Green Lake P&R - Wedgwood - University District,Seattle,,
,"Seattle, WA",King,"47.683113, -122.289909",1_82129,79,NE 75th St & 36th Ave NE,79 - Green Lake P&R - Wedgwood - University District,Seattle,,
,"Seattle, WA",King,"47.683113, -122.294533",1_82126,79,NE 75th St & 31st Ave NE,79 - Green Lake P&R - Wedgwood - University District,Seattle,,
Wedgwood,County:,King,"47.683113, -122.300484",1_82128,79,NE 75th St & 25th Ave NE,79 - Green Lake P&R - Wedgwood - University District,Seattle,,
,"Seattle, WA",King,"47.683113, -122.306267",1_82127,79,NE 75th St & 20th Ave NE,79 - Green Lake P&R - Wedgwood - University District,Seattle,,
Roosevelt,"Seattle, WA",King,"47.682682, -122.312057",1_38350,79,15th Ave NE & NE 75th St,79 - Green Lake P&R - Wedgwood - University District,Seattle,,
Roosevelt,"Seattle, WA",King,"47.679157, -122.312096",1_38370,79,15th Ave NE & NE 70th St,79 - Green Lake P&R - Wedgwood - University District,Seattle,,
,"Seattle, WA",King,"47.675865, -122.313545",1_36931,45,NE 65th St & 14th Ave NE,79 - Green Lake P&R - Wedgwood - University District,Seattle,,
Roosevelt,"Seattle, WA",King,"47.675888, -122.315994",1_36940,45,NE 65th St & 12th Ave NE,79 - Green Lake P&R - Wedgwood - University District,Seattle,,
Green Lake,"Seattle, WA",King,"47.675930, -122.321167",1_36960,45,NE 65th St & Oswego Pl NE,79 - Green Lake P&R - Wedgwood - University District,Seattle,,
International District,"Seattle, WA",King,"47.598812, -122.328903",1_620,101,4th Ave S & S Jackson St,256 - Woodinville - Downtown Seattle,Seattle,,
International District,"Seattle, WA",King,"47.601311, -122.328903",1_628,111,4th Ave S & S Washington St,256 - Woodinville - Downtown Seattle,Seattle,,
Central Business District,"Seattle, WA",King,"47.604321, -122.331169",1_648,111,4th Ave & Cherry St,256 - Woodinville - Downtown Seattle,Seattle,,
Central Business District,"Seattle, WA",King,"47.607498, -122.334076",1_670,111,4th Ave & Seneca St,256 - Woodinville - Downtown Seattle,Seattle,,
Central Business District,"Seattle, WA",King,"47.610951, -122.337250",1_700,101,4th Ave & Pike St,256 - Woodinville - Downtown Seattle,Seattle,,
"Belltown, Denny Regrade","Seattle, WA",King,"47.612667, -122.339203",1_720,212,4th Ave & Stewart St,256 - Woodinville - Downtown Seattle,Seattle,,
"Belltown, Denny Regrade","Seattle, WA",King,"47.614227, -122.338394",1_880,7,Virginia St & 6th Ave,256 - Woodinville - Downtown Seattle,Seattle,,
"Belltown, Denny Regrade","Seattle, WA",King,"47.616547, -122.335388",1_900,70,Virginia St & 9th Ave,256 - Woodinville - Downtown Seattle,Seattle,,
"Belltown, Denny Regrade","Seattle, WA",King,"47.618874, -122.334198",1_10280,70,Fairview Ave & Denny Way,256 - Woodinville - Downtown Seattle,Seattle,,
Cascade,"Seattle, WA",King,"47.622276, -122.334229",1_10305,70,Fairview Ave N & Harrison St,256 - Woodinville - Downtown Seattle,Seattle,,
,"Medina, WA",King,"47.636810, -122.236595",1_71348,255,SR 520 & Evergreen Point Rd,256 - Woodinville - Downtown Seattle,Seattle,,
,"Yarrow Point, WA",King,"47.640091, -122.218277",1_71359,255,Clyde Hill/Yarrow Pt & SR-520 - 92nd Avenue,256 - Woodinville - Downtown Seattle,Seattle,,
North Juanita,"Kirkland, WA",King,"47.716454, -122.187599",1_74721,225,Kingsgate P&R & 116th Way NE,256 - Woodinville - Downtown Seattle,Seattle,,
Totem Lake,"Kirkland, WA",King,"47.715427, -122.185509",1_82878,256,I-405 & Totem Lake Freeway Station,256 - Woodinville - Downtown Seattle,Seattle,,
Oskams Corner,"Bothell, WA",King,"47.741295, -122.187675",1_82700,239,I-405 & Juanita Woodinville Way NE,256 - Woodinville - Downtown Seattle,Seattle,,
Oskams Corner,"Bothell, WA",King,"47.740597, -122.189110",1_70310,231,Juanita Woodinville Way NE & 115th Ave NE,256 - Woodinville - Downtown Seattle,Seattle,,
,"Bothell, WA",King,"47.743870, -122.186272",1_82854,256,I-405 Ramp & NE 160th St,256 - Woodinville - Downtown Seattle,Seattle,,
,"Woodinville, WA",King,"47.757515, -122.164566",1_76970,256,SR 522 & 132nd Ave NE,256 - Woodinville - Downtown Seattle,Seattle,,
,"Woodinville, WA",King,"47.754410, -122.161148",1_76979,256,NE 175th St & 133rd Ave NE,256 - Woodinville - Downtown Seattle,Seattle,,
,"Woodinville, WA",King,"47.754414, -122.157692",1_75997,256,NE 175th St & 135th Ave NE,256 - Woodinville - Downtown Seattle,Seattle,,
,"Woodinville, WA",King,"47.755146, -122.155113",1_78001,231,138th Pl NE & NE 175th St,256 - Woodinville - Downtown Seattle,Seattle,,
,"Woodinville, WA",King,"47.756981, -122.154991",1_78003,231,138th Pl NE & NE 178th Pl,256 - Woodinville - Downtown Seattle,Seattle,,
,"Woodinville, WA",King,"47.756855, -122.154114",1_77999,231,NE 178th Pl & 138th Pl NE,256 - Woodinville - Downtown Seattle,Seattle,,
,"Woodinville, WA",King,"47.757122, -122.151436",1_75992,231,Woodinville Park And Ride,256 - Woodinville - Downtown Seattle,Seattle,,
"Genesee, West Seattle, West Seattle Junction","Seattle, WA",King,"47.561070, -122.387527",1_31811,50,SW Alaska St & 44th Ave SW - Bay 2,773 - Alaska Junction - Seacrest Park,Seattle,,
"Genesee, West Seattle, West Seattle Junction","Seattle, WA",King,"47.561012, -122.384987",1_19875,50,SW Alaska St & 42nd Ave SW,773 - Alaska Junction - Seacrest Park,Seattle,,
"Seaview, West Seattle, West Seattle Junction","Seattle, WA",King,"47.558594, -122.386955",1_20050,22,California Ave SW & Erskine Way SW,773 - Alaska Junction - Seacrest Park,Seattle,,
"Seaview, West Seattle","Seattle, WA",King,"47.555512, -122.387039",1_20070,22,California Ave SW & SW Dawson St,773 - Alaska Junction - Seacrest Park,Seattle,,
"Seaview, West Seattle","Seattle, WA",King,"47.551769, -122.387146",1_20090,22,California Ave SW & SW Findlay St,773 - Alaska Junction - Seacrest Park,Seattle,,
"Seaview, West Seattle","Seattle, WA",King,"47.548256, -122.387260",1_20110,22,California Ave SW & SW Raymond St,773 - Alaska Junction - Seacrest Park,Seattle,,
"Gatewood, West Seattle","Seattle, WA",King,"47.544998, -122.386086",1_18990,773,Fauntleroy Way SW & SW Morgan St,773 - Alaska Junction - Seacrest Park,Seattle,,
"Fairmount Park, West Seattle","Seattle, WA",King,"47.550434, -122.381996",1_19000,773,Fauntleroy Way SW & SW Juneau St,773 - Alaska Junction - Seacrest Park,Seattle,,
"Fairmount Park, West Seattle","Seattle, WA",King,"47.555935, -122.381424",1_19010,773,Fauntleroy Way SW & SW Dawson St,773 - Alaska Junction - Seacrest Park,Seattle,,
"Fairmount Park, West Seattle","Seattle, WA",King,"47.560497, -122.381371",1_19020,773,Fauntleroy Way SW & SW Alaska St,773 - Alaska Junction - Seacrest Park,Seattle,,
"Fairmount Park, West Seattle","Seattle, WA",King,"47.561001, -122.377090",1_33221,50,SW Alaska St & 36th Ave SW,773 - Alaska Junction - Seacrest Park,Seattle,,
"Delridge, North Delridge","Seattle, WA",King,"47.563568, -122.376099",1_22820,21,35th Ave SW & SW Avalon Way,773 - Alaska Junction - Seacrest Park,Seattle,,
"Delridge, North Delridge","Seattle, WA",King,"47.564945, -122.372284",1_19921,21,SW Avalon Way & SW Genesee St,773 - Alaska Junction - Seacrest Park,Seattle,,
"Delridge, North Delridge","Seattle, WA",King,"47.567883, -122.370674",1_19930,21,SW Avalon Way & SW Yancy St,773 - Alaska Junction - Seacrest Park,Seattle,,
"Delridge, North Delridge","Seattle, WA",King,"47.570095, -122.370605",1_19940,21,SW Avalon Way & SW Charlestown St,773 - Alaska Junction - Seacrest Park,Seattle,,
Industrial District,"Seattle, WA",King,"47.572018, -122.370636",1_32601,773,Harbor Ave SW & 30th Ave SW,773 - Alaska Junction - Seacrest Park,Seattle,,
Industrial District,"Seattle, WA",King,"47.576755, -122.371346",1_32610,773,Harbor Ave SW & SW Harbor Ln,773 - Alaska Junction - Seacrest Park,Seattle,,
Industrial District,"Seattle, WA",King,"47.581810, -122.372971",1_32620,773,Harbor Ave SW & SW Florida St,773 - Alaska Junction - Seacrest Park,Seattle,,
Industrial District,"Seattle, WA",King,"47.582909, -122.373764",1_32630,773,Harbor Ave SW & Fauntleroy Ave SW,773 - Alaska Junction - Seacrest Park,Seattle,,
Industrial District,"Seattle, WA",King,"47.584477, -122.375114",1_32640,773,Harbor Ave SW & 2100 Block,773 - Alaska Junction - Seacrest Park,Seattle,,
Industrial District,"Seattle, WA",King,"47.587460, -122.378593",1_32660,773,Harbor Ave SW & Fairmount Ave SW,773 - Alaska Junction - Seacrest Park,Seattle,,
Industrial District,"Seattle, WA",King,"47.589245, -122.381042",1_6072,773,Harbor Ave SW & California Way SW,773 - Alaska Junction - Seacrest Park,Seattle,,
Industrial District,"Seattle, WA",King,"47.589245, -122.381042",1_6072,773,Harbor Ave SW & California Way SW,775 - Seacrest Park - Admiral Junction - Alki,Seattle,,
"North Admiral, West Seattle","Seattle, WA",King,"47.589073, -122.386345",1_37100,128,California Ave SW & SW Seattle St,775 - Seacrest Park - Admiral Junction - Alki,Seattle,,
"North Admiral, West Seattle","Seattle, WA",King,"47.587795, -122.386398",1_37110,128,California Ave SW & SW Massachusetts St,775 - Seacrest Park - Admiral Junction - Alki,Seattle,,
"North Admiral, West Seattle","Seattle, WA",King,"47.586521, -122.386436",1_37120,775,California Ave SW & SW Holgate St,775 - Seacrest Park - Admiral Junction - Alki,Seattle,,
"North Admiral, West Seattle","Seattle, WA",King,"47.585449, -122.386475",1_37130,128,California Ave SW & SW Hill St,775 - Seacrest Park - Admiral Junction - Alki,Seattle,,
"North Admiral, West Seattle","Seattle, WA",King,"47.583756, -122.386543",1_37140,128,California Ave SW & SW Walker St,775 - Seacrest Park - Admiral Junction - Alki,Seattle,,
"North Admiral, West Seattle","Seattle, WA",King,"47.582775, -122.386589",1_32371,128,California Ave SW & SW College St,775 - Seacrest Park - Admiral Junction - Alki,Seattle,,
"North Admiral, West Seattle","Seattle, WA",King,"47.581268, -122.386871",1_15540,50,SW Admiral Way & California Ave SW,775 - Seacrest Park - Admiral Junction - Alki,Seattle,,
"North Admiral, West Seattle","Seattle, WA",King,"47.581047, -122.392273",1_15570,50,SW Admiral Way & SW Waite St,775 - Seacrest Park - Admiral Junction - Alki,Seattle,,
"North Admiral, West Seattle","Seattle, WA",King,"47.579819, -122.393707",1_15580,50,SW Admiral Way & 49th Ave SW,775 - Seacrest Park - Admiral Junction - Alki,Seattle,,
"North Admiral, West Seattle","Seattle, WA",King,"47.579334, -122.397163",1_15588,50,SW Admiral Way & 51st Ave SW,775 - Seacrest Park - Admiral Junction - Alki,Seattle,,
"Alki, West Seattle","Seattle, WA",King,"47.578899, -122.400673",1_15610,50,SW Admiral Way & SW Lander St,775 - Seacrest Park - Admiral Junction - Alki,Seattle,,
"Alki, West Seattle","Seattle, WA",King,"47.577168, -122.405319",1_15630,50,SW Admiral Way & 57th Ave SW,775 - Seacrest Park - Admiral Junction - Alki,Seattle,,
"Alki, West Seattle","Seattle, WA",King,"47.575974, -122.410660",1_15650,50,SW Admiral Way & 61st Ave SW,775 - Seacrest Park - Admiral Junction - Alki,Seattle,,
"Alki, West Seattle","Seattle, WA",King,"47.576240, -122.413239",1_15651,50,63rd Ave SW & SW Admiral Way,775 - Seacrest Park - Admiral Junction - Alki,Seattle,,
"Alki, West Seattle","Seattle, WA",King,"47.578209, -122.413185",1_15652,50,63rd Ave SW & Alki Ave SW,775 - Seacrest Park - Admiral Junction - Alki,Seattle,,
Yesler Terrace,"Seattle, WA",King,"47.599270, -122.317741",1_3600,1,S Jackson St & 12th Ave S,1 - Kinnear -  Seattle,Trolley,,
International District,"Seattle, WA",King,"47.599266, -122.322327",1_1500,1,S Jackson St & 8th Ave S,1 - Kinnear -  Seattle,Trolley,,
International District,"Seattle, WA",King,"47.599262, -122.325470",1_1510,1,S Jackson St & Maynard Ave S,1 - Kinnear -  Seattle,Trolley,,
International District,"Seattle, WA",King,"47.599266, -122.328384",1_1530,1,S Jackson St & 5th Ave S,1 - Kinnear -  Seattle,Trolley,,
Pioneer Square,"Seattle, WA",King,"47.601658, -122.329941",1_1610,1,Prefontaine Pl S & Yesler Way,1 - Kinnear -  Seattle,Trolley,,
Central Business District,"Seattle, WA",King,"47.604095, -122.332504",1_538,1,3rd Ave & Columbia St,1 - Kinnear -  Seattle,Trolley,,
Central Business District,"Seattle, WA",King,"47.607052, -122.335213",1_558,1,3rd Ave & Seneca St,1 - Kinnear -  Seattle,Trolley,,
Central Business District,"Seattle, WA",King,"47.609642, -122.337585",1_575,1,3rd Ave & Pike St,1 - Kinnear -  Seattle,Trolley,,
"Belltown, Denny Regrade","Seattle, WA",King,"47.612995, -122.341743",1_600,1,3rd Ave & Virginia St,1 - Kinnear -  Seattle,Trolley,,
"Belltown, Denny Regrade","Seattle, WA",King,"47.615120, -122.345337",1_605,1,3rd Ave & Bell St,1 - Kinnear -  Seattle,Trolley,,
"Belltown, Denny Regrade","Seattle, WA",King,"47.616959, -122.348450",1_1690,1,3rd Ave & Vine St,1 - Kinnear -  Seattle,Trolley,,
Belltown,"Seattle, WA",King,"47.617207, -122.352859",1_2320,1,1st Ave & Broad St,1 - Kinnear -  Seattle,Trolley,,
,"Seattle, WA",King,"47.619118, -122.355362",1_2330,1,1st Ave N & Denny Way,1 - Kinnear -  Seattle,Trolley,,
Queen Anne,"Seattle, WA",King,"47.623123, -122.355309",1_2360,1,1st Ave N & Republican St,1 - Kinnear -  Seattle,Trolley,,
Queen Anne,"Seattle, WA",King,"47.624649, -122.356552",1_2370,1,Mercer St & Queen Anne Ave N,1 - Kinnear -  Seattle,Trolley,,
Queen Anne,"Seattle, WA",King,"47.625992, -122.359215",1_2390,1,2nd Ave W & W Roy St,1 - Kinnear -  Seattle,Trolley,,
Queen Anne,"Seattle, WA",King,"47.626793, -122.360535",1_2400,1,W Olympic Pl & 3rd Ave W,1 - Kinnear -  Seattle,Trolley,,
Queen Anne,"Seattle, WA",King,"47.626797, -122.363159",1_2410,1,W Olympic Pl & 5th Ave W,1 - Kinnear -  Seattle,Trolley,,
West Queen Anne,"Seattle, WA",King,"47.627846, -122.366371",1_2420,1,Olympic Way W & 7th Ave W,1 - Kinnear -  Seattle,Trolley,,
West Queen Anne,"Seattle, WA",King,"47.629067, -122.367966",1_2430,1,Olympic Way W & W Prospect St,1 - Kinnear -  Seattle,Trolley,,
West Queen Anne,"Seattle, WA",King,"47.631279, -122.370110",1_2440,1,Olympic Way W & W Lee St,1 - Kinnear -  Seattle,Trolley,,
West Queen Anne,"Seattle, WA",King,"47.632503, -122.370308",1_2450,1,10th Ave W & W Galer St,1 - Kinnear -  Seattle,Trolley,,
West Queen Anne,"Seattle, WA",King,"47.634956, -122.370262",1_2460,1,10th Ave W & W Blaine St,1 - Kinnear -  Seattle,Trolley,,
West Queen Anne,"Seattle, WA",King,"47.636158, -122.370247",1_2470,1,10th Ave W & W Howe St,1 - Kinnear -  Seattle,Trolley,,
West Queen Anne,"Seattle, WA",King,"47.637974, -122.370224",1_2480,1,10th Ave W & W Crockett St,1 - Kinnear -  Seattle,Trolley,,
Queen Anne,"Seattle, WA",King,"47.639767, -122.370087",1_2490,1,10th Ave W & W Mcgraw St,1 - Kinnear -  Seattle,Trolley,,
Queen Anne,"Seattle, WA",King,"47.642193, -122.369965",1_2500,1,10th Ave W & W Halladay St,1 - Kinnear -  Seattle,Trolley,,
Queen Anne,"Seattle, WA",King,"47.644455, -122.370087",1_2510,1,10th Ave W & W Newell St,1 - Kinnear -  Seattle,Trolley,,
Queen Anne,"Seattle, WA",King,"47.645317, -122.369278",1_2520,1,9th Ave W & W Armour St,1 - Kinnear -  Seattle,Trolley,,
Queen Anne,"Seattle, WA",King,"47.645111, -122.370277",1_2010,1,10th Ave W & W Fulton St,1 - Kinnear -  Seattle,Trolley,,
Queen Anne,"Seattle, WA",King,"47.642651, -122.366356",1_2550,2,7th Ave W & W Pleasant Pl,2 - West Queen Anne - Seattle - Madrona Park,Trolley,,
West Queen Anne,"Seattle, WA",King,"47.639515, -122.365318",1_2570,2,W Mcgraw St & 6th Ave W,2 - West Queen Anne - Seattle - Madrona Park,Trolley,,
West Queen Anne,"Seattle, WA",King,"47.637566, -122.365089",1_2580,2,6th Ave W & W Crockett St,2 - West Queen Anne - Seattle - Madrona Park,Trolley,,
West Queen Anne,"Seattle, WA",King,"47.636024, -122.365097",1_2590,2,6th Ave W & W Howe St,2 - West Queen Anne - Seattle - Madrona Park,Trolley,,
West Queen Anne,"Seattle, WA",King,"47.634525, -122.365128",1_2600,2,6th Ave W & W Blaine St,2 - West Queen Anne - Seattle - Madrona Park,Trolley,,
West Queen Anne,"Seattle, WA",King,"47.632458, -122.365158",1_2610,2,6th Ave W & W Galer St,2 - West Queen Anne - Seattle - Madrona Park,Trolley,,
Queen Anne,"Seattle, WA",King,"47.632263, -122.362793",1_2620,2,W Galer St & 5th Ave W,2 - West Queen Anne - Seattle - Madrona Park,Trolley,,
Queen Anne,"Seattle, WA",King,"47.632244, -122.358505",1_2630,2,W Galer St & 2nd Ave W,2 - West Queen Anne - Seattle - Madrona Park,Trolley,,
Queen Anne,"Seattle, WA",King,"47.631836, -122.356697",1_2640,2,Queen Anne Ave N & W Galer St,2 - West Queen Anne - Seattle - Madrona Park,Trolley,,
Queen Anne,"Seattle, WA",King,"47.629612, -122.356728",1_2660,2,Queen Anne Ave N & W Highland Dr,2 - West Queen Anne - Seattle - Madrona Park,Trolley,,
Queen Anne,"Seattle, WA",King,"47.628513, -122.356781",1_2670,2,Queen Anne Ave N & W Prospect St,2 - West Queen Anne - Seattle - Madrona Park,Trolley,,
Queen Anne,"Seattle, WA",King,"47.626545, -122.356796",1_2680,2,Queen Anne Ave N & W Aloha St,2 - West Queen Anne - Seattle - Madrona Park,Trolley,,
Queen Anne,"Seattle, WA",King,"47.624062, -122.356812",1_2672,1,Queen Anne Ave N & W Mercer St,2 - West Queen Anne - Seattle - Madrona Park,Trolley,,
Queen Anne,"Seattle, WA",King,"47.621834, -122.356819",1_2180,1,Queen Anne Ave N & W Harrison St,2 - West Queen Anne - Seattle - Madrona Park,Trolley,,
Queen Anne,"Seattle, WA",King,"47.619267, -122.356850",1_2200,1,Queen Anne Ave N & W John St,2 - West Queen Anne - Seattle - Madrona Park,Trolley,,
Belltown,"Seattle, WA",King,"47.618515, -122.351715",1_2244,1,Denny Way & 2nd Ave N,2 - West Queen Anne - Seattle - Madrona Park,Trolley,,
Belltown,"Seattle, WA",King,"47.616776, -122.348450",1_2220,1,3rd Ave & Cedar St,2 - West Queen Anne - Seattle - Madrona Park,Trolley,,
Belltown,"Seattle, WA",King,"47.614300, -122.344269",1_400,1,3rd Ave & Bell St,2 - West Queen Anne - Seattle - Madrona Park,Trolley,,
Belltown,"Seattle, WA",King,"47.612438, -122.341110",1_420,1,3rd Ave & Virginia St,2 - West Queen Anne - Seattle - Madrona Park,Trolley,,
Central Business District,"Seattle, WA",King,"47.610897, -122.338966",1_430,1,3rd Ave & Pine St,2 - West Queen Anne - Seattle - Madrona Park,Trolley,,
Central Business District,"Seattle, WA",King,"47.608253, -122.336548",1_450,1,3rd Ave & Union St,2 - West Queen Anne - Seattle - Madrona Park,Trolley,,
Central Business District,"Seattle, WA",King,"47.604996, -122.333572",1_480,1,3rd Ave & Marion St,2 - West Queen Anne - Seattle - Madrona Park,Trolley,,
Pioneer Square,"Seattle, WA",King,"47.602818, -122.331581",1_500,1,3rd Ave & James St,2 - West Queen Anne - Seattle - Madrona Park,Trolley,,
Pioneer Square,"Seattle, WA",King,"47.600239, -122.330376",1_515,1,3rd Ave S & S Main St,2 - West Queen Anne - Seattle - Madrona Park,Trolley,,
International District,"Seattle, WA",King,"47.599125, -122.328041",1_1471,1,S Jackson St & 5th Ave S,2 - West Queen Anne - Seattle - Madrona Park,Trolley,,
Central Business District,"Seattle, WA",King,"47.606911, -122.333092",1_102,2,Spring St & 4th Ave,2 - West Queen Anne - Seattle - Madrona Park,Trolley,,
First Hill,"Seattle, WA",King,"47.609253, -122.329842",1_3150,2,Seneca St & 8th Ave,2 - West Queen Anne - Seattle - Madrona Park,Trolley,,
First Hill,"Seattle, WA",King,"47.609890, -122.328316",1_3151,2,Seneca St & 9th Ave,2 - West Queen Anne - Seattle - Madrona Park,Trolley,,
First Hill,"Seattle, WA",King,"47.610809, -122.326126",1_3152,2,Seneca St & Boren Ave,2 - West Queen Anne - Seattle - Madrona Park,Trolley,,
First Hill,"Seattle, WA",King,"47.611763, -122.323883",1_3153,2,Seneca St & Summit Ave,2 - West Queen Anne - Seattle - Madrona Park,Trolley,,
First Hill,"Seattle, WA",King,"47.612221, -122.322777",1_3154,2,Seneca St & Boylston Ave,2 - West Queen Anne - Seattle - Madrona Park,Trolley,,
First Hill,"Seattle, WA",King,"47.612884, -122.320389",1_3155,2,E Union St & Broadway,2 - West Queen Anne - Seattle - Madrona Park,Trolley,,
,"Seattle, WA",King,"47.612480, -122.317429",1_3156,2,E Madison St & 12th Ave,2 - West Queen Anne - Seattle - Madrona Park,Trolley,,
,"Seattle, WA",King,"47.612839, -122.315636",1_3160,2,E Union St & 13th Ave,2 - West Queen Anne - Seattle - Madrona Park,Trolley,,
"Central District, Minor, Squire Park","Seattle, WA",King,"47.612839, -122.309021",1_3190,2,E Union St & 18th Ave,2 - West Queen Anne - Seattle - Madrona Park,Trolley,,
"Central District, Minor, Squire Park","Seattle, WA",King,"47.612839, -122.306412",1_3200,2,E Union St & 20th Ave,2 - West Queen Anne - Seattle - Madrona Park,Trolley,,
"Central District, Mann","Seattle, WA",King,"47.612881, -122.301758",1_3210,2,E Union St & 23rd Ave,2 - West Queen Anne - Seattle - Madrona Park,Trolley,,
"Central District, Mann","Seattle, WA",King,"47.612862, -122.298477",1_3220,2,E Union St & 26th Ave,2 - West Queen Anne - Seattle - Madrona Park,Trolley,,
"Central District, Madrona","Seattle, WA",King,"47.612896, -122.295654",1_3230,2,E Union St & Martin L King Jr Way,2 - West Queen Anne - Seattle - Madrona Park,Trolley,,
"Central District, Madrona","Seattle, WA",King,"47.612881, -122.293755",1_3240,2,E Union St & 30th Ave,2 - West Queen Anne - Seattle - Madrona Park,Trolley,,
"Central District, Madrona","Seattle, WA",King,"47.612839, -122.291183",1_3250,2,E Union St & 32nd Ave,2 - West Queen Anne - Seattle - Madrona Park,Trolley,,
"Central District, Madrona","Seattle, WA",King,"47.614422, -122.289162",1_3293,2,34th Ave & E Pike St,2 - West Queen Anne - Seattle - Madrona Park,Trolley,,
"Central District, Madrona","Seattle, WA",King,"47.616692, -122.289093",1_3271,2,34th Ave & E Olive St,2 - West Queen Anne - Seattle - Madrona Park,Trolley,,
"Central District, Madrona","Seattle, WA",King,"47.617557, -122.289078",1_3280,2,34th Ave & E Howell St,2 - West Queen Anne - Seattle - Madrona Park,Trolley,,
"Central District, Madrona","Seattle, WA",King,"47.618164, -122.285149",1_3300,2,Madrona Dr & 38th Ave,2 - West Queen Anne - Seattle - Madrona Park,Trolley,,
"Central District, Madrona","Seattle, WA",King,"47.616528, -122.284698",1_3310,2,Madrona Dr & E Olive St,2 - West Queen Anne - Seattle - Madrona Park,Trolley,,
"Central District, Madrona","Seattle, WA",King,"47.615009, -122.283859",1_3320,2,Madrona Dr & E Pine St,2 - West Queen Anne - Seattle - Madrona Park,Trolley,,
"Central District, Madrona","Seattle, WA",King,"47.613480, -122.282730",1_3330,2,Madrona Dr & Newport Way,2 - West Queen Anne - Seattle - Madrona Park,Trolley,,
"Central District, Madrona","Seattle, WA",King,"47.612190, -122.281700",1_2850,2,Madrona Park & Lake Washington Blvd,2 - West Queen Anne - Seattle - Madrona Park,Trolley,,
"Broadway, Capitol Hill","Seattle, WA",King,"47.626289, -122.326691",1_13390,3,Bellevue Ave E & Bellevue Pl E,3 - Seattle Pacific University - Seattle - Madrona,Trolley,,
"Broadway, Capitol Hill","Seattle, WA",King,"47.623188, -122.326698",1_13410,3,Bellevue Ave E & E Republican St,3 - Seattle Pacific University - Seattle - Madrona,Trolley,,
"Broadway, Capitol Hill","Seattle, WA",King,"47.620651, -122.326691",1_13420,3,Bellevue Ave E & E Thomas St,3 - Seattle Pacific University - Seattle - Madrona,Trolley,,
"Broadway, Capitol Hill","Seattle, WA",King,"47.618645, -122.326820",1_13430,3,Bellevue Ave E & E Denny Way,3 - Seattle Pacific University - Seattle - Madrona,Trolley,,
"Broadway, Capitol Hill","Seattle, WA",King,"47.616734, -122.326889",1_13441,3,Bellevue Ave & E Olive Way,3 - Seattle Pacific University - Seattle - Madrona,Trolley,,
"Broadway, Capitol Hill","Seattle, WA",King,"47.615299, -122.327271",1_11100,3,E Pine St & Bellevue Ave,3 - Seattle Pacific University - Seattle - Madrona,Trolley,,
Central Business District,"Seattle, WA",King,"47.613377, -122.332603",1_1085,3,Pine St & 9th Ave,3 - Seattle Pacific University - Seattle - Madrona,Trolley,,
Central Business District,"Seattle, WA",King,"47.611767, -122.336456",1_1110,3,Pine St & 5th Ave,3 - Seattle Pacific University - Seattle - Madrona,Trolley,,
Central Business District,"Seattle, WA",King,"47.610897, -122.338966",1_430,1,3rd Ave & Pine St,3 - Seattle Pacific University - Seattle - Madrona,Trolley,,
Central Business District,"Seattle, WA",King,"47.608253, -122.336548",1_450,1,3rd Ave & Union St,3 - Seattle Pacific University - Seattle - Madrona,Trolley,,
Central Business District,"Seattle, WA",King,"47.604996, -122.333572",1_480,1,3rd Ave & Marion St,3 - Seattle Pacific University - Seattle - Madrona,Trolley,,
Pioneer Square,"Seattle, WA",King,"47.602818, -122.331581",1_500,1,3rd Ave & James St,3 - Seattle Pacific University - Seattle - Madrona,Trolley,,
Pioneer Square,"Seattle, WA",King,"47.600239, -122.330376",1_515,1,3rd Ave S & S Main St,3 - Seattle Pacific University - Seattle - Madrona,Trolley,,
International District,"Seattle, WA",King,"47.599125, -122.328041",1_1471,1,S Jackson St & 5th Ave S,3 - Seattle Pacific University - Seattle - Madrona,Trolley,,
Pioneer Square,"Seattle, WA",King,"47.602932, -122.330826",1_1560,3,James St & 3rd Ave,3 - Seattle Pacific University - Seattle - Madrona,Trolley,,
Pioneer Square,"Seattle, WA",King,"47.603771, -122.328773",1_1570,3,James St & 5th Ave,3 - Seattle Pacific University - Seattle - Madrona,Trolley,,
Yesler Terrace,"Seattle, WA",King,"47.605164, -122.325500",1_12900,3,James St & 8th Ave,3 - Seattle Pacific University - Seattle - Madrona,Trolley,,
Yesler Terrace,"Seattle, WA",King,"47.604874, -122.324242",1_12910,3,9th Ave & Jefferson St,3 - Seattle Pacific University - Seattle - Madrona,Trolley,,
Yesler Terrace,"Seattle, WA",King,"47.606144, -122.320229",1_12930,3,E Jefferson St & Broadway,3 - Seattle Pacific University - Seattle - Madrona,Trolley,,
"Central District, Minor, Squire Park","Seattle, WA",King,"47.606125, -122.316376",1_12950,3,E Jefferson St & 12th Ave,3 - Seattle Pacific University - Seattle - Madrona,Trolley,,
"Central District, Minor, Squire Park","Seattle, WA",King,"47.606125, -122.313560",1_12960,3,E Jefferson St & 14th Ave,3 - Seattle Pacific University - Seattle - Madrona,Trolley,,
"Central District, Minor, Squire Park","Seattle, WA",King,"47.606110, -122.309929",1_12980,3,E Jefferson St & 17th Ave,3 - Seattle Pacific University - Seattle - Madrona,Trolley,,
"Central District, Minor, Squire Park","Seattle, WA",King,"47.606098, -122.305962",1_12991,3,E Jefferson St & 20th Ave,3 - Seattle Pacific University - Seattle - Madrona,Trolley,,
"Central District, Minor, Squire Park","Seattle, WA",King,"47.607399, -122.304924",1_13005,3,21st Ave & E James St,3 - Seattle Pacific University - Seattle - Madrona,Trolley,,
"Central District, Mann","Seattle, WA",King,"47.607937, -122.302330",1_13020,3,E Cherry St & 23rd Ave,3 - Seattle Pacific University - Seattle - Madrona,Trolley,,
"Central District, Mann","Seattle, WA",King,"47.607937, -122.299774",1_13030,3,E Cherry St & 25th Ave,3 - Seattle Pacific University - Seattle - Madrona,Trolley,,
"Central District, Mann","Seattle, WA",King,"47.607929, -122.296364",1_13040,3,E Cherry St & Martin L King Jr Way,3 - Seattle Pacific University - Seattle - Madrona,Trolley,,
"Central District, Leschi","Seattle, WA",King,"47.607906, -122.292305",1_13060,3,E Cherry St & 31st Ave,3 - Seattle Pacific University - Seattle - Madrona,Trolley,,
"Central District, Leschi","Seattle, WA",King,"47.607883, -122.290253",1_13070,3,E Cherry St & 33rd Ave,3 - Seattle Pacific University - Seattle - Madrona,Trolley,,
"Central District, Madrona","Seattle, WA",King,"47.609474, -122.289299",1_13080,3,34th Ave & E Columbia St,3 - Seattle Pacific University - Seattle - Madrona,Trolley,,
"Central District, Madrona","Seattle, WA",King,"47.611713, -122.290230",1_13090,3,E Spring St & 34th Ave,3 - Seattle Pacific University - Seattle - Madrona,Trolley,,
"Central District, Madrona","Seattle, WA",King,"47.612503, -122.289421",1_12690,3,34th Ave & E Union St,3 - Seattle Pacific University - Seattle - Madrona,Trolley,,
Queen Anne,"Seattle, WA",King,"47.648830, -122.360985",1_41255,4,3rd Ave W & W Cremona St,4 - Seattle Pacific University - Seattle - Judkins Park,Trolley,,
Queen Anne,"Seattle, WA",King,"47.645470, -122.361000",1_41270,4,3rd Ave W & W Fulton St,4 - Seattle Pacific University - Seattle - Judkins Park,Trolley,,
Queen Anne,"Seattle, WA",King,"47.643066, -122.361031",1_41280,4,3rd Ave W & W Raye St,4 - Seattle Pacific University - Seattle - Judkins Park,Trolley,,
Queen Anne,"Seattle, WA",King,"47.641590, -122.361031",1_41290,4,3rd Ave W & W Smith St,4 - Seattle Pacific University - Seattle - Judkins Park,Trolley,,
Queen Anne,"Seattle, WA",King,"47.639839, -122.361046",1_41300,4,3rd Ave W & W Mcgraw St,4 - Seattle Pacific University - Seattle - Judkins Park,Trolley,,
West Queen Anne,"Seattle, WA",King,"47.639515, -122.359184",1_3910,4,W Mcgraw St & 2nd Ave W,4 - Seattle Pacific University - Seattle - Judkins Park,Trolley,,
West Queen Anne,"Seattle, WA",King,"47.639320, -122.357010",1_3920,4,Queen Anne Ave N & W Mcgraw St,4 - Seattle Pacific University - Seattle - Judkins Park,Trolley,,
Queen Anne,"Seattle, WA",King,"47.638325, -122.356552",1_3930,4,Boston St & Queen Anne Ave N,4 - Seattle Pacific University - Seattle - Judkins Park,Trolley,,
Queen Anne,"Seattle, WA",King,"47.638195, -122.354500",1_3940,4,Boston St & Warren Ave N,4 - Seattle Pacific University - Seattle - Judkins Park,Trolley,,
Queen Anne,"Seattle, WA",King,"47.638187, -122.350853",1_3950,4,Boston St & Nob Hill Ave N,4 - Seattle Pacific University - Seattle - Judkins Park,Trolley,,
Queen Anne,"Seattle, WA",King,"47.638187, -122.348404",1_3960,4,Boston St & Bigelow Ave N,4 - Seattle Pacific University - Seattle - Judkins Park,Trolley,,
Queen Anne,"Seattle, WA",King,"47.636307, -122.347229",1_3980,4,5th Ave N & Newton St,4 - Seattle Pacific University - Seattle - Judkins Park,Trolley,,
Queen Anne,"Seattle, WA",King,"47.634609, -122.347519",1_3990,4,Taylor Ave N & Blaine St,4 - Seattle Pacific University - Seattle - Judkins Park,Trolley,,
Queen Anne,"Seattle, WA",King,"47.633144, -122.346054",1_4000,4,Taylor Ave N & Garfield St,4 - Seattle Pacific University - Seattle - Judkins Park,Trolley,,
Queen Anne,"Seattle, WA",King,"47.631092, -122.346375",1_4010,4,Taylor Ave N & Lee St,4 - Seattle Pacific University - Seattle - Judkins Park,Trolley,,
Queen Anne,"Seattle, WA",King,"47.628971, -122.346344",1_4020,4,Taylor Ave N & Prospect St,4 - Seattle Pacific University - Seattle - Judkins Park,Trolley,,
,"Seattle, WA",King,"47.625935, -122.347656",1_4040,4,5th Ave N & Valley St,4 - Seattle Pacific University - Seattle - Judkins Park,Trolley,,
Queen Anne,"Seattle, WA",King,"47.623612, -122.347672",1_4050,4,5th Ave N & Republican St,4 - Seattle Pacific University - Seattle - Judkins Park,Trolley,,
Queen Anne,"Seattle, WA",King,"47.621288, -122.347710",1_4070,4,5th Ave N & Broad St,4 - Seattle Pacific University - Seattle - Judkins Park,Trolley,,
Cascade,"Seattle, WA",King,"47.619213, -122.347725",1_4080,4,5th Ave N & Denny Way,4 - Seattle Pacific University - Seattle - Judkins Park,Trolley,,
Belltown,"Seattle, WA",King,"47.616776, -122.348450",1_2220,1,3rd Ave & Cedar St,4 - Seattle Pacific University - Seattle - Judkins Park,Trolley,,
Belltown,"Seattle, WA",King,"47.614300, -122.344269",1_400,1,3rd Ave & Bell St,4 - Seattle Pacific University - Seattle - Judkins Park,Trolley,,
Belltown,"Seattle, WA",King,"47.612438, -122.341110",1_420,1,3rd Ave & Virginia St,4 - Seattle Pacific University - Seattle - Judkins Park,Trolley,,
Central Business District,"Seattle, WA",King,"47.610897, -122.338966",1_430,1,3rd Ave & Pine St,4 - Seattle Pacific University - Seattle - Judkins Park,Trolley,,
Central Business District,"Seattle, WA",King,"47.608253, -122.336548",1_450,1,3rd Ave & Union St,4 - Seattle Pacific University - Seattle - Judkins Park,Trolley,,
Central Business District,"Seattle, WA",King,"47.604996, -122.333572",1_480,1,3rd Ave & Marion St,4 - Seattle Pacific University - Seattle - Judkins Park,Trolley,,
Pioneer Square,"Seattle, WA",King,"47.602818, -122.331581",1_500,1,3rd Ave & James St,4 - Seattle Pacific University - Seattle - Judkins Park,Trolley,,
Pioneer Square,"Seattle, WA",King,"47.600239, -122.330376",1_515,1,3rd Ave S & S Main St,4 - Seattle Pacific University - Seattle - Judkins Park,Trolley,,
International District,"Seattle, WA",King,"47.599125, -122.328041",1_1471,1,S Jackson St & 5th Ave S,4 - Seattle Pacific University - Seattle - Judkins Park,Trolley,,
Pioneer Square,"Seattle, WA",King,"47.602932, -122.330826",1_1560,3,James St & 3rd Ave,4 - Seattle Pacific University - Seattle - Judkins Park,Trolley,,
Pioneer Square,"Seattle, WA",King,"47.603771, -122.328773",1_1570,3,James St & 5th Ave,4 - Seattle Pacific University - Seattle - Judkins Park,Trolley,,
Yesler Terrace,"Seattle, WA",King,"47.605164, -122.325500",1_12900,3,James St & 8th Ave,4 - Seattle Pacific University - Seattle - Judkins Park,Trolley,,
Yesler Terrace,"Seattle, WA",King,"47.604874, -122.324242",1_12910,3,9th Ave & Jefferson St,4 - Seattle Pacific University - Seattle - Judkins Park,Trolley,,
Yesler Terrace,"Seattle, WA",King,"47.606144, -122.320229",1_12930,3,E Jefferson St & Broadway,4 - Seattle Pacific University - Seattle - Judkins Park,Trolley,,
"Central District, Minor, Squire Park","Seattle, WA",King,"47.606125, -122.316376",1_12950,3,E Jefferson St & 12th Ave,4 - Seattle Pacific University - Seattle - Judkins Park,Trolley,,
"Central District, Minor, Squire Park","Seattle, WA",King,"47.606125, -122.313560",1_12960,3,E Jefferson St & 14th Ave,4 - Seattle Pacific University - Seattle - Judkins Park,Trolley,,
"Central District, Minor, Squire Park","Seattle, WA",King,"47.606110, -122.309929",1_12980,3,E Jefferson St & 17th Ave,4 - Seattle Pacific University - Seattle - Judkins Park,Trolley,,
"Central District, Minor, Squire Park","Seattle, WA",King,"47.606098, -122.305962",1_12991,3,E Jefferson St & 20th Ave,4 - Seattle Pacific University - Seattle - Judkins Park,Trolley,,
"Central District, Minor, Squire Park","Seattle, WA",King,"47.607399, -122.304924",1_13005,3,21st Ave & E James St,4 - Seattle Pacific University - Seattle - Judkins Park,Trolley,,
"Central District, Minor, Squire Park","Seattle, WA",King,"47.605900, -122.302887",1_12600,4,23rd Ave & E Jefferson St,4 - Seattle Pacific University - Seattle - Judkins Park,Trolley,,
"Atlantic, Central District, Squire Park","Seattle, WA",King,"47.601257, -122.302361",1_12630,4,23rd Ave S & E Yesler Way,4 - Seattle Pacific University - Seattle - Judkins Park,Trolley,,
,"Seattle, WA",King,"47.598976, -122.302315",1_12640,4,23rd Ave S & S Jackson St,4 - Seattle Pacific University - Seattle - Judkins Park,Trolley,,
,"Seattle, WA",King,"47.595501, -122.301636",1_12660,4,S Dearborn St & 24th Ave S,4 - Seattle Pacific University - Seattle - Judkins Park,Trolley,,
,"Seattle, WA",King,"47.592743, -122.301292",1_12670,4,24th Ave S & S Norman St,4 - Seattle Pacific University - Seattle - Judkins Park,Trolley,,
"Atlantic, Central District","Seattle, WA",King,"47.590015, -122.297630",1_12479,4,Martin L King Jr Way S & S Irving St,4 - Seattle Pacific University - Seattle - Judkins Park,Trolley,,
"Atlantic, Central District","Seattle, WA",King,"47.587997, -122.298195",1_12487,4,Martin L King Jr Way S & S Massachusetts St,4 - Seattle Pacific University - Seattle - Judkins Park,Trolley,,
"Atlantic, Central District","Seattle, WA",King,"47.584259, -122.298248",1_12484,4,Martin L King Jr Way S & S Hill St,4 - Seattle Pacific University - Seattle - Judkins Park,Trolley,,
"Atlantic, Central District","Seattle, WA",King,"47.583714, -122.299629",1_12485,4,S Walker St & 25th Ave S,4 - Seattle Pacific University - Seattle - Judkins Park,Trolley,,
"Belltown, Denny Regrade","Seattle, WA",King,"47.614227, -122.338394",1_880,7,Virginia St & 6th Ave,7 - Prentice St - Columbia City - Seattle,Trolley,,
Central Business District,"Seattle, WA",King,"47.610897, -122.338966",1_430,1,3rd Ave & Pine St,7 - Prentice St - Columbia City - Seattle,Trolley,,
Central Business District,"Seattle, WA",King,"47.608253, -122.336548",1_450,1,3rd Ave & Union St,7 - Prentice St - Columbia City - Seattle,Trolley,,
Central Business District,"Seattle, WA",King,"47.604996, -122.333572",1_480,1,3rd Ave & Marion St,7 - Prentice St - Columbia City - Seattle,Trolley,,
Pioneer Square,"Seattle, WA",King,"47.602818, -122.331581",1_500,1,3rd Ave & James St,7 - Prentice St - Columbia City - Seattle,Trolley,,
Pioneer Square,"Seattle, WA",King,"47.600239, -122.330376",1_515,1,3rd Ave S & S Main St,7 - Prentice St - Columbia City - Seattle,Trolley,,
International District,"Seattle, WA",King,"47.599125, -122.328041",1_1471,1,S Jackson St & 5th Ave S,7 - Prentice St - Columbia City - Seattle,Trolley,,
International District,"Seattle, WA",King,"47.599117, -122.324570",1_1480,7,S Jackson St & Maynard Ave S,7 - Prentice St - Columbia City - Seattle,Trolley,,
International District,"Seattle, WA",King,"47.599117, -122.322044",1_1490,7,S Jackson St & 8th Ave S,7 - Prentice St - Columbia City - Seattle,Trolley,,
International District,County:,King,"47.599129, -122.317642",1_8541,7,S Jackson St & 12th Ave S,7 - Prentice St - Columbia City - Seattle,Trolley,,
International District,"Seattle, WA",King,"47.598473, -122.313629",1_8550,7,Rainier Ave S & S King St,7 - Prentice St - Columbia City - Seattle,Trolley,,
"Beacon Hill, North Beacon Hill","Seattle, WA",King,"47.593727, -122.309998",1_8590,7,Rainier Ave S & S Charles St,7 - Prentice St - Columbia City - Seattle,Trolley,,
"Beacon Hill, North Beacon Hill","Seattle, WA",King,"47.589027, -122.306412",1_8608,7,Rainier Ave S & I-90,7 - Prentice St - Columbia City - Seattle,Trolley,,
"Beacon Hill, North Beacon Hill","Seattle, WA",King,"47.587524, -122.305252",1_8620,7,Rainier Ave S & S State St,7 - Prentice St - Columbia City - Seattle,Trolley,,
"Beacon Hill, North Beacon Hill","Seattle, WA",King,"47.583733, -122.302368",1_8641,7,Rainier Ave S & S Walker St,7 - Prentice St - Columbia City - Seattle,Trolley,,
"Beacon Hill, North Beacon Hill","Seattle, WA",King,"47.580791, -122.300133",1_8660,7,Rainier Ave S & S Bayview St,7 - Prentice St - Columbia City - Seattle,Trolley,,
"Beacon Hill, North Beacon Hill","Seattle, WA",King,"47.576828, -122.297112",1_8681,7,Rainier Ave S & S Forest St - Bay 4,7 - Prentice St - Columbia City - Seattle,Trolley,,
"Columbia City, Rainier Valley","Seattle, WA",King,"47.572689, -122.293945",1_8710,7,Rainier Ave S & S Walden St,7 - Prentice St - Columbia City - Seattle,Trolley,,
"Columbia City, Rainier Valley","Seattle, WA",King,"47.569950, -122.291237",1_8730,7,Rainier Ave S & Letitia Ave S,7 - Prentice St - Columbia City - Seattle,Trolley,,
"Columbia City, Rainier Valley","Seattle, WA",King,"47.568123, -122.289490",1_8740,7,Rainier Ave S & S Andover St,7 - Prentice St - Columbia City - Seattle,Trolley,,
"Columbia City, Rainier Valley","Seattle, WA",King,"47.563683, -122.288177",1_8760,7,Rainier Ave S & S Genesee St,7 - Prentice St - Columbia City - Seattle,Trolley,,
"Columbia City, Rainier Valley","Seattle, WA",King,"47.560547, -122.286980",1_8780,7,Rainier Ave S & S Alaska St,7 - Prentice St - Columbia City - Seattle,Trolley,,
"Columbia City, Rainier Valley","Seattle, WA",King,"47.558830, -122.285652",1_8790,7,Rainier Ave S & S Edmunds St,7 - Prentice St - Columbia City - Seattle,Trolley,,
"Columbia City, Rainier Valley","Seattle, WA",King,"47.555328, -122.282974",1_8810,7,Rainier Ave S & S Dawson St,7 - Prentice St - Columbia City - Seattle,Trolley,,
"Columbia City, Rainier Valley","Seattle, WA",King,"47.553432, -122.279884",1_8820,7,Rainier Ave S & S Brandon St,7 - Prentice St - Columbia City - Seattle,Trolley,,
"Columbia City, Rainier Valley","Seattle, WA",King,"47.550926, -122.277634",1_8840,7,Rainier Ave S & S Orcas St,7 - Prentice St - Columbia City - Seattle,Trolley,,
"Columbia City, Rainier Valley","Seattle, WA",King,"47.548695, -122.277061",1_8850,7,Rainier Ave S & S Kenny St,7 - Prentice St - Columbia City - Seattle,Trolley,,
"Brighton, Rainier Valley","Seattle, WA",King,"47.545670, -122.275665",1_8870,7,Rainier Ave S & S Graham St,7 - Prentice St - Columbia City - Seattle,Trolley,,
"Brighton, Rainier Valley","Seattle, WA",King,"47.542221, -122.272743",1_8890,7,Rainier Ave S & S Holly St,7 - Prentice St - Columbia City - Seattle,Trolley,,
"Brighton, Rainier Valley","Seattle, WA",King,"47.539314, -122.270927",1_8905,7,Rainier Ave S & S Frontenac St,7 - Prentice St - Columbia City - Seattle,Trolley,,
"Brighton, Rainier Valley","Seattle, WA",King,"47.536625, -122.270294",1_8920,7,Rainier Ave S & S Othello St,7 - Prentice St - Columbia City - Seattle,Trolley,,
"Brighton, Rainier Valley","Seattle, WA",King,"47.533348, -122.270088",1_8940,7,Rainier Ave S & S Holden St,7 - Prentice St - Columbia City - Seattle,Trolley,,
"Dunlap, Rainier Valley","Seattle, WA",King,"47.528767, -122.270088",1_8970,7,Rainier Ave S & S Rose St,7 - Prentice St - Columbia City - Seattle,Trolley,,
"Dunlap, Rainier Valley","Seattle, WA",King,"47.525925, -122.270088",1_8990,7,Rainier Ave S & S Cloverdale St,7 - Prentice St - Columbia City - Seattle,Trolley,,
"Dunlap, Rainier Valley","Seattle, WA",King,"47.522980, -122.270088",1_9000,7,Rainier Ave S & S Henderson St,7 - Prentice St - Columbia City - Seattle,Trolley,,
"Dunlap, Rainier Valley","Seattle, WA",King,"47.520458, -122.270065",1_9010,7,Rainier Ave S & 51st Ave S,7 - Prentice St - Columbia City - Seattle,Trolley,,
"Rainier Beach, Rainier Valley","Seattle, WA",King,"47.519813, -122.264709",1_9030,7,Rainier Ave S & 54th Ave S,7 - Prentice St - Columbia City - Seattle,Trolley,,
"Rainier Beach, Rainier Valley","Seattle, WA",King,"47.519062, -122.261421",1_9050,7,Waters Ave S & S Fletcher St,7 - Prentice St - Columbia City - Seattle,Trolley,,
"Rainier Beach, Rainier Valley","Seattle, WA",King,"47.517746, -122.259682",1_9060,7,Waters Ave S & S Carver St,7 - Prentice St - Columbia City - Seattle,Trolley,,
"Rainier Beach, Rainier Valley","Seattle, WA",King,"47.515766, -122.257126",1_9080,7,Waters Ave S & 61st Ave S,7 - Prentice St - Columbia City - Seattle,Trolley,,
"Rainier Beach, Rainier Valley","Seattle, WA",King,"47.514790, -122.255966",1_9090,7,Waters Ave S & 62nd Ave S,7 - Prentice St - Columbia City - Seattle,Trolley,,
"Rainier Beach, Rainier Valley","Seattle, WA",King,"47.511417, -122.255981",1_9110,7,62nd Ave S & S Cooper St,7 - Prentice St - Columbia City - Seattle,Trolley,,
"Rainier Beach, Rainier Valley","Seattle, WA",King,"47.508312, -122.256004",1_7950,7,62nd Ave S & S Prentice St,7 - Prentice St - Columbia City - Seattle,Trolley,,
"Rainier Beach, Rainier Valley","Seattle, WA",King,"47.508122, -122.253754",1_7960,7,S Prentice St & 64th Ave S,7 - Prentice St - Columbia City - Seattle,Trolley,,
"Rainier Beach, Rainier Valley","Seattle, WA",King,"47.509659, -122.253441",1_7970,7,64th Ave S & S Ryan St,7 - Prentice St - Columbia City - Seattle,Trolley,,
"Rainier Beach, Rainier Valley","Seattle, WA",King,"47.511494, -122.253426",1_7980,7,64th Ave S & S Cooper St,7 - Prentice St - Columbia City - Seattle,Trolley,,
"Rainier Beach, Rainier Valley","Seattle, WA",King,"47.513691, -122.254097",1_8000,7,Waters Ave S & S Norfolk St,7 - Prentice St - Columbia City - Seattle,Trolley,,
"Rainier Beach, Rainier Valley","Seattle, WA",King,"47.515606, -122.256660",1_8010,7,Waters Ave S & S Pilgrim St,7 - Prentice St - Columbia City - Seattle,Trolley,,
"Rainier Beach, Rainier Valley","Seattle, WA",King,"47.518105, -122.259903",1_8030,7,Waters Ave S & S Carver St,7 - Prentice St - Columbia City - Seattle,Trolley,,
"Rainier Beach, Rainier Valley","Seattle, WA",King,"47.519527, -122.261482",1_8040,7,57th Ave S & Waters Ave S,7 - Prentice St - Columbia City - Seattle,Trolley,,
"Dunlap, Rainier Valley","Seattle, WA",King,"47.520100, -122.263481",1_8050,7,Rainier Ave S & Seward Park Ave S,7 - Prentice St - Columbia City - Seattle,Trolley,,
"Dunlap, Rainier Valley","Seattle, WA",King,"47.519917, -122.267807",1_8070,7,Rainier Ave S & 52nd Ave S,7 - Prentice St - Columbia City - Seattle,Trolley,,
"Dunlap, Rainier Valley","Seattle, WA",King,"47.521328, -122.269897",1_8080,7,Rainier Ave S & S Fisher Pl,7 - Prentice St - Columbia City - Seattle,Trolley,,
"Dunlap, Rainier Valley","Seattle, WA",King,"47.522873, -122.269890",1_8090,7,Rainier Ave S & S Henderson St,7 - Prentice St - Columbia City - Seattle,Trolley,,
"Dunlap, Rainier Valley","Seattle, WA",King,"47.523235, -122.268219",1_31137,7,S Henderson St & Rainier Ave S,7 - Prentice St - Columbia City - Seattle,Trolley,,
Central Business District,"Seattle, WA",King,"47.613377, -122.332603",1_1085,3,Pine St & 9th Ave,10 - Capitol Hill - Seattle,Trolley,,
Central Business District,"Seattle, WA",King,"47.611767, -122.336456",1_1110,3,Pine St & 5th Ave,10 - Capitol Hill - Seattle,Trolley,,
Central Business District,"Seattle, WA",King,"47.611103, -122.338028",1_1120,10,Pine St & 4th Ave,10 - Capitol Hill - Seattle,Trolley,,
Central Business District,"Seattle, WA",King,"47.610073, -122.336838",1_1180,3,Pike St & 4th Ave,10 - Capitol Hill - Seattle,Trolley,,
Central Business District,"Seattle, WA",King,"47.611034, -122.334526",1_1190,3,Pike St & 6th Ave,10 - Capitol Hill - Seattle,Trolley,,
,"Seattle, WA",King,"47.611809, -122.332687",1_1195,3,Pike St & 7th Ave,10 - Capitol Hill - Seattle,Trolley,,
First Hill,"Seattle, WA",King,"47.613785, -122.327957",1_11133,3,Pike St & Minor Ave,10 - Capitol Hill - Seattle,Trolley,,
"Broadway, Capitol Hill","Seattle, WA",King,"47.615158, -122.324638",1_11140,10,E Pine St & Summit Ave,10 - Capitol Hill - Seattle,Trolley,,
"Broadway, Capitol Hill","Seattle, WA",King,"47.615162, -122.321617",1_11150,10,E Pine St & Harvard Ave,10 - Capitol Hill - Seattle,Trolley,,
"Broadway, Capitol Hill","Seattle, WA",King,"47.615200, -122.316483",1_11520,10,E Pine St & 12th Ave,10 - Capitol Hill - Seattle,Trolley,,
"Capitol Hill, Stevens","Seattle, WA",King,"47.615700, -122.312668",1_11569,10,15th Ave & E Pine St,10 - Capitol Hill - Seattle,Trolley,,
"Capitol Hill, Stevens","Seattle, WA",King,"47.618794, -122.312645",1_11567,10,15th Ave E & E Denny Way,10 - Capitol Hill - Seattle,Trolley,,
"Capitol Hill, Stevens","Seattle, WA",King,"47.620773, -122.312607",1_11565,10,15th Ave E & E Thomas St,10 - Capitol Hill - Seattle,Trolley,,
"Capitol Hill, Stevens","Seattle, WA",King,"47.622963, -122.312538",1_11570,10,15th Ave E & E Harrison St,10 - Capitol Hill - Seattle,Trolley,,
"Capitol Hill, Stevens","Seattle, WA",King,"47.625423, -122.312492",1_11590,10,15th Ave E & E Roy St,10 - Capitol Hill - Seattle,Trolley,,
"Capitol Hill, Stevens","Seattle, WA",King,"47.627098, -122.312469",1_11600,10,15th Ave E & E Aloha St,10 - Capitol Hill - Seattle,Trolley,,
"Capitol Hill, Stevens","Seattle, WA",King,"47.628902, -122.312454",1_11610,10,15th Ave E & E Prospect St,10 - Capitol Hill - Seattle,Trolley,,
"Capitol Hill, Stevens","Seattle, WA",King,"47.630833, -122.312424",1_11620,10,15th Ave E & E Highland Dr,10 - Capitol Hill - Seattle,Trolley,,
"Capitol Hill, Stevens","Seattle, WA",King,"47.632523, -122.311821",1_11630,10,Grandview Pl E & E Galer St,10 - Capitol Hill - Seattle,Trolley,,
"Capitol Hill, Stevens","Seattle, WA",King,"47.634079, -122.311798",1_11640,10,Grandview Pl E & E Garfield St,10 - Capitol Hill - Seattle,Trolley,,
"Broadway, Capitol Hill","Seattle, WA",King,"47.632500, -122.312607",1_11370,10,15th Ave E & E Galer St,10 - Capitol Hill - Seattle,Trolley,,
Central Business District,"Seattle, WA",King,"47.613377, -122.332603",1_1085,3,Pine St & 9th Ave,12 - Interlaken Park - Seattle,Trolley,,
Central Business District,"Seattle, WA",King,"47.611767, -122.336456",1_1110,3,Pine St & 5th Ave,12 - Interlaken Park - Seattle,Trolley,,
Central Business District,"Seattle, WA",King,"47.611103, -122.338028",1_1120,10,Pine St & 4th Ave,12 - Interlaken Park - Seattle,Trolley,,
Central Business District,"Seattle, WA",King,"47.610073, -122.336838",1_1180,3,Pike St & 4th Ave,12 - Interlaken Park - Seattle,Trolley,,
Central Business District,"Seattle, WA",King,"47.611034, -122.334526",1_1190,3,Pike St & 6th Ave,12 - Interlaken Park - Seattle,Trolley,,
,"Seattle, WA",King,"47.611809, -122.332687",1_1195,3,Pike St & 7th Ave,12 - Interlaken Park - Seattle,Trolley,,
First Hill,"Seattle, WA",King,"47.613785, -122.327957",1_11133,3,Pike St & Minor Ave,12 - Interlaken Park - Seattle,Trolley,,
"Broadway, Capitol Hill","Seattle, WA",King,"47.615158, -122.324638",1_11140,10,E Pine St & Summit Ave,12 - Interlaken Park - Seattle,Trolley,,
"Broadway, Capitol Hill","Seattle, WA",King,"47.615162, -122.321617",1_11150,10,E Pine St & Harvard Ave,12 - Interlaken Park - Seattle,Trolley,,
"Broadway, Capitol Hill","Seattle, WA",King,"47.615200, -122.316483",1_11520,10,E Pine St & 12th Ave,12 - Interlaken Park - Seattle,Trolley,,
"Capitol Hill, Stevens","Seattle, WA",King,"47.615212, -122.311852",1_11535,12,E Pine St & 15th Ave,12 - Interlaken Park - Seattle,Trolley,,
"Central District, Minor","Seattle, WA",King,"47.615696, -122.309723",1_107,12,E Madison St & 17th Ave,12 - Interlaken Park - Seattle,Trolley,,
"Central District, Minor","Seattle, WA",King,"47.616230, -122.308426",1_12373,12,E Madison St & 18th Ave,12 - Interlaken Park - Seattle,Trolley,,
"Capitol Hill, Stevens","Seattle, WA",King,"47.618698, -122.307274",1_13310,12,19th Ave E & E Denny Way,12 - Interlaken Park - Seattle,Trolley,,
"Capitol Hill, Stevens","Seattle, WA",King,"47.619873, -122.307259",1_13320,12,19th Ave E & E John St,12 - Interlaken Park - Seattle,Trolley,,
"Capitol Hill, Stevens","Seattle, WA",King,"47.620682, -122.307251",1_13330,12,19th Ave E & E Thomas St,12 - Interlaken Park - Seattle,Trolley,,
"Capitol Hill, Stevens","Seattle, WA",King,"47.621860, -122.307236",1_13340,12,19th Ave E & E Harrison St,12 - Interlaken Park - Seattle,Trolley,,
"Capitol Hill, Stevens","Seattle, WA",King,"47.623402, -122.307205",1_13350,12,19th Ave E & E Republican St,12 - Interlaken Park - Seattle,Trolley,,
"Capitol Hill, Stevens","Seattle, WA",King,"47.625469, -122.307220",1_13360,12,19th Ave E & E Roy St,12 - Interlaken Park - Seattle,Trolley,,
"Capitol Hill, Stevens","Seattle, WA",King,"47.627045, -122.307190",1_13370,12,19th Ave E & E Aloha St,12 - Interlaken Park - Seattle,Trolley,,
"Capitol Hill, Stevens","Seattle, WA",King,"47.628861, -122.307167",1_13380,12,19th Ave E & E Prospect St,12 - Interlaken Park - Seattle,Trolley,,
"Capitol Hill, Stevens","Seattle, WA",King,"47.630806, -122.307152",1_13381,12,19th Ave E & E Highland Dr,12 - Interlaken Park - Seattle,Trolley,,
"Capitol Hill, Stevens","Seattle, WA",King,"47.632507, -122.307373",1_13190,12,Interlaken Turnback Loop & 19th Ave E,12 - Interlaken Park - Seattle,Trolley,,
"Capitol Hill, Stevens","Seattle, WA",King,"47.631897, -122.307327",1_13200,12,19th Ave E & E Galer St,12 - Interlaken Park - Seattle,Trolley,,
International District,"Seattle, WA",King,"47.599266, -122.328384",1_1530,1,S Jackson St & 5th Ave S,13 - Seattle Pacific University - Queen Anne - Seattle,Trolley,,
Pioneer Square,"Seattle, WA",King,"47.601658, -122.329941",1_1610,1,Prefontaine Pl S & Yesler Way,13 - Seattle Pacific University - Queen Anne - Seattle,Trolley,,
Central Business District,"Seattle, WA",King,"47.604095, -122.332504",1_538,1,3rd Ave & Columbia St,13 - Seattle Pacific University - Queen Anne - Seattle,Trolley,,
Central Business District,"Seattle, WA",King,"47.607052, -122.335213",1_558,1,3rd Ave & Seneca St,13 - Seattle Pacific University - Queen Anne - Seattle,Trolley,,
First Hill,"Seattle, WA",King,"47.609280, -122.330170",1_3037,2,Seneca St & 8th Ave,13 - Seattle Pacific University - Queen Anne - Seattle,Trolley,,
Central Business District,"Seattle, WA",King,"47.608742, -122.331482",1_1260,2,Seneca St & 6th Ave,13 - Seattle Pacific University - Queen Anne - Seattle,Trolley,,
Central Business District,"Seattle, WA",King,"47.607422, -122.334610",1_1250,2,Seneca St & 4th Ave,13 - Seattle Pacific University - Queen Anne - Seattle,Trolley,,
Central Business District,"Seattle, WA",King,"47.609642, -122.337585",1_575,1,3rd Ave & Pike St,13 - Seattle Pacific University - Queen Anne - Seattle,Trolley,,
"Belltown, Denny Regrade","Seattle, WA",King,"47.612995, -122.341743",1_600,1,3rd Ave & Virginia St,13 - Seattle Pacific University - Queen Anne - Seattle,Trolley,,
"Belltown, Denny Regrade","Seattle, WA",King,"47.615120, -122.345337",1_605,1,3rd Ave & Bell St,13 - Seattle Pacific University - Queen Anne - Seattle,Trolley,,
"Belltown, Denny Regrade","Seattle, WA",King,"47.616959, -122.348450",1_1690,1,3rd Ave & Vine St,13 - Seattle Pacific University - Queen Anne - Seattle,Trolley,,
,"Seattle, WA",King,"47.618660, -122.352615",1_20829,2,Denny Way & 2nd Ave N,13 - Seattle Pacific University - Queen Anne - Seattle,Trolley,,
,"Seattle, WA",King,"47.619118, -122.355362",1_2330,1,1st Ave N & Denny Way,13 - Seattle Pacific University - Queen Anne - Seattle,Trolley,,
Queen Anne,"Seattle, WA",King,"47.623123, -122.355309",1_2360,1,1st Ave N & Republican St,13 - Seattle Pacific University - Queen Anne - Seattle,Trolley,,
Queen Anne,"Seattle, WA",King,"47.624737, -122.355309",1_2690,2,1st Ave N & Mercer St,13 - Seattle Pacific University - Queen Anne - Seattle,Trolley,,
Queen Anne,"Seattle, WA",King,"47.627110, -122.356590",1_2710,2,Queen Anne Ave N & Aloha St,13 - Seattle Pacific University - Queen Anne - Seattle,Trolley,,
Queen Anne,"Seattle, WA",King,"47.628319, -122.356575",1_2720,2,Queen Anne Ave N & Ward St,13 - Seattle Pacific University - Queen Anne - Seattle,Trolley,,
Queen Anne,"Seattle, WA",King,"47.629791, -122.356522",1_2730,2,Queen Anne Ave N & Highland Dr,13 - Seattle Pacific University - Queen Anne - Seattle,Trolley,,
Queen Anne,"Seattle, WA",King,"47.631493, -122.356491",1_2740,2,Queen Anne Ave N & W Lee St,13 - Seattle Pacific University - Queen Anne - Seattle,Trolley,,
Queen Anne,"Seattle, WA",King,"47.633827, -122.356873",1_4465,13,Queen Anne Ave N & Garfield St,13 - Seattle Pacific University - Queen Anne - Seattle,Trolley,,
Queen Anne,"Seattle, WA",King,"47.637478, -122.356834",1_4490,13,Queen Anne Ave N & Crockett St,13 - Seattle Pacific University - Queen Anne - Seattle,Trolley,,
Queen Anne,"Seattle, WA",King,"47.639656, -122.357246",1_41340,4,W Mcgraw St & Queen Anne Ave N,13 - Seattle Pacific University - Queen Anne - Seattle,Trolley,,
Queen Anne,"Seattle, WA",King,"47.639656, -122.360649",1_41350,4,W Mcgraw St & 3rd Ave W,13 - Seattle Pacific University - Queen Anne - Seattle,Trolley,,
Queen Anne,"Seattle, WA",King,"47.641304, -122.360825",1_41360,4,3rd Ave W & W Smith St,13 - Seattle Pacific University - Queen Anne - Seattle,Trolley,,
Queen Anne,"Seattle, WA",King,"47.643425, -122.360786",1_41370,4,3rd Ave W & W Raye St,13 - Seattle Pacific University - Queen Anne - Seattle,Trolley,,
Queen Anne,"Seattle, WA",King,"47.645336, -122.360786",1_41380,4,3rd Ave W & W Armour St,13 - Seattle Pacific University - Queen Anne - Seattle,Trolley,,
Queen Anne,"Seattle, WA",King,"47.649097, -122.360786",1_41390,4,3rd Ave W & W Dravus St,13 - Seattle Pacific University - Queen Anne - Seattle,Trolley,,
Queen Anne,"Seattle, WA",King,"47.650680, -122.360550",1_18220,4,W Nickerson St & 3rd Ave W,13 - Seattle Pacific University - Queen Anne - Seattle,Trolley,,
Queen Anne,"Seattle, WA",King,"47.648830, -122.360985",1_41255,4,3rd Ave W & W Cremona St,13 - Seattle Pacific University - Queen Anne - Seattle,Trolley,,
Belltown,"Seattle, WA",King,"47.616776, -122.348450",1_2220,1,3rd Ave & Cedar St,14 - Mount Baker - Seattle,Trolley,,
Belltown,"Seattle, WA",King,"47.614300, -122.344269",1_400,1,3rd Ave & Bell St,14 - Mount Baker - Seattle,Trolley,,
Belltown,"Seattle, WA",King,"47.612438, -122.341110",1_420,1,3rd Ave & Virginia St,14 - Mount Baker - Seattle,Trolley,,
Central Business District,"Seattle, WA",King,"47.610897, -122.338966",1_430,1,3rd Ave & Pine St,14 - Mount Baker - Seattle,Trolley,,
Central Business District,"Seattle, WA",King,"47.608253, -122.336548",1_450,1,3rd Ave & Union St,14 - Mount Baker - Seattle,Trolley,,
Central Business District,"Seattle, WA",King,"47.604996, -122.333572",1_480,1,3rd Ave & Marion St,14 - Mount Baker - Seattle,Trolley,,
Pioneer Square,"Seattle, WA",King,"47.602818, -122.331581",1_500,1,3rd Ave & James St,14 - Mount Baker - Seattle,Trolley,,
Pioneer Square,"Seattle, WA",King,"47.600239, -122.330376",1_515,1,3rd Ave S & S Main St,14 - Mount Baker - Seattle,Trolley,,
International District,"Seattle, WA",King,"47.599125, -122.328041",1_1471,1,S Jackson St & 5th Ave S,14 - Mount Baker - Seattle,Trolley,,
International District,"Seattle, WA",King,"47.599117, -122.324570",1_1480,7,S Jackson St & Maynard Ave S,14 - Mount Baker - Seattle,Trolley,,
International District,"Seattle, WA",King,"47.599117, -122.322044",1_1490,7,S Jackson St & 8th Ave S,14 - Mount Baker - Seattle,Trolley,,
International District,County:,King,"47.599129, -122.317642",1_8541,7,S Jackson St & 12th Ave S,14 - Mount Baker - Seattle,Trolley,,
"Atlantic, Central District","Seattle, WA",King,"47.599148, -122.313354",1_11960,14,S Jackson St & Rainier Ave S,14 - Mount Baker - Seattle,Trolley,,
"Atlantic, Central District","Seattle, WA",King,"47.599167, -122.309738",1_11980,14,S Jackson St & 18th Ave S,14 - Mount Baker - Seattle,Trolley,,
"Atlantic, Central District","Seattle, WA",King,"47.599190, -122.305893",1_11990,14,S Jackson St & 20th Ave S,14 - Mount Baker - Seattle,Trolley,,
"Atlantic, Central District","Seattle, WA",King,"47.599220, -122.301430",1_12010,8,S Jackson St & 23rd Ave S,14 - Mount Baker - Seattle,Trolley,,
"Central District, Leschi","Seattle, WA",King,"47.599148, -122.295952",1_12030,14,S Jackson St & 28th Ave S,14 - Mount Baker - Seattle,Trolley,,
"Central District, Leschi","Seattle, WA",King,"47.599117, -122.293930",1_12040,14,S Jackson St & 30th Ave S,14 - Mount Baker - Seattle,Trolley,,
"Central District, Leschi","Seattle, WA",King,"47.597744, -122.292740",1_12050,14,31st Ave S & S King St,14 - Mount Baker - Seattle,Trolley,,
"Central District, Leschi","Seattle, WA",King,"47.595512, -122.292809",1_12070,14,31st Ave S & S Dearborn St,14 - Mount Baker - Seattle,Trolley,,
"Central District, Leschi","Seattle, WA",King,"47.593075, -122.292877",1_12080,14,31st Ave S & S Norman St,14 - Mount Baker - Seattle,Trolley,,
"Mount Baker, Rainier Valley","Seattle, WA",King,"47.590973, -122.292496",1_12090,14,31st Ave S & S Irving St,14 - Mount Baker - Seattle,Trolley,,
"Mount Baker, Rainier Valley","Seattle, WA",King,"47.587872, -122.292648",1_12110,14,31st Ave S & S Massachusetts St,14 - Mount Baker - Seattle,Trolley,,
"Mount Baker, Rainier Valley","Seattle, WA",King,"47.584957, -122.293098",1_12130,14,31st Ave S & S Plum St,14 - Mount Baker - Seattle,Trolley,,
"Mount Baker, Rainier Valley","Seattle, WA",King,"47.583424, -122.293106",1_12140,14,31st Ave S & S Walker St,14 - Mount Baker - Seattle,Trolley,,
"Mount Baker, Rainier Valley","Seattle, WA",King,"47.579422, -122.293098",1_12160,14,31st Ave S & S Lander St,14 - Mount Baker - Seattle,Trolley,,
"Atlantic, Central District","Seattle, WA",King,"47.577686, -122.297073",1_8403,14,Mt. Baker Transfer Area - Bay 3,14 - Mount Baker - Seattle,Trolley,,
"Mount Baker, Rainier Valley","Seattle, WA",King,"47.578278, -122.292496",1_12170,14,S Mcclellan St & 31st Ave S,14 - Mount Baker - Seattle,Trolley,,
"Mount Baker, Rainier Valley","Seattle, WA",King,"47.578274, -122.288712",1_12190,14,S Mcclellan St & S Mount Baker Blvd,14 - Mount Baker - Seattle,Trolley,,
"Mount Baker, Rainier Valley","Seattle, WA",King,"47.576755, -122.286827",1_12200,14,Mount Rainier Dr S & 37th Pl S,14 - Mount Baker - Seattle,Trolley,,
"Mount Baker, Rainier Valley","Seattle, WA",King,"47.575657, -122.284843",1_11680,14,Mount Rainier Dr S & S Hanford St,14 - Mount Baker - Seattle,Trolley,,
Central Business District,"Seattle, WA",King,"47.610897, -122.338966",1_430,1,3rd Ave & Pine St,36 - Othello Station - Beacon Hill - Seattle,Trolley,,
Central Business District,"Seattle, WA",King,"47.608253, -122.336548",1_450,1,3rd Ave & Union St,36 - Othello Station - Beacon Hill - Seattle,Trolley,,
Central Business District,"Seattle, WA",King,"47.604996, -122.333572",1_480,1,3rd Ave & Marion St,36 - Othello Station - Beacon Hill - Seattle,Trolley,,
Pioneer Square,"Seattle, WA",King,"47.602818, -122.331581",1_500,1,3rd Ave & James St,36 - Othello Station - Beacon Hill - Seattle,Trolley,,
Pioneer Square,"Seattle, WA",King,"47.600239, -122.330376",1_515,1,3rd Ave S & S Main St,36 - Othello Station - Beacon Hill - Seattle,Trolley,,
International District,"Seattle, WA",King,"47.599125, -122.328041",1_1471,1,S Jackson St & 5th Ave S,36 - Othello Station - Beacon Hill - Seattle,Trolley,,
International District,"Seattle, WA",King,"47.599117, -122.324570",1_1480,7,S Jackson St & Maynard Ave S,36 - Othello Station - Beacon Hill - Seattle,Trolley,,
International District,"Seattle, WA",King,"47.599117, -122.322044",1_1490,7,S Jackson St & 8th Ave S,36 - Othello Station - Beacon Hill - Seattle,Trolley,,
International District,"Seattle, WA",King,"47.598652, -122.317329",1_3700,36,12th Ave S & S Jackson St,36 - Othello Station - Beacon Hill - Seattle,Trolley,,
International District,"Seattle, WA",King,"47.597305, -122.317329",1_3710,36,12th Ave S & S Weller St,36 - Othello Station - Beacon Hill - Seattle,Trolley,,
"Beacon Hill, North Beacon Hill","Seattle, WA",King,"47.592270, -122.314941",1_3735,36,14th Ave S & Golf Dr S,36 - Othello Station - Beacon Hill - Seattle,Trolley,,
"Beacon Hill, North Beacon Hill","Seattle, WA",King,"47.588184, -122.314964",1_3760,36,14th Ave S & S Massachusetts St,36 - Othello Station - Beacon Hill - Seattle,Trolley,,
"Beacon Hill, North Beacon Hill","Seattle, WA",King,"47.586136, -122.314774",1_3770,36,14th Ave S & S Holgate St,36 - Othello Station - Beacon Hill - Seattle,Trolley,,
"Beacon Hill, North Beacon Hill","Seattle, WA",King,"47.584339, -122.314789",1_3778,36,14th Ave S & S Hill St,36 - Othello Station - Beacon Hill - Seattle,Trolley,,
"Beacon Hill, North Beacon Hill","Seattle, WA",King,"47.581291, -122.314186",1_3800,36,Beacon Ave S & S Bayview St,36 - Othello Station - Beacon Hill - Seattle,Trolley,,
"Beacon Hill, North Beacon Hill","Seattle, WA",King,"47.579048, -122.312096",1_3810,36,Beacon Ave S & S Lander St,36 - Othello Station - Beacon Hill - Seattle,Trolley,,
"Beacon Hill, North Beacon Hill","Seattle, WA",King,"47.575207, -122.309364",1_3830,36,Beacon Ave S & S Hanford St,36 - Othello Station - Beacon Hill - Seattle,Trolley,,
"Beacon Hill, North Beacon Hill","Seattle, WA",King,"47.571568, -122.308243",1_3860,36,Beacon Ave S & S Spokane St,36 - Othello Station - Beacon Hill - Seattle,Trolley,,
"Beacon Hill, North Beacon Hill","Seattle, WA",King,"47.569492, -122.307564",1_3870,36,Beacon Ave S & Jefferson Community Center,36 - Othello Station - Beacon Hill - Seattle,Trolley,,
"Beacon Hill, North Beacon Hill","Seattle, WA",King,"47.566845, -122.306740",1_3880,36,Beacon Ave S & Jefferson Golf Course,36 - Othello Station - Beacon Hill - Seattle,Trolley,,
"Beacon Hill, North Beacon Hill","Seattle, WA",King,"47.563332, -122.305634",1_3881,36,Beacon Ave S & Veterans Administration Hospital,36 - Othello Station - Beacon Hill - Seattle,Trolley,,
"Beacon Hill, Mid-Beacon Hill (Maplewood)","Seattle, WA",King,"47.559273, -122.304665",1_3883,36,Beacon Ave S & S Columbian Way,36 - Othello Station - Beacon Hill - Seattle,Trolley,,
"Beacon Hill, Mid-Beacon Hill (Maplewood)","Seattle, WA",King,"47.555633, -122.303558",1_30855,36,Beacon Ave S & S Dawson St,36 - Othello Station - Beacon Hill - Seattle,Trolley,,
"Beacon Hill, Mid-Beacon Hill (Maplewood)","Seattle, WA",King,"47.553501, -122.302887",1_30870,36,Beacon Ave S & S Brandon St,36 - Othello Station - Beacon Hill - Seattle,Trolley,,
"Beacon Hill, Mid-Beacon Hill (Maplewood)","Seattle, WA",King,"47.550800, -122.302101",1_30890,36,Beacon Ave S & S Orcas St,36 - Othello Station - Beacon Hill - Seattle,Trolley,,
"Beacon Hill, Mid-Beacon Hill (Maplewood)","Seattle, WA",King,"47.548771, -122.301453",1_30910,36,Beacon Ave S & S Raymond St,36 - Othello Station - Beacon Hill - Seattle,Trolley,,
"Beacon Hill, Mid-Beacon Hill (Maplewood)","Seattle, WA",King,"47.546493, -122.300789",1_30930,36,Beacon Ave S & S Graham St,36 - Othello Station - Beacon Hill - Seattle,Trolley,,
"Beacon Hill, Mid-Beacon Hill (Maplewood)","Seattle, WA",King,"47.542751, -122.299637",1_30950,36,Beacon Ave S & S Holly St,36 - Othello Station - Beacon Hill - Seattle,Trolley,,
"Beacon Hill, Mid-Beacon Hill (Maplewood)","Seattle, WA",King,"47.540131, -122.298286",1_30960,36,Beacon Ave S & 27th Ave S,36 - Othello Station - Beacon Hill - Seattle,Trolley,,
"Beacon Hill, South Beacon Hill","Seattle, WA",King,"47.538876, -122.295502",1_46092,36,S Myrtle St & Beacon Ave S,36 - Othello Station - Beacon Hill - Seattle,Trolley,,
"Beacon Hill, South Beacon Hill","Seattle, WA",King,"47.538750, -122.291283",1_46101,36,S Myrtle Pl & 32nd Ave S,36 - Othello Station - Beacon Hill - Seattle,Trolley,,
"Beacon Hill, South Beacon Hill","Seattle, WA",King,"47.537041, -122.286278",1_46110,36,S Myrtle Pl & S Holly Park Dr,36 - Othello Station - Beacon Hill - Seattle,Trolley,,
"Beacon Hill, NewHolly (Holly Park)","Seattle, WA",King,"47.538841, -122.283524",1_45649,36,S Myrtle St & 39th Ave S,36 - Othello Station - Beacon Hill - Seattle,Trolley,,
Yesler Terrace,"Seattle, WA",King,"47.601959, -122.317970",1_41902,9,Boren Ave & E Yesler Way,43 - University District -  Capitol Hill - Seattle,Trolley,,
Yesler Terrace,"Seattle, WA",King,"47.605450, -122.320648",1_41904,9,Broadway & E Terrace St,43 - University District -  Capitol Hill - Seattle,Trolley,,
First Hill,"Seattle, WA",King,"47.609985, -122.320663",1_41908,9,Broadway & E Marion St,43 - University District -  Capitol Hill - Seattle,Trolley,,
First Hill,"Seattle, WA",King,"47.612896, -122.320679",1_41965,9,Broadway & E Union St,43 - University District -  Capitol Hill - Seattle,Trolley,,
"Broadway, Capitol Hill","Seattle, WA",King,"47.615166, -122.320702",1_41970,9,Broadway & E Pine St,43 - University District -  Capitol Hill - Seattle,Trolley,,
"Broadway, Capitol Hill","Seattle, WA",King,"47.619846, -122.320473",1_29270,8,E John St & Broadway E,43 - University District -  Capitol Hill - Seattle,Trolley,,
"Broadway, Capitol Hill","Seattle, WA",King,"47.619873, -122.316429",1_29277,8,E John St & 12th Ave E,43 - University District -  Capitol Hill - Seattle,Trolley,,
"Broadway, Capitol Hill","Seattle, WA",King,"47.619892, -122.313042",1_29273,8,E John St & 15th Ave E,43 - University District -  Capitol Hill - Seattle,Trolley,,
"Capitol Hill, Stevens","Seattle, WA",King,"47.620426, -122.311020",1_29274,8,E Thomas St & 16th Ave E,43 - University District -  Capitol Hill - Seattle,Trolley,,
"Capitol Hill, Stevens","Seattle, WA",King,"47.620422, -122.307518",1_29275,8,E Thomas St & 19th Ave E,43 - University District -  Capitol Hill - Seattle,Trolley,,
"Capitol Hill, Stevens","Seattle, WA",King,"47.620144, -122.303177",1_29276,8,E John St & 22nd Ave E,43 - University District -  Capitol Hill - Seattle,Trolley,,
"Capitol Hill, Stevens","Seattle, WA",King,"47.620602, -122.302399",1_35825,43,23rd Ave E & E John St,43 - University District -  Capitol Hill - Seattle,Trolley,,
"Capitol Hill, Stevens","Seattle, WA",King,"47.623379, -122.302361",1_29278,43,23rd Ave E & E Republican St,43 - University District -  Capitol Hill - Seattle,Trolley,,
"Capitol Hill, Stevens","Seattle, WA",King,"47.627014, -122.302292",1_29280,43,23rd Ave E & E Aloha St,43 - University District -  Capitol Hill - Seattle,Trolley,,
"Capitol Hill, Stevens","Seattle, WA",King,"47.629467, -122.301567",1_29300,43,24th Ave E & E Prospect St,43 - University District -  Capitol Hill - Seattle,Trolley,,
"Capitol Hill, Stevens","Seattle, WA",King,"47.632778, -122.301514",1_29320,43,24th Ave E & E Galer St,43 - University District -  Capitol Hill - Seattle,Trolley,,
"Capitol Hill, Montlake","Seattle, WA",King,"47.635048, -122.301468",1_29340,43,24th Ave E & Boyer Ave E,43 - University District -  Capitol Hill - Seattle,Trolley,,
"Capitol Hill, Montlake","Seattle, WA",King,"47.638100, -122.301483",1_29350,43,24th Ave E & E Newton St,43 - University District -  Capitol Hill - Seattle,Trolley,,
"Capitol Hill, Montlake","Seattle, WA",King,"47.640152, -122.301979",1_29361,43,24th Ave E & E Mcgraw St,43 - University District -  Capitol Hill - Seattle,Trolley,,
"Capitol Hill, Montlake","Seattle, WA",King,"47.643097, -122.302849",1_29380,43,East Montlake Pl E & E Roanoke St,43 - University District -  Capitol Hill - Seattle,Trolley,,
"Capitol Hill, Montlake","Seattle, WA",King,"47.644432, -122.304230",1_25751,43,Montlake Blvd E & SR 520,43 - University District -  Capitol Hill - Seattle,Trolley,,
University District,"Seattle, WA",King,"47.649765, -122.305893",1_29405,43,NE Pacific St & Montlake Blvd NE - Bay 2,43 - University District -  Capitol Hill - Seattle,Trolley,,
University District,"Seattle, WA",King,"47.650227, -122.304420",1_25240,44,Montlake Blvd NE & NE Pacific Pl - Bay 4,44 - Ballard - University District - UW Station,Trolley,,
University District,"Seattle, WA",King,"47.649765, -122.305893",1_29405,43,NE Pacific St & Montlake Blvd NE - Bay 2,44 - Ballard - University District - UW Station,Trolley,,
University District,"Seattle, WA",King,"47.652206, -122.310783",1_29420,44,NE Pacific St & 15th Ave NE,44 - Ballard - University District - UW Station,Trolley,,
University District,"Seattle, WA",King,"47.655899, -122.311974",1_29440,44,15th Ave NE & NE Campus Pkwy,44 - Ballard - University District - UW Station,Trolley,,
University District,"Seattle, WA",King,"47.658668, -122.311905",1_11352,44,15th Ave NE & NE 42nd St,44 - Ballard - University District - UW Station,Trolley,,
,"Seattle, WA",King,"47.659878, -122.314117",1_9587,44,NE 43rd St & Brooklyn Ave NE - Bay 1,44 - Ballard - University District - UW Station,Trolley,,
University District,"Seattle, WA",King,"47.661373, -122.318214",1_29455,44,NE 45th St & 9th Ave NE,44 - Ballard - University District - UW Station,Trolley,,
Wallingford,"Seattle, WA",King,"47.661415, -122.325386",1_29480,44,NE 45th St & Latona Ave NE,44 - Ballard - University District - UW Station,Trolley,,
Wallingford,"Seattle, WA",King,"47.661442, -122.331238",1_29500,44,N 45th St & Sunnyside Ave N,44 - Ballard - University District - UW Station,Trolley,,
Wallingford,"Seattle, WA",King,"47.661461, -122.335556",1_17310,44,N 45th St & Wallingford Ave N,44 - Ballard - University District - UW Station,Trolley,,
Wallingford,"Seattle, WA",King,"47.661461, -122.339653",1_29530,44,N 45th St & Woodlawn Ave N,44 - Ballard - University District - UW Station,Trolley,,
Wallingford,"Seattle, WA",King,"47.661461, -122.342560",1_29540,44,N 45th St & Stone Way N,44 - Ballard - University District - UW Station,Trolley,,
Wallingford,"Seattle, WA",King,"47.662189, -122.345413",1_29557,44,N 46th St & Green Lake Way N,44 - Ballard - University District - UW Station,Trolley,,
Fremont,"Seattle, WA",King,"47.662209, -122.349037",1_29581,44,Aurora Ramp & Fremont Ave N,44 - Ballard - University District - UW Station,Trolley,,
Fremont,"Seattle, WA",King,"47.662212, -122.354324",1_29600,44,N 46th St & Phinney Ave N,44 - Ballard - University District - UW Station,Trolley,,
Phinney Ridge,"Seattle, WA",King,"47.663639, -122.357941",1_29620,44,NW Market St & NW 48th St,44 - Ballard - University District - UW Station,Trolley,,
Phinney Ridge,"Seattle, WA",King,"47.665184, -122.359619",1_29630,44,NW Market St & NW 50th St,44 - Ballard - University District - UW Station,Trolley,,
"Ballard, West Woodland","Seattle, WA",King,"47.667763, -122.361328",1_29640,44,NW Market St & 3rd Ave NW,44 - Ballard - University District - UW Station,Trolley,,
"Ballard, West Woodland","Seattle, WA",King,"47.668751, -122.363228",1_29650,44,NW Market St & 5th Ave NW,44 - Ballard - University District - UW Station,Trolley,,
"Ballard, West Woodland","Seattle, WA",King,"47.668735, -122.366493",1_29660,44,NW Market St & 8th Ave NW,44 - Ballard - University District - UW Station,Trolley,,
"Ballard, West Woodland","Seattle, WA",King,"47.668728, -122.371155",1_29680,44,NW Market St & 11th Ave NW,44 - Ballard - University District - UW Station,Trolley,,
"Adams, Ballard","Seattle, WA",King,"47.668735, -122.377136",1_29700,44,NW Market St & 15th Ave NW,44 - Ballard - University District - UW Station,Trolley,,
"Adams, Ballard","Seattle, WA",King,"47.668739, -122.382423",1_29720,44,NW Market St & 20th Ave NW,44 - Ballard - University District - UW Station,Trolley,,
"Adams, Ballard","Seattle, WA",King,"47.668747, -122.386124",1_18740,17,NW Market St & Ballard Ave NW,44 - Ballard - University District - UW Station,Trolley,,
"Adams, Ballard","Seattle, WA",King,"47.668724, -122.392639",1_18760,17,NW Market St & 28th Ave NW,44 - Ballard - University District - UW Station,Trolley,,
"Adams, Ballard","Seattle, WA",King,"47.668709, -122.396057",1_18785,44,NW Market St & 30th Ave NW,44 - Ballard - University District - UW Station,Trolley,,
"Ballard, Sunset Hill","Seattle, WA",King,"47.667934, -122.398415",1_18085,44,32nd Ave NW & NW Market St,44 - Ballard - University District - UW Station,Trolley,,
Central Business District,"Seattle, WA",King,"47.610073, -122.336838",1_1180,3,Pike St & 4th Ave,49 - University District - Broadway - Seattle,Trolley,,
Central Business District,"Seattle, WA",King,"47.611034, -122.334526",1_1190,3,Pike St & 6th Ave,49 - University District - Broadway - Seattle,Trolley,,
,"Seattle, WA",King,"47.611809, -122.332687",1_1195,3,Pike St & 7th Ave,49 - University District - Broadway - Seattle,Trolley,,
First Hill,"Seattle, WA",King,"47.613785, -122.327957",1_11133,3,Pike St & Minor Ave,49 - University District - Broadway - Seattle,Trolley,,
"Broadway, Capitol Hill","Seattle, WA",King,"47.615158, -122.324638",1_11140,10,E Pine St & Summit Ave,49 - University District - Broadway - Seattle,Trolley,,
"Broadway, Capitol Hill","Seattle, WA",King,"47.615162, -122.321617",1_11150,10,E Pine St & Harvard Ave,49 - University District - Broadway - Seattle,Trolley,,
"Broadway, Capitol Hill","Seattle, WA",King,"47.619774, -122.320770",1_11180,9,Broadway E & E John St,49 - University District - Broadway - Seattle,Trolley,,
"Broadway, Capitol Hill","Seattle, WA",King,"47.622196, -122.320816",1_11190,9,Broadway E & E Harrison St,49 - University District - Broadway - Seattle,Trolley,,
"Broadway, Capitol Hill","Seattle, WA",King,"47.624611, -122.320839",1_11200,9,Broadway E & E Mercer St,49 - University District - Broadway - Seattle,Trolley,,
"Broadway, Capitol Hill","Seattle, WA",King,"47.628861, -122.320114",1_11230,49,10th Ave E & E Prospect St,49 - University District - Broadway - Seattle,Trolley,,
"Broadway, Capitol Hill","Seattle, WA",King,"47.632214, -122.320099",1_11250,49,10th Ave E & E Galer St,49 - University District - Broadway - Seattle,Trolley,,
"Capitol Hill, Montlake","Seattle, WA",King,"47.636231, -122.319992",1_11270,49,10th Ave E & E Howe St,49 - University District - Broadway - Seattle,Trolley,,
"Capitol Hill, Montlake","Seattle, WA",King,"47.641067, -122.319969",1_11290,49,10th Ave E & E Miller St,49 - University District - Broadway - Seattle,Trolley,,
"Capitol Hill, Portage Bay","Seattle, WA",King,"47.643261, -122.320747",1_11300,49,E Roanoke St & Broadway E,49 - University District - Broadway - Seattle,Trolley,,
"Capitol Hill, Portage Bay","Seattle, WA",King,"47.647171, -122.321999",1_11330,49,Harvard Ave E & E Shelby St,49 - University District - Broadway - Seattle,Trolley,,
"Capitol Hill, Portage Bay","Seattle, WA",King,"47.649940, -122.321999",1_10915,49,Harvard Ave E & Eastlake Ave E,49 - University District - Broadway - Seattle,Trolley,,
University District,"Seattle, WA",King,"47.655922, -122.313980",1_9580,49,NE Campus Pkwy & Brooklyn Ave NE - Bay 1,49 - University District - Broadway - Seattle,Trolley,,
University District,"Seattle, WA",King,"47.658668, -122.311905",1_11352,44,15th Ave NE & NE 42nd St,49 - University District - Broadway - Seattle,Trolley,,
,"Seattle, WA",King,"47.659878, -122.314117",1_9587,44,NE 43rd St & Brooklyn Ave NE - Bay 1,49 - University District - Broadway - Seattle,Trolley,,
International District,"Seattle, WA",King,"47.599266, -122.328384",1_1530,1,S Jackson St & 5th Ave S,70 - University District - Eastlake - Seattle,Trolley,,
Pioneer Square,"Seattle, WA",King,"47.601658, -122.329941",1_1610,1,Prefontaine Pl S & Yesler Way,70 - University District - Eastlake - Seattle,Trolley,,
Central Business District,"Seattle, WA",King,"47.604095, -122.332504",1_538,1,3rd Ave & Columbia St,70 - University District - Eastlake - Seattle,Trolley,,
Central Business District,"Seattle, WA",King,"47.607052, -122.335213",1_558,1,3rd Ave & Seneca St,70 - University District - Eastlake - Seattle,Trolley,,
Central Business District,"Seattle, WA",King,"47.609642, -122.337585",1_575,1,3rd Ave & Pike St,70 - University District - Eastlake - Seattle,Trolley,,
"Belltown, Denny Regrade","Seattle, WA",King,"47.614227, -122.338394",1_880,7,Virginia St & 6th Ave,70 - University District - Eastlake - Seattle,Trolley,,
"Belltown, Denny Regrade","Seattle, WA",King,"47.616547, -122.335388",1_900,70,Virginia St & 9th Ave,70 - University District - Eastlake - Seattle,Trolley,,
"Belltown, Denny Regrade","Seattle, WA",King,"47.618874, -122.334198",1_10280,70,Fairview Ave & Denny Way,70 - University District - Eastlake - Seattle,Trolley,,
Cascade,"Seattle, WA",King,"47.622276, -122.334229",1_10305,70,Fairview Ave N & Harrison St,70 - University District - Eastlake - Seattle,Trolley,,
Cascade,"Seattle, WA",King,"47.626614, -122.333450",1_10325,70,Fairview Ave N & Valley St,70 - University District - Eastlake - Seattle,Trolley,,
Cascade,"Seattle, WA",King,"47.628876, -122.330597",1_10340,70,Fairview Ave N & Yale Ave N,70 - University District - Eastlake - Seattle,Trolley,,
Cascade,"Seattle, WA",King,"47.629974, -122.329185",1_10350,70,Fairview Ave E & Yale Ave N,70 - University District - Eastlake - Seattle,Trolley,,
"Cascade, Eastlake","Seattle, WA",King,"47.636162, -122.325577",1_9480,70,Eastlake Ave E & E Howe St,70 - University District - Eastlake - Seattle,Trolley,,
"Cascade, Eastlake","Seattle, WA",King,"47.642281, -122.325783",1_9510,70,Eastlake Ave E & E Louisa St,70 - University District - Eastlake - Seattle,Trolley,,
"Cascade, Eastlake","Seattle, WA",King,"47.648945, -122.323204",1_9550,70,Eastlake Ave E & E Allison St,70 - University District - Eastlake - Seattle,Trolley,,
University District,"Seattle, WA",King,"47.655922, -122.313980",1_9580,49,NE Campus Pkwy & Brooklyn Ave NE - Bay 1,70 - University District - Eastlake - Seattle,Trolley,,
University District,"Seattle, WA",King,"47.658668, -122.311905",1_11352,44,15th Ave NE & NE 42nd St,70 - University District - Eastlake - Seattle,Trolley,,
,"Seattle, WA",King,"47.659878, -122.314117",1_9587,44,NE 43rd St & Brooklyn Ave NE - Bay 1,70 - University District - Eastlake - Seattle,Trolley,,
"Broadway, Capitol Hill","Seattle, WA",King,"47.626766, -122.320961",1_11012,9,E Aloha St & Broadway E,9 - Rainier Beach - Columbia City - Broadway,Express,,
"Broadway, Capitol Hill","Seattle, WA",King,"47.625267, -122.320702",1_11030,9,E Roy St & Broadway E,9 - Rainier Beach - Columbia City - Broadway,Express,,
"Broadway, Capitol Hill","Seattle, WA",King,"47.622894, -122.321014",1_11040,9,Broadway E & E Republican St,9 - Rainier Beach - Columbia City - Broadway,Express,,
"Broadway, Capitol Hill","Seattle, WA",King,"47.620815, -122.320992",1_11050,9,Broadway E & E Thomas St,9 - Rainier Beach - Columbia City - Broadway,Express,,
"Broadway, Capitol Hill","Seattle, WA",King,"47.618538, -122.320946",1_11060,9,Broadway & E Denny Way,9 - Rainier Beach - Columbia City - Broadway,Express,,
"Broadway, Capitol Hill","Seattle, WA",King,"47.616192, -122.320923",1_11070,9,Broadway & E Pine St,9 - Rainier Beach - Columbia City - Broadway,Express,,
"Broadway, Capitol Hill","Seattle, WA",King,"47.614140, -122.320885",1_41980,9,Broadway & E Pike St,9 - Rainier Beach - Columbia City - Broadway,Express,,
First Hill,"Seattle, WA",King,"47.612713, -122.320885",1_41982,9,Broadway & E Union St,9 - Rainier Beach - Columbia City - Broadway,Express,,
First Hill,"Seattle, WA",King,"47.609745, -122.320869",1_41986,9,Broadway & Marion St,9 - Rainier Beach - Columbia City - Broadway,Express,,
Yesler Terrace,"Seattle, WA",King,"47.605583, -122.320854",1_41987,9,Broadway & Terrace St,9 - Rainier Beach - Columbia City - Broadway,Express,,
Yesler Terrace,"Seattle, WA",King,"47.601963, -122.318230",1_41989,9,Boren Ave & E Yesler Way,9 - Rainier Beach - Columbia City - Broadway,Express,,
International District,"Seattle, WA",King,"47.598473, -122.313629",1_8550,7,Rainier Ave S & S King St,9 - Rainier Beach - Columbia City - Broadway,Express,,
"Beacon Hill, North Beacon Hill","Seattle, WA",King,"47.593727, -122.309998",1_8590,7,Rainier Ave S & S Charles St,9 - Rainier Beach - Columbia City - Broadway,Express,,
"Beacon Hill, North Beacon Hill","Seattle, WA",King,"47.589027, -122.306412",1_8608,7,Rainier Ave S & I-90,9 - Rainier Beach - Columbia City - Broadway,Express,,
"Beacon Hill, North Beacon Hill","Seattle, WA",King,"47.583733, -122.302368",1_8641,7,Rainier Ave S & S Walker St,9 - Rainier Beach - Columbia City - Broadway,Express,,
"Beacon Hill, North Beacon Hill","Seattle, WA",King,"47.576828, -122.297112",1_8681,7,Rainier Ave S & S Forest St - Bay 4,9 - Rainier Beach - Columbia City - Broadway,Express,,
"Columbia City, Rainier Valley","Seattle, WA",King,"47.568123, -122.289490",1_8740,7,Rainier Ave S & S Andover St,9 - Rainier Beach - Columbia City - Broadway,Express,,
"Columbia City, Rainier Valley","Seattle, WA",King,"47.563683, -122.288177",1_8760,7,Rainier Ave S & S Genesee St,9 - Rainier Beach - Columbia City - Broadway,Express,,
"Columbia City, Rainier Valley","Seattle, WA",King,"47.558830, -122.285652",1_8790,7,Rainier Ave S & S Edmunds St,9 - Rainier Beach - Columbia City - Broadway,Express,,
"Columbia City, Rainier Valley","Seattle, WA",King,"47.550926, -122.277634",1_8840,7,Rainier Ave S & S Orcas St,9 - Rainier Beach - Columbia City - Broadway,Express,,
"Brighton, Rainier Valley","Seattle, WA",King,"47.545670, -122.275665",1_8870,7,Rainier Ave S & S Graham St,9 - Rainier Beach - Columbia City - Broadway,Express,,
"Brighton, Rainier Valley","Seattle, WA",King,"47.542221, -122.272743",1_8890,7,Rainier Ave S & S Holly St,9 - Rainier Beach - Columbia City - Broadway,Express,,
"Brighton, Rainier Valley","Seattle, WA",King,"47.539314, -122.270927",1_8905,7,Rainier Ave S & S Frontenac St,9 - Rainier Beach - Columbia City - Broadway,Express,,
"Brighton, Rainier Valley","Seattle, WA",King,"47.536625, -122.270294",1_8920,7,Rainier Ave S & S Othello St,9 - Rainier Beach - Columbia City - Broadway,Express,,
"Brighton, Rainier Valley","Seattle, WA",King,"47.533348, -122.270088",1_8940,7,Rainier Ave S & S Holden St,9 - Rainier Beach - Columbia City - Broadway,Express,,
"Dunlap, Rainier Valley","Seattle, WA",King,"47.528767, -122.270088",1_8970,7,Rainier Ave S & S Rose St,9 - Rainier Beach - Columbia City - Broadway,Express,,
"Dunlap, Rainier Valley","Seattle, WA",King,"47.525925, -122.270088",1_8990,7,Rainier Ave S & S Cloverdale St,9 - Rainier Beach - Columbia City - Broadway,Express,,
"Dunlap, Rainier Valley","Seattle, WA",King,"47.523376, -122.270554",1_30140,9,S Henderson St & Rainier Ave S,9 - Rainier Beach - Columbia City - Broadway,Express,,
"Dunlap, Rainier Valley","Seattle, WA",King,"47.523384, -122.276894",1_30160,9,S Henderson St & Renton Ave S,9 - Rainier Beach - Columbia City - Broadway,Express,,
International District,"Seattle, WA",King,"47.599827, -122.328972",1_619,5,4th Ave S & S Jackson St,17 - Loyal Heights - Ballard - Seattle,Express,,
Pioneer Square,"Seattle, WA",King,"47.602642, -122.331184",1_531,5,3rd Ave & James St,17 - Loyal Heights - Ballard - Seattle,Express,,
Central Business District,"Seattle, WA",King,"47.605541, -122.333832",1_548,5,3rd Ave & Madison St,17 - Loyal Heights - Ballard - Seattle,Express,,
Central Business District,"Seattle, WA",King,"47.608688, -122.336700",1_570,5,3rd Ave & Union St,17 - Loyal Heights - Ballard - Seattle,Express,,
Central Business District,"Seattle, WA",King,"47.611137, -122.338951",1_590,5,3rd Ave & Pine St,17 - Loyal Heights - Ballard - Seattle,Express,,
"Belltown, Denny Regrade","Seattle, WA",King,"47.612995, -122.341743",1_600,1,3rd Ave & Virginia St,17 - Loyal Heights - Ballard - Seattle,Express,,
"Belltown, Denny Regrade","Seattle, WA",King,"47.615120, -122.345337",1_605,1,3rd Ave & Bell St,17 - Loyal Heights - Ballard - Seattle,Express,,
Queen Anne,"Seattle, WA",King,"47.618656, -122.356606",1_19440,17,Denny Way & Queen Anne Ave N,17 - Loyal Heights - Ballard - Seattle,Express,,
Queen Anne,"Seattle, WA",King,"47.621441, -122.361740",1_19470,17,Elliott Ave W & 4th Ave W,17 - Loyal Heights - Ballard - Seattle,Express,,
West Queen Anne,"Seattle, WA",King,"47.629013, -122.371414",1_14070,17,Elliott Ave W & W Prospect St,17 - Loyal Heights - Ballard - Seattle,Express,,
"Ballard, West Woodland","Seattle, WA",King,"47.663437, -122.375977",1_14200,17,15th Ave NW & NW Leary Way,17 - Loyal Heights - Ballard - Seattle,Express,,
"Adams, Ballard","Seattle, WA",King,"47.668747, -122.386124",1_18740,17,NW Market St & Ballard Ave NW,17 - Loyal Heights - Ballard - Seattle,Express,,
"Adams, Ballard","Seattle, WA",King,"47.668724, -122.392639",1_18760,17,NW Market St & 28th Ave NW,17 - Loyal Heights - Ballard - Seattle,Express,,
"Adams, Ballard","Seattle, WA",King,"47.668381, -122.395302",1_18770,17,NW 54th St & NW Market St,17 - Loyal Heights - Ballard - Seattle,Express,,
"Adams, Ballard","Seattle, WA",King,"47.668552, -122.398216",1_18790,17,32nd Ave NW & NW Market St,17 - Loyal Heights - Ballard - Seattle,Express,,
"Adams, Ballard","Seattle, WA",King,"47.669784, -122.398224",1_18800,17,32nd Ave NW & NW 56th St,17 - Loyal Heights - Ballard - Seattle,Express,,
"Adams, Ballard","Seattle, WA",King,"47.671169, -122.398224",1_18810,17,32nd Ave NW & NW 58th St,17 - Loyal Heights - Ballard - Seattle,Express,,
"Adams, Ballard","Seattle, WA",King,"47.672405, -122.398254",1_18820,17,32nd Ave NW & NW 60th St,17 - Loyal Heights - Ballard - Seattle,Express,,
"Adams, Ballard","Seattle, WA",King,"47.673882, -122.398277",1_18830,17,32nd Ave NW & NW 62nd St,17 - Loyal Heights - Ballard - Seattle,Express,,
"Adams, Ballard","Seattle, WA",King,"47.675384, -122.398277",1_18840,17,32nd Ave NW & NW 64th St,17 - Loyal Heights - Ballard - Seattle,Express,,
"Ballard, Sunset Hill","Seattle, WA",King,"47.676773, -122.398270",1_18850,17,32nd Ave NW & NW 66th St,17 - Loyal Heights - Ballard - Seattle,Express,,
"Ballard, Sunset Hill","Seattle, WA",King,"47.678661, -122.398277",1_18860,17,32nd Ave NW & NW 69th St,17 - Loyal Heights - Ballard - Seattle,Express,,
"Ballard, Sunset Hill","Seattle, WA",King,"47.680439, -122.398293",1_18870,17,32nd Ave NW & NW 71st St,17 - Loyal Heights - Ballard - Seattle,Express,,
"Ballard, Sunset Hill","Seattle, WA",King,"47.681858, -122.398293",1_18880,17,32nd Ave NW & NW 73rd St,17 - Loyal Heights - Ballard - Seattle,Express,,
"Ballard, Sunset Hill","Seattle, WA",King,"47.683518, -122.398201",1_18890,17,32nd Ave NW & NW 75th St,17 - Loyal Heights - Ballard - Seattle,Express,,
"Ballard, Sunset Hill","Seattle, WA",King,"47.685085, -122.398216",1_18900,17,32nd Ave NW & NW 77th St,17 - Loyal Heights - Ballard - Seattle,Express,,
"Ballard, Sunset Hill","Seattle, WA",King,"47.686989, -122.398201",1_18910,17,32nd Ave NW & NW 80th St,17 - Loyal Heights - Ballard - Seattle,Express,,
"Ballard, Sunset Hill","Seattle, WA",King,"47.688347, -122.398216",1_18920,17,32nd Ave NW & Loyal Way NW,17 - Loyal Heights - Ballard - Seattle,Express,,
"Ballard, Sunset Hill","Seattle, WA",King,"47.690022, -122.398216",1_18930,17,32nd Ave NW & NW 85th St,17 - Loyal Heights - Ballard - Seattle,Express,,
North Beach/Blue Ridge,"Seattle, WA",King,"47.692593, -122.398720",1_18940,17,Golden Gardens Dr NW & NW 87th St,17 - Loyal Heights - Ballard - Seattle,Express,,
North Beach/Blue Ridge,"Seattle, WA",King,"47.693836, -122.399452",1_18941,17,Golden Gardens Dr NW & Loyal Ave NW,17 - Loyal Heights - Ballard - Seattle,Express,,
"Ballard, Sunset Hill","Seattle, WA",King,"47.694275, -122.400757",1_18942,17,View Ave NW & Golden Gardens Dr NW,17 - Loyal Heights - Ballard - Seattle,Express,,
"Ballard, Sunset Hill","Seattle, WA",King,"47.695312, -122.401215",1_17950,17,View Ave NW & Loyal Ave NW,17 - Loyal Heights - Ballard - Seattle,Express,,
Industrial District,"Seattle, WA",King,"47.593342, -122.328957",1_30635,5,4th Ave S & S Royal Brougham Way,28 - Broadview - Ballard - Seattle,Express,,
International District,"Seattle, WA",King,"47.599827, -122.328972",1_619,5,4th Ave S & S Jackson St,28 - Broadview - Ballard - Seattle,Express,,
Pioneer Square,"Seattle, WA",King,"47.602642, -122.331184",1_531,5,3rd Ave & James St,28 - Broadview - Ballard - Seattle,Express,,
Central Business District,"Seattle, WA",King,"47.605541, -122.333832",1_548,5,3rd Ave & Madison St,28 - Broadview - Ballard - Seattle,Express,,
Central Business District,"Seattle, WA",King,"47.608688, -122.336700",1_570,5,3rd Ave & Union St,28 - Broadview - Ballard - Seattle,Express,,
Central Business District,"Seattle, WA",King,"47.611137, -122.338951",1_590,5,3rd Ave & Pine St,28 - Broadview - Ballard - Seattle,Express,,
"Belltown, Denny Regrade","Seattle, WA",King,"47.612995, -122.341743",1_600,1,3rd Ave & Virginia St,28 - Broadview - Ballard - Seattle,Express,,
"Belltown, Denny Regrade","Seattle, WA",King,"47.615120, -122.345337",1_605,1,3rd Ave & Bell St,28 - Broadview - Ballard - Seattle,Express,,
,"Seattle, WA",King,"47.619087, -122.343445",1_6236,5,7th Ave N & Denny Way,28 - Broadview - Ballard - Seattle,Express,,
,"Seattle, WA",King,"47.621895, -122.343506",1_6237,5,7th Ave N & Harrison St,28 - Broadview - Ballard - Seattle,Express,,
"Cascade, Westlake","Seattle, WA",King,"47.632572, -122.343323",1_6300,5,Aurora Ave N & Galer St,28 - Broadview - Ballard - Seattle,Express,,
Queen Anne,"Seattle, WA",King,"47.638874, -122.345200",1_6320,5,Aurora Ave N & Lynn St,28 - Broadview - Ballard - Seattle,Express,,
Fremont,"Seattle, WA",King,"47.652473, -122.346619",1_6340,5,Aurora Ave N & N 38th St,28 - Broadview - Ballard - Seattle,Express,,
Fremont,"Seattle, WA",King,"47.654217, -122.351524",1_28374,28,N 39th St & Evanston Ave N,28 - Broadview - Ballard - Seattle,Express,,
Fremont,"Seattle, WA",King,"47.654228, -122.354919",1_28376,28,N 39th St & Phinney Ave N,28 - Broadview - Ballard - Seattle,Express,,
Fremont,"Seattle, WA",King,"47.658680, -122.364349",1_28410,28,Leary Way NW & NW 43rd St,28 - Broadview - Ballard - Seattle,Express,,
"Ballard, West Woodland","Seattle, WA",King,"47.661701, -122.366081",1_28425,28,8th Ave NW & NW 45th St,28 - Broadview - Ballard - Seattle,Express,,
"Ballard, West Woodland","Seattle, WA",King,"47.665203, -122.366081",1_28450,28,8th Ave NW & NW 50th St,28 - Broadview - Ballard - Seattle,Express,,
"Ballard, West Woodland","Seattle, WA",King,"47.668934, -122.366081",1_28470,28,8th Ave NW & NW Market St,28 - Broadview - Ballard - Seattle,Express,,
"Ballard, West Woodland","Seattle, WA",King,"47.672543, -122.366058",1_28490,28,8th Ave NW & NW 60th St,28 - Broadview - Ballard - Seattle,Express,,
Phinney Ridge,"Seattle, WA",King,"47.676308, -122.365852",1_28510,28,8th Ave NW & NW 65th St,28 - Broadview - Ballard - Seattle,Express,,
Phinney Ridge,"Seattle, WA",King,"47.679733, -122.365936",1_28530,28,8th Ave NW & NW 70th St,28 - Broadview - Ballard - Seattle,Express,,
Phinney Ridge,"Seattle, WA",King,"47.681957, -122.365875",1_28540,28,8th Ave NW & NW 73rd St,28 - Broadview - Ballard - Seattle,Express,,
Greenwood,"Seattle, WA",King,"47.683456, -122.365868",1_28550,28,8th Ave NW & NW 75th St,28 - Broadview - Ballard - Seattle,Express,,
Greenwood,"Seattle, WA",King,"47.687176, -122.365921",1_28575,28,8th Ave NW & NW 80th St,28 - Broadview - Ballard - Seattle,Express,,
Greenwood,"Seattle, WA",King,"47.690227, -122.365852",1_28600,28,8th Ave NW & NW 84th St,28 - Broadview - Ballard - Seattle,Express,,
Greenwood,"Seattle, WA",King,"47.694504, -122.365921",1_28630,28,8th Ave NW & NW 90th St,28 - Broadview - Ballard - Seattle,Express,,
Greenwood,"Seattle, WA",King,"47.698132, -122.365936",1_28650,28,8th Ave NW & NW 95th St,28 - Broadview - Ballard - Seattle,Express,,
Greenwood,"Seattle, WA",King,"47.701160, -122.365959",1_28670,28,8th Ave NW & NW 100th Pl,28 - Broadview - Ballard - Seattle,Express,,
Greenwood,"Seattle, WA",King,"47.702621, -122.363472",1_28680,28,NW 100th Pl & 7th Ave NW,28 - Broadview - Ballard - Seattle,Express,,
Belltown,"Seattle, WA",King,"47.613705, -122.345253",1_250,111,2nd Ave & Bell St,162 - Lake Meridian - Kent - Seattle,Express,,
Pike Market,"Seattle, WA",King,"47.612099, -122.342522",1_260,113,2nd Ave & Lenora St,162 - Lake Meridian - Kent - Seattle,Express,,
Pike Market,"Seattle, WA",King,"47.608646, -122.338432",1_300,101,2nd Ave & Pike St,162 - Lake Meridian - Kent - Seattle,Express,,
Central Business District,"Seattle, WA",King,"47.604466, -122.334625",1_340,101,2nd Ave & Marion St,162 - Lake Meridian - Kent - Seattle,Express,,
Pioneer Square,"Seattle, WA",King,"47.602478, -122.332809",1_361,101,2nd Ave & James St,162 - Lake Meridian - Kent - Seattle,Express,,
Pioneer Square,"Seattle, WA",King,"47.599266, -122.329857",1_390,101,2nd Ave Ext S & S Jackson St,162 - Lake Meridian - Kent - Seattle,Express,,
,"Kent, WA",King,"47.391796, -122.291565",1_53508,162,Kent Des Moines Rd & I-5 Ramp,162 - Lake Meridian - Kent - Seattle,Express,,
,"Kent, WA",King,"47.390625, -122.286018",1_58795,162,SR 516 & Military Rd S,162 - Lake Meridian - Kent - Seattle,Express,,
,"Kent, WA",King,"47.377911, -122.270378",1_58785,162,W Meeker St & Frager Rd,162 - Lake Meridian - Kent - Seattle,Express,,
,"Kent, WA",King,"47.380501, -122.262344",1_50720,162,W Meeker St & Russell Rd,162 - Lake Meridian - Kent - Seattle,Express,,
,"Kent, WA",King,"47.381073, -122.259941",1_50730,162,W Meeker St & Russell Rd,162 - Lake Meridian - Kent - Seattle,Express,,
,"Kent, WA",King,"47.381126, -122.257179",1_50735,162,W Meeker St & 64th Ave S,162 - Lake Meridian - Kent - Seattle,Express,,
O'Brien,"Kent, WA",King,"47.381939, -122.253593",1_50772,162,64th Ave S & W Meeker St,162 - Lake Meridian - Kent - Seattle,Express,,
O'Brien,"Kent, WA",King,"47.386658, -122.253113",1_50779,150,W James St & 64th Ave S,162 - Lake Meridian - Kent - Seattle,Express,,
O'Brien,"Kent, WA",King,"47.386646, -122.246681",1_79243,150,W James St & Washington Ave N,162 - Lake Meridian - Kent - Seattle,Express,,
,"Kent, WA",King,"47.386627, -122.242882",1_80580,150,W James St & Lincoln Ave N,162 - Lake Meridian - Kent - Seattle,Express,,
,"Kent, WA",King,"47.386585, -122.238823",1_80590,150,W James St & 4th Ave N,162 - Lake Meridian - Kent - Seattle,Express,,
,"Kent, WA",King,"47.386581, -122.233917",1_80600,150,W James St & 1st Ave N,162 - Lake Meridian - Kent - Seattle,Express,,
,"Kent, WA",King,"47.385178, -122.232414",1_57454,162,Kent Sounder Station - Bay 4,162 - Lake Meridian - Kent - Seattle,Express,,
Mill Creek - Kent,"Kent, WA",King,"47.383637, -122.229889",1_62216,160,State Ave N & E Smith St,162 - Lake Meridian - Kent - Seattle,Express,,
Scenic Hill,"Kent, WA",King,"47.383156, -122.224464",1_62220,160,Canyon Dr SE & E Titus St,162 - Lake Meridian - Kent - Seattle,Express,,
Scenic Hill,"Kent, WA",King,"47.378967, -122.216133",1_62228,160,Canyon Dr SE & 94th Ave S,162 - Lake Meridian - Kent - Seattle,Express,,
,"Kent, WA",King,"47.375759, -122.212608",1_62230,160,Canyon Dr SE & S 252nd St,162 - Lake Meridian - Kent - Seattle,Express,,
,"Kent, WA",King,"47.372475, -122.206009",1_62234,160,SE 256th St & 101st Ave SE,162 - Lake Meridian - Kent - Seattle,Express,,
,"Kent, WA",King,"47.370434, -122.196793",1_60471,162,Kent Kangley Rd & 108th Ave SE,162 - Lake Meridian - Kent - Seattle,Express,,
,"Kent, WA",King,"47.369095, -122.192963",1_60473,162,Kent Kangley Rd & 111th Ave SE,162 - Lake Meridian - Kent - Seattle,Express,,
,"Kent, WA",King,"47.367020, -122.187103",1_60479,162,Kent Kangley Rd & 116th Ave SE,162 - Lake Meridian - Kent - Seattle,Express,,
,"Kent, WA",King,"47.362938, -122.175743",1_60477,162,Kent Kangley Rd & 124th Ave SE,162 - Lake Meridian - Kent - Seattle,Express,,
,"Kent, WA",King,"47.360432, -122.171440",1_60475,162,Kent Kangley Rd & 127th Ave SE,162 - Lake Meridian - Kent - Seattle,Express,,
,"Kent, WA",King,"47.358505, -122.165375",1_60482,162,132nd Ave SE & SE Kent-Kangley Rd,162 - Lake Meridian - Kent - Seattle,Express,,
Kent East Hill,"Kent, WA",King,"47.361057, -122.166191",1_60453,162,Lake Meridian P&R & 132 AV S IN LOOP,162 - Lake Meridian - Kent - Seattle,Express,,
Steel Lake,"Federal Way, WA",King,"47.316933, -122.303398",1_85539,182,Federal Way Downtown Station - Bay 9,182 - Northeast Tacoma - Federal Way Transit Center,Express,,
,"Federal Way, WA",King,"47.312508, -122.303543",1_61335,182,23rd Ave S & S 322nd St,182 - Northeast Tacoma - Federal Way Transit Center,Express,,
,"Federal Way, WA",King,"47.311676, -122.306046",1_61336,182,S 324th St & 17th Ave S,182 - Northeast Tacoma - Federal Way Transit Center,Express,,
,"Federal Way, WA",King,"47.311714, -122.310486",1_61338,182,S 324th St & 17th Ave S,182 - Northeast Tacoma - Federal Way Transit Center,Express,,
West Campus - Fed Way,"Federal Way, WA",King,"47.311134, -122.313576",1_61340,182,Pacific Hwy S & S 324th St,182 - Northeast Tacoma - Federal Way Transit Center,Express,,
West Campus - Fed Way,"Federal Way, WA",King,"47.305481, -122.313583",1_61342,182,Pacific Hwy S & S 330th St,182 - Northeast Tacoma - Federal Way Transit Center,Express,,
West Campus - Fed Way,"Federal Way, WA",King,"47.300747, -122.314133",1_60566,182,S 336th St & Pacific Hwy S,182 - Northeast Tacoma - Federal Way Transit Center,Express,,
West Campus - Fed Way,"Federal Way, WA",King,"47.300754, -122.317123",1_60567,182,S 336th St & 13th Pl S,182 - Northeast Tacoma - Federal Way Transit Center,Express,,
West Campus - Fed Way,"Federal Way, WA",King,"47.300762, -122.320946",1_60569,182,S 336th St & 10th Pl S,182 - Northeast Tacoma - Federal Way Transit Center,Express,,
West Campus - Fed Way,"Federal Way, WA",King,"47.299748, -122.323067",1_60580,182,9th Ave S & S 336th St,182 - Northeast Tacoma - Federal Way Transit Center,Express,,
West Campus - Fed Way,"Federal Way, WA",King,"47.298595, -122.322395",1_60578,182,9th Ave S & S 336th St,182 - Northeast Tacoma - Federal Way Transit Center,Express,,
West Campus - Fed Way,"Federal Way, WA",King,"47.294762, -122.321945",1_60576,182,9th Ave S & S 344th St,182 - Northeast Tacoma - Federal Way Transit Center,Express,,
West Campus - Fed Way,"Federal Way, WA",King,"47.291817, -122.323067",1_58514,182,9th Ave S & S 344th St,182 - Northeast Tacoma - Federal Way Transit Center,Express,,
West Campus - Fed Way,"Federal Way, WA",King,"47.289982, -122.323067",1_61441,182,9th Ave S & S 348th St,182 - Northeast Tacoma - Federal Way Transit Center,Express,,
West Campus - Fed Way,"Federal Way, WA",King,"47.289940, -122.326988",1_61442,182,S 348th St & 6th Ave S,182 - Northeast Tacoma - Federal Way Transit Center,Express,,
Campus Highlands - Fed Wy,"Federal Way, WA",King,"47.289440, -122.334717",1_61443,182,1st Ave S & SW Campus Dr,182 - Northeast Tacoma - Federal Way Transit Center,Express,,
Campus Highlands - Fed Wy,"Federal Way, WA",King,"47.282707, -122.335297",1_61444,182,SW 356th St & 1st Ave S,182 - Northeast Tacoma - Federal Way Transit Center,Express,,
Madrona (Meadows) - Fed Wy,"Federal Way, WA",King,"47.282242, -122.345787",1_61445,182,SW 356th St & 8th Ave SW,182 - Northeast Tacoma - Federal Way Transit Center,Express,,
Madrona (Meadows) - Fed Wy,"Federal Way, WA",King,"47.282680, -122.353294",1_61446,182,SW 356th St & 13th Way SW,182 - Northeast Tacoma - Federal Way Transit Center,Express,,
Madrona (Meadows) - Fed Wy,"Federal Way, WA",King,"47.282700, -122.357071",1_61447,182,SW 356th St & 18th Ave SW,182 - Northeast Tacoma - Federal Way Transit Center,Express,,
Madrona (Meadows) - Fed Wy,"Federal Way, WA",King,"47.282757, -122.360771",1_61448,182,SW 356th St & 21st Ave SW,182 - Northeast Tacoma - Federal Way Transit Center,Express,,
,"Tacoma, WA",Pierce,"47.282856, -122.364265",1_61478,182,29th St NE & 62nd Ave NE,182 - Northeast Tacoma - Federal Way Transit Center,Express,,
,"Tacoma, WA",Pierce,"47.283135, -122.367149",1_61423,182,Norpoint Way NE & 29th St NE,182 - Northeast Tacoma - Federal Way Transit Center,Express,,
,"Tacoma, WA",Pierce,"47.286472, -122.370522",1_61427,182,Norpoint Way NE & 57th Ave NE,182 - Northeast Tacoma - Federal Way Transit Center,Express,,
,"Tacoma, WA",Pierce,"47.286484, -122.376030",1_61433,182,Norpoint Way NE & 53rd Ave NE,182 - Northeast Tacoma - Federal Way Transit Center,Express,,
,"Tacoma, WA",Pierce,"47.286495, -122.381630",1_61428,182,Norpoint Way NE & 49th Ave NE,182 - Northeast Tacoma - Federal Way Transit Center,Express,,
,"Tacoma, WA",Pierce,"47.286884, -122.382118",1_61453,182,49th Ave NE & Norpoint Way NE,182 - Northeast Tacoma - Federal Way Transit Center,Express,,
,"Tacoma, WA",Pierce,"47.290802, -122.382095",1_61454,182,49th Ave NE & 38th St NE,182 - Northeast Tacoma - Federal Way Transit Center,Express,,
,"Tacoma, WA",Pierce,"47.294853, -122.382050",3_7644,182,49th Ave NE & 42nd St NE,182 - Northeast Tacoma - Federal Way Transit Center,Express,,
"Central District, Minor, Squire Park","Seattle, WA",King,"47.606251, -122.309669",1_12805,3,E Jefferson St & 18th Ave,193 - Federal Way - First Hill,Express,,
First Hill,"Seattle, WA",King,"47.606266, -122.317108",1_12840,3,E Jefferson St & 12th Ave,193 - Federal Way - First Hill,Express,,
Yesler Terrace,"Seattle, WA",King,"47.606155, -122.321167",1_12860,3,Jefferson St & Broadway,193 - Federal Way - First Hill,Express,,
Yesler Terrace,"Seattle, WA",King,"47.605007, -122.323914",1_12880,3,Jefferson St & 9th Ave,193 - Federal Way - First Hill,Express,,
First Hill,"Seattle, WA",King,"47.608990, -122.327782",1_41955,193,9th Ave & Spring St,193 - Federal Way - First Hill,Express,,
First Hill,"Seattle, WA",King,"47.610374, -122.326210",1_11075,193,Boren Ave & Seneca St,193 - Federal Way - First Hill,Express,,
First Hill,"Seattle, WA",King,"47.608955, -122.324913",1_11085,193,Boren Ave & Madison St,193 - Federal Way - First Hill,Express,,
First Hill,"Seattle, WA",King,"47.607594, -122.323669",1_11087,193,Boren Ave & Columbia St,193 - Federal Way - First Hill,Express,,
,"Tukwila, WA",King,"47.482296, -122.268044",1_80710,150,52nd Ave S P&R - Bay 1,193 - Federal Way - First Hill,Express,,
Foster,"Tukwila, WA",King,"47.484615, -122.272087",1_59295,193,Interurban Ave S & 48th Ave S,193 - Federal Way - First Hill,Express,,
,"Kent, WA",King,"47.391254, -122.292152",1_53504,193,Kent-Des Moines Freeway Station,193 - Federal Way - First Hill,Express,,
,"Kent, WA",King,"47.359146, -122.297218",1_47970,193,I-5 & S 272nd St,193 - Federal Way - First Hill,Express,,
Steel Lake,"Federal Way, WA",King,"47.317841, -122.299789",1_80458,177,S 317th St & 26th Ave S,193 - Federal Way - First Hill,Express,,
Steel Lake,"Federal Way, WA",King,"47.316452, -122.303230",1_85541,177,23rd Ave S & S 319th Pl - Bay 11,193 - Federal Way - First Hill,Express,,
,"Federal Way, WA",King,"47.312542, -122.300636",1_83752,177,FedWay/S 320th St P&R - Bay 2,193 - Federal Way - First Hill,Express,,
,"Seattle, WA",King,"47.605041, -122.316689",1_12842,322,12th Ave & E Terrace St,322 - Kenmore - Lake City - First Hill,Express,,
Yesler Terrace,"Seattle, WA",King,"47.606155, -122.321167",1_12860,3,Jefferson St & Broadway,322 - Kenmore - Lake City - First Hill,Express,,
Yesler Terrace,"Seattle, WA",King,"47.605007, -122.323914",1_12880,3,Jefferson St & 9th Ave,322 - Kenmore - Lake City - First Hill,Express,,
First Hill,"Seattle, WA",King,"47.606022, -122.325058",1_41940,60,9th Ave & James St,322 - Kenmore - Lake City - First Hill,Express,,
First Hill,"Seattle, WA",King,"47.607208, -122.326141",1_41950,60,9th Ave & Columbia St,322 - Kenmore - Lake City - First Hill,Express,,
First Hill,"Seattle, WA",King,"47.608990, -122.327782",1_41955,193,9th Ave & Spring St,322 - Kenmore - Lake City - First Hill,Express,,
"Belltown, Denny Regrade","Seattle, WA",King,"47.616547, -122.335388",1_900,70,Virginia St & 9th Ave,322 - Kenmore - Lake City - First Hill,Express,,
"Belltown, Denny Regrade","Seattle, WA",King,"47.618874, -122.334198",1_10280,70,Fairview Ave & Denny Way,322 - Kenmore - Lake City - First Hill,Express,,
Cascade,"Seattle, WA",King,"47.622276, -122.334229",1_10305,70,Fairview Ave N & Harrison St,322 - Kenmore - Lake City - First Hill,Express,,
,"Seattle, WA",King,"47.702309, -122.328026",1_35318,40,Northgate Light Rail Station & NE 103rd St - Bay 4,322 - Kenmore - Lake City - First Hill,Express,,
"Maple Leaf, Northgate","Seattle, WA",King,"47.701271, -122.324471",1_23276,322,NE 100th St & 4th Ave NE,322 - Kenmore - Lake City - First Hill,Express,,
"Maple Leaf, Northgate","Seattle, WA",King,"47.703541, -122.323051",1_23750,61,5th Ave NE & NE 103rd St,322 - Kenmore - Lake City - First Hill,Express,,
"Maple Leaf, Northgate","Seattle, WA",King,"47.706219, -122.323105",1_23770,61,5th Ave NE & NE 106th St,322 - Kenmore - Lake City - First Hill,Express,,
"Maple Leaf, Northgate","Seattle, WA",King,"47.708519, -122.322723",1_81364,61,NE Northgate Way & 5th Ave NE,322 - Kenmore - Lake City - First Hill,Express,,
"Maple Leaf, Northgate","Seattle, WA",King,"47.708489, -122.317429",1_81367,61,NE Northgate Way & Roosevelt Way NE,322 - Kenmore - Lake City - First Hill,Express,,
"Lake City, Victory Heights","Seattle, WA",King,"47.708458, -122.312149",1_35332,61,NE Northgate Way & 15th Ave NE,322 - Kenmore - Lake City - First Hill,Express,,
"Lake City, Victory Heights","Seattle, WA",King,"47.708420, -122.307823",1_35334,61,NE Northgate Way & 19th Ave NE,322 - Kenmore - Lake City - First Hill,Express,,
"Lake City, Victory Heights","Seattle, WA",King,"47.708965, -122.303917",1_35333,61,NE Northgate Way & 23rd Ave NE,322 - Kenmore - Lake City - First Hill,Express,,
"Lake City, Meadowbrook","Seattle, WA",King,"47.711041, -122.300011",1_38620,61,Lake City Way NE & NE 113th St,322 - Kenmore - Lake City - First Hill,Express,,
"Cedar Park, Lake City","Seattle, WA",King,"47.715919, -122.297112",1_38650,61,Lake City Way NE & NE 120th St,322 - Kenmore - Lake City - First Hill,Express,,
"Cedar Park, Lake City","Seattle, WA",King,"47.720303, -122.294518",1_76720,61,Lake City Way NE & NE 125th St,322 - Kenmore - Lake City - First Hill,Express,,
"Cedar Park, Lake City","Seattle, WA",King,"47.723328, -122.292892",1_76730,61,Lake City Way NE & NE 130th St,322 - Kenmore - Lake City - First Hill,Express,,
"Cedar Park, Lake City","Seattle, WA",King,"47.728626, -122.292168",1_76750,322,Lake City Way NE & NE 137th St,322 - Kenmore - Lake City - First Hill,Express,,
,"Lake Forest Park, WA",King,"47.734646, -122.292343",1_76770,322,Bothell Way NE & NE 145th St,322 - Kenmore - Lake City - First Hill,Express,,
,"Lake Forest Park, WA",King,"47.739906, -122.289215",1_76790,322,Bothell Way NE & NE 153rd St,322 - Kenmore - Lake City - First Hill,Express,,
,"Lake Forest Park, WA",King,"47.748497, -122.284599",1_76810,322,Bothell Way NE & NE 165th St,322 - Kenmore - Lake City - First Hill,Express,,
,"Lake Forest Park, WA",King,"47.752117, -122.279831",1_76820,322,Bothell Way NE & NE 170th St,322 - Kenmore - Lake City - First Hill,Express,,
,"Lake Forest Park, WA",King,"47.753670, -122.275978",1_76830,322,Bothell Way NE & Ballinger Way NE,322 - Kenmore - Lake City - First Hill,Express,,
,"Kenmore, WA",King,"47.758305, -122.261749",1_76840,322,NE Bothell Way & 61st Ave NE,322 - Kenmore - Lake City - First Hill,Express,,
,"Kenmore, WA",King,"47.758179, -122.248703",1_76870,322,NE Bothell Way & 68th Ave NE,322 - Kenmore - Lake City - First Hill,Express,,
,"Kenmore, WA",King,"47.759201, -122.243057",1_76376,322,Kenmore Park & Ride & 73rd Ave NE,322 - Kenmore - Lake City - First Hill,Express,,
,"Kenmore, WA",King,"47.758408, -122.241295",1_76374,225,Kenmore P&R & NE Bothell Way,322 - Kenmore - Lake City - First Hill,Express,,
,"Duvall, WA",King,"47.739212, -121.985886",1_68803,224,Brown Ave NE & NE Richardson St,629 - No. Bend-Snoqualmie - Fall City - Duvall,Express,,
,"Duvall, WA",King,"47.733341, -121.987419",1_75975,224,SR 203 & NE 145th St,629 - No. Bend-Snoqualmie - Fall City - Duvall,Express,,
,"Duvall, WA",King,"47.727623, -121.985138",1_64383,224,NE Big Rock Rd & Carnation Duvall Rd NE,629 - No. Bend-Snoqualmie - Fall City - Duvall,Express,,
,"Duvall, WA",King,"47.724472, -121.965263",1_64384,629,NE Big Rock Rd & 279th Ln NE,629 - No. Bend-Snoqualmie - Fall City - Duvall,Express,,
Lake Marcel-Stillwater,"Carnation, WA",King,"47.702003, -121.908585",1_64388,629,NE Big Rock Rd & 322nd Ave NE,629 - No. Bend-Snoqualmie - Fall City - Duvall,Express,,
Lake Marcel-Stillwater,"Carnation, WA",King,"47.693539, -121.901176",1_64382,629,Kelly Rd NE & NE Big Rock Rd,629 - No. Bend-Snoqualmie - Fall City - Duvall,Express,,
"Stillwater, Stillwater",County:,King,"47.685009, -121.909393",1_64375,629,Kelly Rd NE & 320th Way NE,629 - No. Bend-Snoqualmie - Fall City - Duvall,Express,,
,"Carnation, WA",King,"47.649868, -121.913040",1_78046,629,Tolt Ave & W Rutherford St,629 - No. Bend-Snoqualmie - Fall City - Duvall,Express,,
,"Carnation, WA",King,"47.648613, -121.913895",1_64326,629,SR 203 & W Bird St,629 - No. Bend-Snoqualmie - Fall City - Duvall,Express,,
,"Carnation, WA",King,"47.644371, -121.915649",1_64366,629,SR 203 & NE 40th St,629 - No. Bend-Snoqualmie - Fall City - Duvall,Express,,
"Fall City, Fall City",County:,King,"47.568916, -121.893936",1_64370,629,SE 42nd Pl & 334th Pl SE,629 - No. Bend-Snoqualmie - Fall City - Duvall,Express,,
"Fall City, Fall City",County:,King,"47.567902, -121.890251",1_64380,629,SE Redmond Fall City Rd & 337th Pl SE,629 - No. Bend-Snoqualmie - Fall City - Duvall,Express,,
,"Fall City, WA",King,"47.568008, -121.876923",1_64285,629,SE Fall City-Snoqualmie Rd & SE Fish Hatchery Rd,629 - No. Bend-Snoqualmie - Fall City - Duvall,Express,,
"Spring Glen, Spring Glen",County:,King,"47.562351, -121.865211",1_64287,629,SE Fall City-Snoqualmie Rd & 356th Ave SE,629 - No. Bend-Snoqualmie - Fall City - Duvall,Express,,
"Spring Glen, Spring Glen",County:,King,"47.560223, -121.857315",1_64288,629,SE Fall City-Snoqualmie Rd & 361st Ave SE,629 - No. Bend-Snoqualmie - Fall City - Duvall,Express,,
"Spring Glen, Spring Glen",County:,King,"47.558518, -121.850662",1_64295,629,SE Fall City-Snoqualmie Rd & 367th Ave SE,629 - No. Bend-Snoqualmie - Fall City - Duvall,Express,,
,"Fall City, WA",King,"47.554134, -121.840340",1_64265,629,SE Fall City-Snoqualmie Rd & SE 47th Pl,629 - No. Bend-Snoqualmie - Fall City - Duvall,Express,,
,"Snoqualmie, WA",King,"47.543991, -121.836937",1_64435,629,SE Fall City-Snoqualmie Rd & Tokul Rd,629 - No. Bend-Snoqualmie - Fall City - Duvall,Express,,
,"Snoqualmie, WA",King,"47.536297, -121.830978",1_64398,208,Railroad Ave SE & Snoqualmie Pkwy,629 - No. Bend-Snoqualmie - Fall City - Duvall,Express,,
,"Snoqualmie, WA",King,"47.532192, -121.827950",1_64397,208,Railroad Avenue Southeast Ave SE & SE Northern St,629 - No. Bend-Snoqualmie - Fall City - Duvall,Express,,
,"Snoqualmie, WA",King,"47.526932, -121.824097",1_64399,208,Railroad Ave SE & SE River St,629 - No. Bend-Snoqualmie - Fall City - Duvall,Express,,
,"Snoqualmie, WA",King,"47.524521, -121.828697",1_85392,629,384th Ave SE & SE 85th St,629 - No. Bend-Snoqualmie - Fall City - Duvall,Express,,
,"Snoqualmie, WA",King,"47.517754, -121.828545",1_85394,629,384th Ave SE & SE 92nd St,629 - No. Bend-Snoqualmie - Fall City - Duvall,Express,,
,"Snoqualmie, WA",King,"47.518082, -121.840996",1_85785,629,Snoqualmie Casino Acs & SE North Bend Way,629 - No. Bend-Snoqualmie - Fall City - Duvall,Express,,
,"North Bend, WA",King,"47.496315, -121.788864",1_85794,629,W North Bend Way & Sydney Ave S,629 - No. Bend-Snoqualmie - Fall City - Duvall,Express,,
,"North Bend, WA",King,"47.494846, -121.787674",1_85792,208,Bendigo Blvd S & W Mccellan St,629 - No. Bend-Snoqualmie - Fall City - Duvall,Express,,
,"North Bend, WA",King,"47.490673, -121.796730",1_64308,208,Factory Outlet Mall &Mount Si Blvd,629 - No. Bend-Snoqualmie - Fall City - Duvall,Express,,
,"North Bend, WA",King,"47.492855, -121.788330",1_85793,629,Main Ave S & Cedar Ave S,629 - No. Bend-Snoqualmie - Fall City - Duvall,Express,,
,"Tukwila, WA",King,"47.464207, -122.288452",1_60921,A Line,Tukwila Int'l Blvd Station - Bay 1,A Line - Tukwila International Boulevard Station - Federal Way Transit Center,RapidRide,,
McVan/McMicken Heights,"Seatac, WA",King,"47.458695, -122.292412",1_61060,A Line,International Blvd & S 160th St,A Line - Tukwila International Boulevard Station - Federal Way Transit Center,RapidRide,,
,"Seatac, WA",King,"47.450249, -122.296318",1_61070,161,International Blvd & S 170th St,A Line - Tukwila International Boulevard Station - Federal Way Transit Center,RapidRide,,
,"Seatac, WA",King,"47.445320, -122.296440",1_61080,161,International Blvd & S 176th St - Bay 1,A Line - Tukwila International Boulevard Station - Federal Way Transit Center,RapidRide,,
,"Seatac, WA",King,"47.439720, -122.296104",1_61090,156,International Blvd & S 182nd St,A Line - Tukwila International Boulevard Station - Federal Way Transit Center,RapidRide,,
,"Seatac, WA",King,"47.433899, -122.295662",1_61100,A Line,International Blvd & S 188th St,A Line - Tukwila International Boulevard Station - Federal Way Transit Center,RapidRide,,
,"Seatac, WA",King,"47.427467, -122.295914",1_61110,A Line,International Blvd & S 195th St,A Line - Tukwila International Boulevard Station - Federal Way Transit Center,RapidRide,,
,"Seatac, WA",King,"47.422379, -122.296577",1_61120,A Line,International Blvd & S 200th St,A Line - Tukwila International Boulevard Station - Federal Way Transit Center,RapidRide,,
,"Seatac, WA",King,"47.414898, -122.297539",1_61140,A Line,International Blvd & S 208th St,A Line - Tukwila International Boulevard Station - Federal Way Transit Center,RapidRide,,
Pacific Ridge,"Des Moines, WA",King,"47.407757, -122.298477",1_61150,A Line,Pacific Hwy S & S 216th St,A Line - Tukwila International Boulevard Station - Federal Way Transit Center,RapidRide,,
Pacific Ridge,"Des Moines, WA",King,"47.399940, -122.297211",1_61170,A Line,Pacific Hwy S & S 224th St,A Line - Tukwila International Boulevard Station - Federal Way Transit Center,RapidRide,,
,"Kent, WA",King,"47.392536, -122.295158",1_50480,165,Pacific Hwy S & Kent Des Moines Rd,A Line - Tukwila International Boulevard Station - Federal Way Transit Center,RapidRide,,
,"Kent, WA",King,"47.389187, -122.295967",1_50479,165,Kent Des Moines Station - Bay 6,A Line - Tukwila International Boulevard Station - Federal Way Transit Center,RapidRide,,
,"Kent, WA",King,"47.387569, -122.296371",1_61180,165,Pacific Hwy S & S 240th St,A Line - Tukwila International Boulevard Station - Federal Way Transit Center,RapidRide,,
,"Kent, WA",King,"47.386162, -122.296715",1_48948,A Line,Pacific Hwy S & S 240th St,A Line - Tukwila International Boulevard Station - Federal Way Transit Center,RapidRide,,
,"Kent, WA",King,"47.381298, -122.297905",1_61190,A Line,Pacific Hwy S & S 246th St,A Line - Tukwila International Boulevard Station - Federal Way Transit Center,RapidRide,,
,"Kent, WA",King,"47.375294, -122.300484",1_61201,A Line,Pacific Hwy S & S 252nd St,A Line - Tukwila International Boulevard Station - Federal Way Transit Center,RapidRide,,
,"Kent, WA",King,"47.368012, -122.304314",1_61220,A Line,Pacific Hwy S & S 260th St,A Line - Tukwila International Boulevard Station - Federal Way Transit Center,RapidRide,,
,"Kent, WA",King,"47.360760, -122.308105",1_61230,A Line,Pacific Hwy S & S 268th St,A Line - Tukwila International Boulevard Station - Federal Way Transit Center,RapidRide,,
Redondo - Fed Way,"Federal Way, WA",King,"47.357243, -122.309952",1_61240,A Line,Pacific Hwy S & S 272nd St,A Line - Tukwila International Boulevard Station - Federal Way Transit Center,RapidRide,,
Redondo - Fed Way,"Federal Way, WA",King,"47.354145, -122.311554",1_61243,A Line,Pacific Hwy S & S 276th St,A Line - Tukwila International Boulevard Station - Federal Way Transit Center,RapidRide,,
Redondo - Fed Way,"Federal Way, WA",King,"47.342976, -122.312477",1_61270,A Line,Pacific Hwy S & S 288th St,A Line - Tukwila International Boulevard Station - Federal Way Transit Center,RapidRide,,
Steel Lake,"Federal Way, WA",King,"47.335171, -122.312263",1_61280,A Line,Pacific Hwy S & S Dash Point Rd,A Line - Tukwila International Boulevard Station - Federal Way Transit Center,RapidRide,,
Mirror Lake,"Federal Way, WA",King,"47.325615, -122.313438",1_61300,901,Pacific Hwy S & S 308th St,A Line - Tukwila International Boulevard Station - Federal Way Transit Center,RapidRide,,
Mirror Lake,"Federal Way, WA",King,"47.322090, -122.313545",1_61310,A Line,Pacific Hwy S & S 312th St,A Line - Tukwila International Boulevard Station - Federal Way Transit Center,RapidRide,,
Steel Lake,"Federal Way, WA",King,"47.318623, -122.312355",1_61313,A Line,S 316th St & Pacific Hwy S,A Line - Tukwila International Boulevard Station - Federal Way Transit Center,RapidRide,,
Steel Lake,"Federal Way, WA",King,"47.316452, -122.303230",1_85541,177,23rd Ave S & S 319th Pl - Bay 11,A Line - Tukwila International Boulevard Station - Federal Way Transit Center,RapidRide,,
Downtown Bellevue,"Bellevue, WA",King,"47.615505, -122.195358",1_68003,B Line,Bellevue Transit Center - Bay 3,B Line - Redmond - Overlake - Bellevue,RapidRide,,
Midlakes,"Bellevue, WA",King,"47.617233, -122.184837",1_68085,B Line,NE 8th St & 116th Ave NE,B Line - Redmond - Overlake - Bellevue,RapidRide,,
Midlakes,"Bellevue, WA",King,"47.617252, -122.179787",1_68094,B Line,NE 8th St & 120th Ave NE,B Line - Redmond - Overlake - Bellevue,RapidRide,,
Belridge,"Bellevue, WA",King,"47.617264, -122.174347",1_68100,B Line,NE 8th St & 124th Ave NE,B Line - Redmond - Overlake - Bellevue,RapidRide,,
Belridge,"Bellevue, WA",King,"47.617126, -122.162338",1_68130,B Line,NE 8th St & 131st Ave NE,B Line - Redmond - Overlake - Bellevue,RapidRide,,
Lake Hills,"Bellevue, WA",King,"47.617073, -122.153076",1_68150,B Line,NE 8th St & 140th Ave NE,B Line - Redmond - Overlake - Bellevue,RapidRide,,
Lake Hills,"Bellevue, WA",King,"47.617042, -122.148941",1_68160,B Line,NE 8th St & 143rd Ave NE,B Line - Redmond - Overlake - Bellevue,RapidRide,,
Lake Hills,"Bellevue, WA",King,"47.616970, -122.142014",1_68180,223,NE 8th St & 148th Ave NE,B Line - Redmond - Overlake - Bellevue,RapidRide,,
Crossroads,"Bellevue, WA",King,"47.618378, -122.132317",1_68750,245,156th Ave NE & NE 10th St,B Line - Redmond - Overlake - Bellevue,RapidRide,,
Crossroads,"Bellevue, WA",King,"47.624107, -122.132301",1_68780,245,156th Ave NE & NE 15th St,B Line - Redmond - Overlake - Bellevue,RapidRide,,
Interlake,"Bellevue, WA",King,"47.631844, -122.132248",1_68788,245,156th Ave NE & NE 24th St,B Line - Redmond - Overlake - Bellevue,RapidRide,,
Overlake - Redmond,"Redmond, WA",King,"47.635368, -122.132256",1_68784,245,156th Ave NE & NE 28th St,B Line - Redmond - Overlake - Bellevue,RapidRide,,
Overlake - Redmond,"Redmond, WA",King,"47.639942, -122.132217",1_68411,222,156th Ave NE & NE 33rd St,B Line - Redmond - Overlake - Bellevue,RapidRide,,
Overlake - Redmond,"Redmond, WA",King,"47.643986, -122.132187",1_68498,245,156th Ave NE & Overlake Transit Center - Bay 8,B Line - Redmond - Overlake - Bellevue,RapidRide,,
Overlake - Redmond,"Redmond, WA",King,"47.646057, -122.137802",1_71329,225,NE 40th St & 152nd Ave NE,B Line - Redmond - Overlake - Bellevue,RapidRide,,
Overlake - Redmond,"Redmond, WA",King,"47.646919, -122.142815",1_73342,223,148th Ave NE & NE 40th St,B Line - Redmond - Overlake - Bellevue,RapidRide,,
Overlake - Redmond,"Redmond, WA",King,"47.652576, -122.143089",1_73366,223,148th Ave NE & NE 46th St,B Line - Redmond - Overlake - Bellevue,RapidRide,,
Overlake - Redmond,"Redmond, WA",King,"47.655735, -122.143089",1_73350,223,148th Ave NE & NE 51st St,B Line - Redmond - Overlake - Bellevue,RapidRide,,
Grass Lawn,"Redmond, WA",King,"47.668457, -122.142883",1_73391,B Line,148th Ave NE & NE Old Redmond Rd,B Line - Redmond - Overlake - Bellevue,RapidRide,,
Grass Lawn,"Redmond, WA",King,"47.674053, -122.142860",1_73410,B Line,148th Ave NE & NE Redmond Way,B Line - Redmond - Overlake - Bellevue,RapidRide,,
Willows (Rose Hill),"Redmond, WA",King,"47.681110, -122.144691",1_73412,B Line,148th Ave NE & NE 87th St,B Line - Redmond - Overlake - Bellevue,RapidRide,,
Sammamish Valley,"Redmond, WA",King,"47.682136, -122.134186",1_73872,B Line,NE 90th St & 154th Ave NE,B Line - Redmond - Overlake - Bellevue,RapidRide,,
,"Redmond, WA",King,"47.680645, -122.127655",1_74027,B Line,160th Ave NE & NE 90th St,B Line - Redmond - Overlake - Bellevue,RapidRide,,
,"Redmond, WA",King,"47.678459, -122.126778",1_73757,542,NE 85th St & 161st Ave NE,B Line - Redmond - Overlake - Bellevue,RapidRide,,
,"Redmond, WA",King,"47.676594, -122.124939",1_73227,542,NE 83rd St & 161st Ave NE - Bay 1,B Line - Redmond - Overlake - Bellevue,RapidRide,,
,"Redmond, WA",King,"47.672092, -122.119255",1_72478,223,Cleveland St & 166th Ave NE - Bay 3,B Line - Redmond - Overlake - Bellevue,RapidRide,,
Cascade,"Seattle, WA",King,"47.626034, -122.334106",1_10328,C Line,Valley St & Fairview Ave N,C Line - South Lake Union - Seattle - Westwood Village,RapidRide,,
Cascade,"Seattle, WA",King,"47.624153, -122.338547",1_26641,40,Westlake Ave N & Mercer St,C Line - South Lake Union - Seattle - Westwood Village,RapidRide,,
Cascade,"Seattle, WA",King,"47.621380, -122.338570",1_26645,40,Westlake Ave N & Harrison St,C Line - South Lake Union - Seattle - Westwood Village,RapidRide,,
,"Seattle, WA",King,"47.618031, -122.338402",,40,Westlake Ave & 9th Ave,C Line - South Lake Union - Seattle - Westwood Village,RapidRide,,
Belltown,"Seattle, WA",King,"47.612438, -122.341110",1_420,1,3rd Ave & Virginia St,C Line - South Lake Union - Seattle - Westwood Village,RapidRide,,
Central Business District,"Seattle, WA",King,"47.609791, -122.337959",1_431,21,3rd Ave & Pike St,C Line - South Lake Union - Seattle - Westwood Village,RapidRide,,
Central Business District,"Seattle, WA",King,"47.606442, -122.334900",1_468,21,3rd Ave & Seneca St,C Line - South Lake Union - Seattle - Westwood Village,RapidRide,,
Central Business District,"Seattle, WA",King,"47.604263, -122.332901",1_481,21,3rd Ave & Columbia St,C Line - South Lake Union - Seattle - Westwood Village,RapidRide,,
,"Seattle, WA",King,"47.602615, -122.336784",1_1558,21,Columbia St & Alaskan Way,C Line - South Lake Union - Seattle - Westwood Village,RapidRide,,
Pioneer Square,County:,King,"47.598717, -122.335960",1_1562,21,Alaskan Way S & S Jackson St,C Line - South Lake Union - Seattle - Westwood Village,RapidRide,,
"Fairmount Park, West Seattle","Seattle, WA",King,"47.568867, -122.370850",1_19898,21,SW Avalon Way & SW Bradford St,C Line - South Lake Union - Seattle - Westwood Village,RapidRide,,
"Fairmount Park, West Seattle","Seattle, WA",King,"47.563503, -122.376305",1_22830,21,35th Ave SW & SW Avalon Way,C Line - South Lake Union - Seattle - Westwood Village,RapidRide,,
"Fairmount Park, West Seattle","Seattle, WA",King,"47.561153, -122.380508",1_32364,50,SW Alaska St & Fauntleroy Way SW,C Line - South Lake Union - Seattle - Westwood Village,RapidRide,,
"Genesee, West Seattle, West Seattle Junction","Seattle, WA",King,"47.561203, -122.387383",1_20041,C Line,SW Alaska St & California Ave SW - Bay 3,C Line - South Lake Union - Seattle - Westwood Village,RapidRide,,
"Seaview, West Seattle","Seattle, WA",King,"47.551769, -122.387146",1_20090,22,California Ave SW & SW Findlay St,C Line - South Lake Union - Seattle - Westwood Village,RapidRide,,
"Seaview, West Seattle","Seattle, WA",King,"47.544865, -122.387680",1_20130,C Line,Fauntleroy Way SW & California Ave SW,C Line - South Lake Union - Seattle - Westwood Village,RapidRide,,
"Gatewood, West Seattle","Seattle, WA",King,"47.539295, -122.390984",1_20170,C Line,Fauntleroy Way SW & SW Myrtle St,C Line - South Lake Union - Seattle - Westwood Village,RapidRide,,
"Fauntleroy, West Seattle","Seattle, WA",King,"47.535622, -122.392723",1_20190,C Line,Fauntleroy Way SW & SW Webster St,C Line - South Lake Union - Seattle - Westwood Village,RapidRide,,
"Fauntleroy, West Seattle","Seattle, WA",King,"47.529564, -122.392830",1_20220,C Line,Fauntleroy Way SW & SW Rose St,C Line - South Lake Union - Seattle - Westwood Village,RapidRide,,
"Fauntleroy, West Seattle","Seattle, WA",King,"47.523006, -122.393074",1_20250,C Line,Fauntleroy Way SW & SW Barton St,C Line - South Lake Union - Seattle - Westwood Village,RapidRide,,
"Fauntleroy, West Seattle","Seattle, WA",King,"47.520935, -122.390892",1_20270,C Line,SW Wildwood Pl & 46th Ave SW,C Line - South Lake Union - Seattle - Westwood Village,RapidRide,,
"Fauntleroy, West Seattle","Seattle, WA",King,"47.521938, -122.387367",1_32030,C Line,California Ave SW & SW Barton St,C Line - South Lake Union - Seattle - Westwood Village,RapidRide,,
"Delridge, Roxhill","Seattle, WA",King,"47.521000, -122.376358",1_22553,21,SW Barton St & 35th Ave SW,C Line - South Lake Union - Seattle - Westwood Village,RapidRide,,
"Delridge, Roxhill","Seattle, WA",King,"47.520962, -122.367355",1_22557,21,SW Barton St & 26th Ave SW - Bay 1,C Line - South Lake Union - Seattle - Westwood Village,RapidRide,,
Pioneer Square,"Seattle, WA",King,"47.601658, -122.329941",1_1610,1,Prefontaine Pl S & Yesler Way,D Line - Crown Hill - Ballard - Seattle,RapidRide,,
Central Business District,"Seattle, WA",King,"47.604095, -122.332504",1_538,1,3rd Ave & Columbia St,D Line - Crown Hill - Ballard - Seattle,RapidRide,,
Central Business District,"Seattle, WA",King,"47.607052, -122.335213",1_558,1,3rd Ave & Seneca St,D Line - Crown Hill - Ballard - Seattle,RapidRide,,
Central Business District,"Seattle, WA",King,"47.609642, -122.337585",1_575,1,3rd Ave & Pike St,D Line - Crown Hill - Ballard - Seattle,RapidRide,,
"Belltown, Denny Regrade","Seattle, WA",King,"47.612995, -122.341743",1_600,1,3rd Ave & Virginia St,D Line - Crown Hill - Ballard - Seattle,RapidRide,,
"Belltown, Denny Regrade","Seattle, WA",King,"47.615120, -122.345337",1_605,1,3rd Ave & Bell St,D Line - Crown Hill - Ballard - Seattle,RapidRide,,
"Belltown, Denny Regrade","Seattle, WA",King,"47.616959, -122.348450",1_1690,1,3rd Ave & Vine St,D Line - Crown Hill - Ballard - Seattle,RapidRide,,
,"Seattle, WA",King,"47.619118, -122.355362",1_2330,1,1st Ave N & Denny Way,D Line - Crown Hill - Ballard - Seattle,RapidRide,,
Queen Anne,"Seattle, WA",King,"47.623123, -122.355309",1_2360,1,1st Ave N & Republican St,D Line - Crown Hill - Ballard - Seattle,RapidRide,,
Queen Anne,"Seattle, WA",King,"47.624649, -122.356552",1_2370,1,Mercer St & Queen Anne Ave N,D Line - Crown Hill - Ballard - Seattle,RapidRide,,
Queen Anne,"Seattle, WA",King,"47.624668, -122.361153",1_14038,32,W Mercer St & 3rd Ave W,D Line - Crown Hill - Ballard - Seattle,RapidRide,,
West Queen Anne,"Seattle, WA",King,"47.629013, -122.371414",1_14070,17,Elliott Ave W & W Prospect St,D Line - Crown Hill - Ballard - Seattle,RapidRide,,
West Queen Anne,"Seattle, WA",King,"47.632092, -122.375290",1_14090,32,Elliott Ave W & W Galer St,D Line - Crown Hill - Ballard - Seattle,RapidRide,,
West Queen Anne,"Seattle, WA",King,"47.637089, -122.376099",1_14110,32,15th Ave W & W Newton St,D Line - Crown Hill - Ballard - Seattle,RapidRide,,
West Queen Anne,"Seattle, WA",King,"47.640923, -122.376114",1_14130,32,15th Ave W & W Wheeler St,D Line - Crown Hill - Ballard - Seattle,RapidRide,,
Queen Anne,"Seattle, WA",King,"47.644936, -122.376122",1_14150,32,15th Ave W & W Armour St,D Line - Crown Hill - Ballard - Seattle,RapidRide,,
Queen Anne,"Seattle, WA",King,"47.649162, -122.376045",1_14170,32,15th Ave W & W Dravus St,D Line - Crown Hill - Ballard - Seattle,RapidRide,,
Queen Anne,"Seattle, WA",King,"47.653942, -122.376122",1_14190,D Line,15th Ave W & W Emerson St,D Line - Crown Hill - Ballard - Seattle,RapidRide,,
"Ballard, West Woodland","Seattle, WA",King,"47.663437, -122.375977",1_14200,17,15th Ave NW & NW Leary Way,D Line - Crown Hill - Ballard - Seattle,RapidRide,,
"Ballard, West Woodland","Seattle, WA",King,"47.668480, -122.376114",1_14230,D Line,15th Ave NW & NW Market St,D Line - Crown Hill - Ballard - Seattle,RapidRide,,
"Ballard, West Woodland","Seattle, WA",King,"47.672295, -122.376114",1_14250,D Line,15th Ave NW & NW 60th St,D Line - Crown Hill - Ballard - Seattle,RapidRide,,
"Ballard, Whittier Heights","Seattle, WA",King,"47.676861, -122.376671",1_14280,D Line,15th Ave NW & NW 65th St,D Line - Crown Hill - Ballard - Seattle,RapidRide,,
"Ballard, Whittier Heights","Seattle, WA",King,"47.679874, -122.376671",1_14300,D Line,15th Ave NW & NW 70th St,D Line - Crown Hill - Ballard - Seattle,RapidRide,,
,"Seattle, WA",King,"47.683510, -122.376686",1_14320,D Line,15th Ave NW & NW 75th St,D Line - Crown Hill - Ballard - Seattle,RapidRide,,
"Ballard, Whittier Heights","Seattle, WA",King,"47.687130, -122.376701",1_14340,D Line,15th Ave NW & NW 80th St,D Line - Crown Hill - Ballard - Seattle,RapidRide,,
Crown Hill,"Seattle, WA",King,"47.690956, -122.376709",1_14360,40,15th Ave NW & NW 85th St,D Line - Crown Hill - Ballard - Seattle,RapidRide,,
Crown Hill,"Seattle, WA",King,"47.694752, -122.375290",1_40050,40,Holman Rd NW & Mary Ave NW,D Line - Crown Hill - Ballard - Seattle,RapidRide,,
Greenwood,"Seattle, WA",King,"47.702621, -122.363472",1_28680,28,NW 100th Pl & 7th Ave NW,D Line - Crown Hill - Ballard - Seattle,RapidRide,,
Pioneer Square,"Seattle, WA",King,"47.601658, -122.329941",1_1610,1,Prefontaine Pl S & Yesler Way,E Line - Aurora Village Transit Center - Shoreline - Seattle,RapidRide,,
Central Business District,"Seattle, WA",King,"47.604095, -122.332504",1_538,1,3rd Ave & Columbia St,E Line - Aurora Village Transit Center - Shoreline - Seattle,RapidRide,,
Central Business District,"Seattle, WA",King,"47.607052, -122.335213",1_558,1,3rd Ave & Seneca St,E Line - Aurora Village Transit Center - Shoreline - Seattle,RapidRide,,
Central Business District,"Seattle, WA",King,"47.609642, -122.337585",1_575,1,3rd Ave & Pike St,E Line - Aurora Village Transit Center - Shoreline - Seattle,RapidRide,,
"Belltown, Denny Regrade","Seattle, WA",King,"47.612995, -122.341743",1_600,1,3rd Ave & Virginia St,E Line - Aurora Village Transit Center - Shoreline - Seattle,RapidRide,,
"Belltown, Denny Regrade","Seattle, WA",King,"47.615120, -122.345337",1_605,1,3rd Ave & Bell St,E Line - Aurora Village Transit Center - Shoreline - Seattle,RapidRide,,
,"Seattle, WA",King,"47.619087, -122.343445",1_6236,5,7th Ave N & Denny Way,E Line - Aurora Village Transit Center - Shoreline - Seattle,RapidRide,,
,"Seattle, WA",King,"47.621895, -122.343506",1_6237,5,7th Ave N & Harrison St,E Line - Aurora Village Transit Center - Shoreline - Seattle,RapidRide,,
"Cascade, Westlake","Seattle, WA",King,"47.632572, -122.343323",1_6300,5,Aurora Ave N & Galer St,E Line - Aurora Village Transit Center - Shoreline - Seattle,RapidRide,,
Queen Anne,"Seattle, WA",King,"47.638874, -122.345200",1_6320,5,Aurora Ave N & Lynn St,E Line - Aurora Village Transit Center - Shoreline - Seattle,RapidRide,,
Wallingford,"Seattle, WA",King,"47.661690, -122.347176",1_75409,E Line,Aurora Ave N & N 46th St,E Line - Aurora Village Transit Center - Shoreline - Seattle,RapidRide,,
Phinney Ridge,"Seattle, WA",King,"47.676163, -122.347031",1_7630,E Line,Woodland Pl N & N 65th St,E Line - Aurora Village Transit Center - Shoreline - Seattle,RapidRide,,
Phinney Ridge,"Seattle, WA",King,"47.681225, -122.346809",1_7670,E Line,Linden Ave N & N 72nd St,E Line - Aurora Village Transit Center - Shoreline - Seattle,RapidRide,,
Green Lake,"Seattle, WA",King,"47.683723, -122.344322",1_7690,E Line,Aurora Ave N & N 76th St,E Line - Aurora Village Transit Center - Shoreline - Seattle,RapidRide,,
Green Lake,"Seattle, WA",King,"47.687260, -122.344337",1_7710,E Line,Aurora Ave N & N 80th St,E Line - Aurora Village Transit Center - Shoreline - Seattle,RapidRide,,
Northgate,"Seattle, WA",King,"47.691082, -122.344360",1_7730,E Line,Aurora Ave N & N 85th St,E Line - Aurora Village Transit Center - Shoreline - Seattle,RapidRide,,
Northgate,"Seattle, WA",King,"47.694797, -122.344421",1_7750,E Line,Aurora Ave N & N 91st St,E Line - Aurora Village Transit Center - Shoreline - Seattle,RapidRide,,
Northgate,"Seattle, WA",King,"47.698151, -122.344513",1_7770,E Line,Aurora Ave N & N 95th St,E Line - Aurora Village Transit Center - Shoreline - Seattle,RapidRide,,
Northgate,"Seattle, WA",King,"47.701675, -122.344490",1_7790,E Line,Aurora Ave N & N 100th St,E Line - Aurora Village Transit Center - Shoreline - Seattle,RapidRide,,
"Haller Lake, Northgate","Seattle, WA",King,"47.705444, -122.344543",1_7810,E Line,Aurora Ave N & N Northgate Way,E Line - Aurora Village Transit Center - Shoreline - Seattle,RapidRide,,
"Haller Lake, Northgate","Seattle, WA",King,"47.712734, -122.344719",1_7850,E Line,Aurora Ave N & N 115th St,E Line - Aurora Village Transit Center - Shoreline - Seattle,RapidRide,,
"Haller Lake, Northgate","Seattle, WA",King,"47.719467, -122.344841",1_7880,E Line,Aurora Ave N & N 125th St,E Line - Aurora Village Transit Center - Shoreline - Seattle,RapidRide,,
"Haller Lake, Northgate","Seattle, WA",King,"47.723740, -122.344879",1_7900,E Line,Aurora Ave N & N 130th St,E Line - Aurora Village Transit Center - Shoreline - Seattle,RapidRide,,
"Haller Lake, Northgate","Seattle, WA",King,"47.727299, -122.344925",1_7912,E Line,Aurora Ave N & N 135th St,E Line - Aurora Village Transit Center - Shoreline - Seattle,RapidRide,,
Parkwood,"Shoreline, WA",King,"47.734924, -122.344910",1_75820,E Line,Aurora Ave N & N 145th St,E Line - Aurora Village Transit Center - Shoreline - Seattle,RapidRide,,
Parkwood,"Shoreline, WA",King,"47.739334, -122.345100",1_75830,E Line,Aurora Ave N & N 152nd St,E Line - Aurora Village Transit Center - Shoreline - Seattle,RapidRide,,
Parkwood,"Shoreline, WA",King,"47.742084, -122.345169",1_75840,E Line,Aurora Ave N & N 155th St,E Line - Aurora Village Transit Center - Shoreline - Seattle,RapidRide,,
Meridian Park,"Shoreline, WA",King,"47.745403, -122.345253",1_75850,E Line,Aurora Ave N & N 160th St,E Line - Aurora Village Transit Center - Shoreline - Seattle,RapidRide,,
Meridian Park,"Shoreline, WA",King,"47.749065, -122.345337",1_75860,E Line,Aurora Ave N & N 165th St,E Line - Aurora Village Transit Center - Shoreline - Seattle,RapidRide,,
Meridian Park,"Shoreline, WA",King,"47.752953, -122.345398",1_75870,E Line,Aurora Ave N & N 170th St,E Line - Aurora Village Transit Center - Shoreline - Seattle,RapidRide,,
Meridian Park,"Shoreline, WA",King,"47.756344, -122.345551",1_75881,E Line,Aurora Ave N & N 175th St,E Line - Aurora Village Transit Center - Shoreline - Seattle,RapidRide,,
Meridian Park,"Shoreline, WA",King,"47.759964, -122.345894",1_75890,E Line,Aurora Ave N & N 180th St,E Line - Aurora Village Transit Center - Shoreline - Seattle,RapidRide,,
Echo Lake,"Shoreline, WA",King,"47.763740, -122.345795",1_75901,E Line,Aurora Ave N & N 185th St,E Line - Aurora Village Transit Center - Shoreline - Seattle,RapidRide,,
Echo Lake,"Shoreline, WA",King,"47.768063, -122.345757",1_75910,E Line,Aurora Ave N & N 192nd St,E Line - Aurora Village Transit Center - Shoreline - Seattle,RapidRide,,
Echo Lake,"Shoreline, WA",King,"47.773937, -122.345840",1_75932,E Line,Aurora Ave N & N 200th St,E Line - Aurora Village Transit Center - Shoreline - Seattle,RapidRide,,
Echo Lake,"Shoreline, WA",King,"47.774535, -122.340975",1_16103,303,Aurora Village Transit Center - Bay 3,E Line - Aurora Village Transit Center - Shoreline - Seattle,RapidRide,,
"Burien City Center, Sunnydale","Burien, WA",King,"47.469410, -122.337318",1_52306,161,Burien Transit Center - Bay 6,F Line - Burien Transit Center - Tukwila -  Renton Transit Center - The Landing,RapidRide,,
"Burien City Center, Sunnydale","Burien, WA",King,"47.467129, -122.339226",1_52300,161,4th Ave SW & SW 152nd St,F Line - Burien Transit Center - Tukwila -  Renton Transit Center - The Landing,RapidRide,,
"Burien City Center, Sunnydale","Burien, WA",King,"47.463703, -122.339310",1_53975,161,4th Ave SW & SW 156th St,F Line - Burien Transit Center - Tukwila -  Renton Transit Center - The Landing,RapidRide,,
Sunnydale,"Burien, WA",King,"47.463215, -122.332245",1_50130,161,S 156th St & 1st Ave S,F Line - Burien Transit Center - Tukwila -  Renton Transit Center - The Landing,RapidRide,,
Sunnydale,"Burien, WA",King,"47.463215, -122.328133",1_50140,161,S 156th St & 4th Ave S,F Line - Burien Transit Center - Tukwila -  Renton Transit Center - The Landing,RapidRide,,
,"Seatac, WA",King,"47.463245, -122.322769",1_50145,161,S 156th Way & Des Moines Memorial Dr S,F Line - Burien Transit Center - Tukwila -  Renton Transit Center - The Landing,RapidRide,,
,"Seatac, WA",King,"47.465050, -122.302727",1_80151,161,S 154th Ln & 24th Ave S,F Line - Burien Transit Center - Tukwila -  Renton Transit Center - The Landing,RapidRide,,
Riverton Heights,"Seatac, WA",King,"47.465103, -122.291267",1_79973,F Line,S 154th St & 32nd Ave S,F Line - Burien Transit Center - Tukwila -  Renton Transit Center - The Landing,RapidRide,,
,"Tukwila, WA",King,"47.464027, -122.287933",1_60922,124,Tukwila Int'l Blvd Station - Bay 2,F Line - Burien Transit Center - Tukwila -  Renton Transit Center - The Landing,RapidRide,,
,"Tukwila, WA",King,"47.465733, -122.281830",1_54201,F Line,Southcenter Blvd & 42nd Ave S,F Line - Burien Transit Center - Tukwila -  Renton Transit Center - The Landing,RapidRide,,
,"Tukwila, WA",King,"47.466194, -122.277000",1_54203,F Line,Southcenter Blvd & Park Place,F Line - Burien Transit Center - Tukwila -  Renton Transit Center - The Landing,RapidRide,,
,"Tukwila, WA",King,"47.465035, -122.268196",1_54205,F Line,Southcenter Blvd & 53rd Ave S,F Line - Burien Transit Center - Tukwila -  Renton Transit Center - The Landing,RapidRide,,
,"Tukwila, WA",King,"47.462814, -122.257118",1_58102,150,Southcenter Blvd & 62nd Ave S,F Line - Burien Transit Center - Tukwila -  Renton Transit Center - The Landing,RapidRide,,
,"Tukwila, WA",King,"47.462463, -122.251968",1_58104,150,Southcenter Blvd & 65th Ave S,F Line - Burien Transit Center - Tukwila -  Renton Transit Center - The Landing,RapidRide,,
,"Tukwila, WA",King,"47.457752, -122.254478",1_59310,F Line,Andover Park W & Baker Blvd - Bay 2,F Line - Burien Transit Center - Tukwila -  Renton Transit Center - The Landing,RapidRide,,
,"Tukwila, WA",King,"47.455727, -122.249313",1_59833,906,Strander Blvd & Andover Park E,F Line - Burien Transit Center - Tukwila -  Renton Transit Center - The Landing,RapidRide,,
,"Tukwila, WA",King,"47.458115, -122.244072",1_58028,906,West Valley Hwy & Strander Blvd,F Line - Burien Transit Center - Tukwila -  Renton Transit Center - The Landing,RapidRide,,
,"Tukwila, WA",King,"47.460381, -122.241188",1_59882,F Line,Tukwila Station Acs & S Longacres Way - Bay 2,F Line - Burien Transit Center - Tukwila -  Renton Transit Center - The Landing,RapidRide,,
,"Renton, WA",King,"47.456844, -122.236900",1_59876,F Line,SW 27th St & Naches Ave SW,F Line - Burien Transit Center - Tukwila -  Renton Transit Center - The Landing,RapidRide,,
,"Renton, WA",King,"47.462151, -122.232796",1_59872,F Line,Oakesdale Ave SW & Boeing Cag,F Line - Burien Transit Center - Tukwila -  Renton Transit Center - The Landing,RapidRide,,
,"Renton, WA",King,"47.465557, -122.232101",1_59878,F Line,Oakesdale Ave SW & SW 16th St,F Line - Burien Transit Center - Tukwila -  Renton Transit Center - The Landing,RapidRide,,
,"Renton, WA",King,"47.465992, -122.225029",1_59868,F Line,SW 16th St & Lind Ave SW,F Line - Burien Transit Center - Tukwila -  Renton Transit Center - The Landing,RapidRide,,
,"Renton, WA",King,"47.470306, -122.223251",1_55942,153,Lind Ave SW & SW Grady Way,F Line - Burien Transit Center - Tukwila -  Renton Transit Center - The Landing,RapidRide,,
,"Renton, WA",King,"47.473247, -122.223221",1_55928,153,Lind Ave SW & SW 7th St,F Line - Burien Transit Center - Tukwila -  Renton Transit Center - The Landing,RapidRide,,
,"Renton, WA",King,"47.474415, -122.215080",1_59860,102,Rainier Ave S & S 7th St,F Line - Burien Transit Center - Tukwila -  Renton Transit Center - The Landing,RapidRide,,
,"Renton, WA",King,"47.477276, -122.215515",1_59870,102,Rainier Ave S & S 4th Pl,F Line - Burien Transit Center - Tukwila -  Renton Transit Center - The Landing,RapidRide,,
,"Renton, WA",King,"47.479675, -122.215630",1_46440,101,S 3rd St & Rainier Ave S,F Line - Burien Transit Center - Tukwila -  Renton Transit Center - The Landing,RapidRide,,
,"Renton, WA",King,"47.480778, -122.208549",1_46477,107,Renton Transit Center - Bay 2,F Line - Burien Transit Center - Tukwila -  Renton Transit Center - The Landing,RapidRide,,
,"Renton, WA",King,"47.487564, -122.208267",1_46578,F Line,Logan Ave N & N 3rd St,F Line - Burien Transit Center - Tukwila -  Renton Transit Center - The Landing,RapidRide,,
,"Renton, WA",King,"47.492519, -122.207306",1_46580,F Line,Logan Ave N & N 6th St,F Line - Burien Transit Center - Tukwila -  Renton Transit Center - The Landing,RapidRide,,
,"Renton, WA",King,"47.498329, -122.205673",1_46590,F Line,Logan Ave N & N 10th St,F Line - Burien Transit Center - Tukwila -  Renton Transit Center - The Landing,RapidRide,,
,"Renton, WA",King,"47.500496, -122.201218",1_46541,240,Park Ave N & Garden Ave N,F Line - Burien Transit Center - Tukwila -  Renton Transit Center - The Landing,RapidRide,,
,"Renton, WA",King,"47.498157, -122.200905",1_46504,F Line,N 10th St & Garden Ave N,F Line - Burien Transit Center - Tukwila -  Renton Transit Center - The Landing,RapidRide,,
"Capitol Hill, Stevens","Seattle, WA",King,"47.623097, -122.296906",1_120,8,E Madison St & Martin L King Jr Way E,G Line - Madison Valley - Downtown Seattle,RapidRide,,
"Capitol Hill, Stevens","Seattle, WA",King,"47.619316, -122.302483",1_121,G Line,E Madison St & 23rd Ave E,G Line - Madison Valley - Downtown Seattle,RapidRide,,
"Capitol Hill, Stevens","Seattle, WA",King,"47.617954, -122.304665",1_122,G Line,E Madison St & 22nd Ave E,G Line - Madison Valley - Downtown Seattle,RapidRide,,
"Capitol Hill, Stevens","Seattle, WA",King,"47.615521, -122.310516",1_123,12,E Madison St & 17th Ave,G Line - Madison Valley - Downtown Seattle,RapidRide,,
"Broadway, Capitol Hill","Seattle, WA",King,"47.613129, -122.316254",1_124,G Line,E Madison St & 12th Ave,G Line - Madison Valley - Downtown Seattle,RapidRide,,
First Hill,"Seattle, WA",King,"47.610580, -122.322372",1_125,G Line,Madison St & Boylston Ave,G Line - Madison Valley - Downtown Seattle,RapidRide,,
First Hill,"Seattle, WA",King,"47.609070, -122.325974",1_126,G Line,Madison St & Terry Ave,G Line - Madison Valley - Downtown Seattle,RapidRide,,
First Hill,"Seattle, WA",King,"47.607868, -122.328857",1_127,G Line,Madison St & 8th Ave,G Line - Madison Valley - Downtown Seattle,RapidRide,,
Central Business District,"Seattle, WA",King,"47.606735, -122.331566",1_128,G Line,Madison St & 5th Ave,G Line - Madison Valley - Downtown Seattle,RapidRide,,
Central Business District,"Seattle, WA",King,"47.605541, -122.334419",1_129,G Line,Madison St & 3rd Ave,G Line - Madison Valley - Downtown Seattle,RapidRide,,
Central Business District,"Seattle, WA",King,"47.605137, -122.336533",1_100,G Line,1st Ave & Spring St,G Line - Madison Valley - Downtown Seattle,RapidRide,,
Central Business District,"Seattle, WA",King,"47.606136, -122.334969",1_101,G Line,Spring St & 3rd Ave,G Line - Madison Valley - Downtown Seattle,RapidRide,,
Central Business District,"Seattle, WA",King,"47.606911, -122.333092",1_102,2,Spring St & 4th Ave,G Line - Madison Valley - Downtown Seattle,RapidRide,,
First Hill,"Seattle, WA",King,"47.608528, -122.329239",1_103,G Line,Spring St & 8th Ave,G Line - Madison Valley - Downtown Seattle,RapidRide,,
First Hill,"Seattle, WA",King,"47.608948, -122.325897",1_104,G Line,Madison St & Terry Ave,G Line - Madison Valley - Downtown Seattle,RapidRide,,
First Hill,"Seattle, WA",King,"47.610355, -122.322517",1_105,G Line,Madison St & Boylston Ave,G Line - Madison Valley - Downtown Seattle,RapidRide,,
"Central District, Minor","Seattle, WA",King,"47.613125, -122.315880",1_106,G Line,E Madison St & 12th Ave,G Line - Madison Valley - Downtown Seattle,RapidRide,,
"Central District, Minor","Seattle, WA",King,"47.615696, -122.309723",1_107,12,E Madison St & 17th Ave,G Line - Madison Valley - Downtown Seattle,RapidRide,,
"Central District, Minor","Seattle, WA",King,"47.618130, -122.303940",1_108,G Line,E Madison St & 22nd Ave E,G Line - Madison Valley - Downtown Seattle,RapidRide,,
"Central District, Mann","Seattle, WA",King,"47.620537, -122.300407",1_109,8,E Madison St & 24th Ave E,G Line - Madison Valley - Downtown Seattle,RapidRide,,
"Central District, Mann","Seattle, WA",King,"47.622658, -122.297264",1_111,8,E Madison St & Martin L King Jr Way E,G Line - Madison Valley - Downtown Seattle,RapidRide,,
Belltown,"Seattle, WA",King,"47.612438, -122.341110",1_420,1,3rd Ave & Virginia St,H Line - Burien Transit Center - Downtown Seattle,RapidRide,,
Central Business District,"Seattle, WA",King,"47.609070, -122.337288",1_433,24,3rd Ave & Pike St,H Line - Burien Transit Center - Downtown Seattle,RapidRide,,
Central Business District,"Seattle, WA",King,"47.606442, -122.334900",1_468,21,3rd Ave & Seneca St,H Line - Burien Transit Center - Downtown Seattle,RapidRide,,
Central Business District,"Seattle, WA",King,"47.604263, -122.332901",1_481,21,3rd Ave & Columbia St,H Line - Burien Transit Center - Downtown Seattle,RapidRide,,
,"Seattle, WA",King,"47.602615, -122.336784",1_1558,21,Columbia St & Alaskan Way,H Line - Burien Transit Center - Downtown Seattle,RapidRide,,
Pioneer Square,County:,King,"47.598717, -122.335960",1_1562,21,Alaskan Way S & S Jackson St,H Line - Burien Transit Center - Downtown Seattle,RapidRide,,
"Delridge, North Delridge","Seattle, WA",King,"47.567570, -122.363396",1_21990,50,Delridge Way SW & SW Andover St,H Line - Burien Transit Center - Downtown Seattle,RapidRide,,
"Delridge, North Delridge","Seattle, WA",King,"47.564484, -122.363419",1_22010,125,Delridge Way SW & SW Genesee St,H Line - Burien Transit Center - Downtown Seattle,RapidRide,,
"Delridge, North Delridge","Seattle, WA",King,"47.557556, -122.363022",1_22050,H Line,Delridge Way SW & SW Hudson St,H Line - Burien Transit Center - Downtown Seattle,RapidRide,,
"Delridge, High Point",County:,King,"47.551647, -122.363091",1_22075,H Line,Delridge Way SW & SW Findlay St,H Line - Burien Transit Center - Downtown Seattle,RapidRide,,
"Delridge, High Point","Seattle, WA",King,"47.546783, -122.363037",1_22099,H Line,Delridge Way SW & SW Graham St,H Line - Burien Transit Center - Downtown Seattle,RapidRide,,
"Delridge, High Point","Seattle, WA",King,"47.542996, -122.361313",1_22120,H Line,Delridge Way SW & SW Holly St,H Line - Burien Transit Center - Downtown Seattle,RapidRide,,
"Delridge, High Point","Seattle, WA",King,"47.538605, -122.361115",1_22152,H Line,Delridge Way SW & SW Myrtle St,H Line - Burien Transit Center - Downtown Seattle,RapidRide,,
"Delridge, South Delridge",County:,King,"47.533382, -122.360535",1_22158,H Line,Delridge Way SW & SW Holden St,H Line - Burien Transit Center - Downtown Seattle,RapidRide,,
"Delridge, South Delridge","Seattle, WA",King,"47.528050, -122.360565",1_22165,22,Delridge Way SW & SW Thistle St,H Line - Burien Transit Center - Downtown Seattle,RapidRide,,
,"Seattle, WA",King,"47.522961, -122.360596",1_22174,22,Delridge Way SW & SW Henderson St,H Line - Burien Transit Center - Downtown Seattle,RapidRide,,
"Delridge, Roxhill","Seattle, WA",King,"47.521091, -122.365234",1_39983,22,SW Barton St & 25th Ave SW - Bay 3,H Line - Burien Transit Center - Downtown Seattle,RapidRide,,
"White Center, White Center",County:,King,"47.517296, -122.365356",1_21250,113,SW Roxbury St & 26th Ave SW,H Line - Burien Transit Center - Downtown Seattle,RapidRide,,
"Delridge, South Delridge","Seattle, WA",King,"47.517296, -122.358818",1_21280,113,SW Roxbury St & 20th Ave SW,H Line - Burien Transit Center - Downtown Seattle,RapidRide,,
"White Center, White Center",County:,King,"47.516788, -122.354134",1_52030,H Line,15th Ave SW & SW Roxbury St - Bay 1,H Line - Burien Transit Center - Downtown Seattle,RapidRide,,
White Center,County:,King,"47.512020, -122.353981",1_52051,H Line,15th Ave SW & SW 102nd St,H Line - Burien Transit Center - Downtown Seattle,RapidRide,,
White Center,County:,King,"47.507729, -122.353859",1_52081,H Line,15th Ave SW & SW 106th St,H Line - Burien Transit Center - Downtown Seattle,RapidRide,,
Shorewood - Burien,"Burien, WA",King,"47.502251, -122.355247",1_52120,H Line,16th Ave SW & SW 112th St,H Line - Burien Transit Center - Downtown Seattle,RapidRide,,
Shorewood - Burien,"Burien, WA",King,"47.499283, -122.355225",3_31002,H Line,16th Ave SW & SW 116th St,H Line - Burien Transit Center - Downtown Seattle,RapidRide,,
Mount View,"Burien, WA",King,"47.493446, -122.350060",1_51551,H Line,Ambaum Blvd SW & SW 122nd St,H Line - Burien Transit Center - Downtown Seattle,RapidRide,,
Inglesea,"Burien, WA",King,"47.488132, -122.350090",1_52200,H Line,Ambaum Blvd SW & SW 128th St,H Line - Burien Transit Center - Downtown Seattle,RapidRide,,
Seahurst,"Burien, WA",King,"47.480656, -122.348328",1_52240,H Line,Ambaum Blvd SW & SW 136th St,H Line - Burien Transit Center - Downtown Seattle,RapidRide,,
Seahurst,"Burien, WA",King,"47.475536, -122.347679",1_52261,H Line,Ambaum Blvd SW & SW 142nd Pl,H Line - Burien Transit Center - Downtown Seattle,RapidRide,,
Burien City Center,"Burien, WA",King,"47.470512, -122.347084",1_52281,H Line,Ambaum Blvd SW & SW 148th St,H Line - Burien Transit Center - Downtown Seattle,RapidRide,,
"Burien City Center, Sunnydale","Burien, WA",King,"47.468556, -122.341354",1_47660,H Line,SW 150th St & 6th Ave SW,H Line - Burien Transit Center - Downtown Seattle,RapidRide,,
"Burien City Center, Sunnydale","Burien, WA",King,"47.469692, -122.337288",1_52304,131,Burien Transit Center - Bay 4,H Line - Burien Transit Center - Downtown Seattle,RapidRide,,
,"Seattle, WA",King,"47.613289, -122.337440",,South Lake Union Streetcar,Westlake Ave & Olive Way,South Lake Union Streetcar - Streetcar: Fairview/Aloha - Westlake/McGraw,Streetcar,,
"Belltown, Denny Regrade","Seattle, WA",King,"47.615623, -122.337807",1_26689,South Lake Union Streetcar,Westlake Ave & 7th Ave,South Lake Union Streetcar - Streetcar: Fairview/Aloha - Westlake/McGraw,Streetcar,,
,"Seattle, WA",King,"47.618031, -122.338402",,40,Westlake Ave & 9th Ave,South Lake Union Streetcar - Streetcar: Fairview/Aloha - Westlake/McGraw,Streetcar,,
Cascade,"Seattle, WA",King,"47.621502, -122.337051",1_26693,South Lake Union Streetcar,Terry Ave N & Thomas St,South Lake Union Streetcar - Streetcar: Fairview/Aloha - Westlake/McGraw,Streetcar,,
Cascade,"Seattle, WA",King,"47.623417, -122.337044",1_26698,South Lake Union Streetcar,Terry Ave N & Republican St,South Lake Union Streetcar - Streetcar: Fairview/Aloha - Westlake/McGraw,Streetcar,,
,"Seattle, WA",King,"47.625900, -122.336453",,South Lake Union Streetcar,South Lake Union Streetcar & Terry Ave,South Lake Union Streetcar - Streetcar: Fairview/Aloha - Westlake/McGraw,Streetcar,,
,"Seattle, WA",King,"47.627630, -122.332295",,South Lake Union Streetcar,Fairview Ave Station,South Lake Union Streetcar - Streetcar: Fairview/Aloha - Westlake/McGraw,Streetcar,,
Pioneer Square,"Seattle, WA",King,"47.599274, -122.333282",1_1551,First Hill Streetcar,S Jackson St & Occidental Ave Walk,First Hill Streetcar - Streetcar: Pioneer Square - Capital Hill,Streetcar,,
,"Seattle, WA",King,"47.599194, -122.327275",,First Hill Streetcar,S Jackson St & 5th Ave S,First Hill Streetcar - Streetcar: Pioneer Square - Capital Hill,Streetcar,,
,"Seattle, WA",King,"47.599198, -122.323376",,First Hill Streetcar,S Jackson St & 8th Ave S,First Hill Streetcar - Streetcar: Pioneer Square - Capital Hill,Streetcar,,
,"Seattle, WA",King,"47.599205, -122.315533",,First Hill Streetcar,S Jackson St & 12th Ave S,First Hill Streetcar - Streetcar: Pioneer Square - Capital Hill,Streetcar,,
,"Seattle, WA",King,"47.600583, -122.314133",,First Hill Streetcar,14th Ave S & S Washington St,First Hill Streetcar - Streetcar: Pioneer Square - Capital Hill,Streetcar,,
,"Seattle, WA",King,"47.601691, -122.320065",,27,E Yesler Way & Broadway,First Hill Streetcar - Streetcar: Pioneer Square - Capital Hill,Streetcar,,
Yesler Terrace,"Seattle, WA",King,"47.605450, -122.320648",1_41904,9,Broadway & E Terrace St,First Hill Streetcar - Streetcar: Pioneer Square - Capital Hill,Streetcar,,
First Hill,"Seattle, WA",King,"47.609985, -122.320663",1_41908,9,Broadway & E Marion St,First Hill Streetcar - Streetcar: Pioneer Square - Capital Hill,Streetcar,,
"Broadway, Capitol Hill","Seattle, WA",King,"47.615166, -122.320702",1_41970,9,Broadway & E Pine St,First Hill Streetcar - Streetcar: Pioneer Square - Capital Hill,Streetcar,,
"Broadway, Capitol Hill","Seattle, WA",King,"47.618053, -122.320946",1_11175,First Hill Streetcar,Broadway & E Howell St,First Hill Streetcar - Streetcar: Pioneer Square - Capital Hill,Streetcar,,
,"Seattle, WA",King,"47.601253, -122.338860",1_1907,973,West Seattle Water Taxi & Colman Dock,973 - West Seattle Ferry,Ferry,,
,"Seattle, WA",King,"47.589374, -122.379440",1_99997,973,Water Taxi Route & Harbor Ave SW,973 - West Seattle Ferry,Ferry,,
,"Seattle, WA",King,"47.601223, -122.338928",1_1889,975,Vashon Island Water Taxi & Colman Dock,975 - Vashon Ferry,Ferry,,
Vashon Island,County:,King,"47.510941, -122.464722",1_99908,975,Vashon Passenger Ferry & Vashon Ferry Dock,975 - Vashon Ferry,Ferry,,
,"Seattle, WA",King,"47.677135, -122.315582",1_23561,67,12th Ave NE & NE 67th St - Bay 3,522 - Woodinville - Seattle,Express,,
Wedgwood,"Seattle, WA",King,"47.690773, -122.307388",1_38567,522,Lake City Way NE & NE 85th St,522 - Woodinville - Seattle,Express,,
"Cedar Park, Lake City","Seattle, WA",King,"47.720303, -122.294518",1_76720,61,Lake City Way NE & NE 125th St,522 - Woodinville - Seattle,Express,,
"Cedar Park, Lake City","Seattle, WA",King,"47.723328, -122.292892",1_76730,61,Lake City Way NE & NE 130th St,522 - Woodinville - Seattle,Express,,
"Cedar Park, Lake City","Seattle, WA",King,"47.728626, -122.292168",1_76750,322,Lake City Way NE & NE 137th St,522 - Woodinville - Seattle,Express,,
,"Lake Forest Park, WA",King,"47.734646, -122.292343",1_76770,322,Bothell Way NE & NE 145th St,522 - Woodinville - Seattle,Express,,
,"Lake Forest Park, WA",King,"47.739906, -122.289215",1_76790,322,Bothell Way NE & NE 153rd St,522 - Woodinville - Seattle,Express,,
,"Lake Forest Park, WA",King,"47.748497, -122.284599",1_76810,322,Bothell Way NE & NE 165th St,522 - Woodinville - Seattle,Express,,
,"Lake Forest Park, WA",King,"47.752117, -122.279831",1_76820,322,Bothell Way NE & NE 170th St,522 - Woodinville - Seattle,Express,,
,"Kenmore, WA",King,"47.758305, -122.261749",1_76840,322,NE Bothell Way & 61st Ave NE,522 - Woodinville - Seattle,Express,,
,"Kenmore, WA",King,"47.758179, -122.248703",1_76870,322,NE Bothell Way & 68th Ave NE,522 - Woodinville - Seattle,Express,,
,"Kenmore, WA",King,"47.757214, -122.242851",1_76880,372,NE Bothell Way & 73rd Ave NE,522 - Woodinville - Seattle,Express,,
,"Kenmore, WA",King,"47.755505, -122.233208",1_76900,372,NE Bothell Way & 80th Ave NE,522 - Woodinville - Seattle,Express,,
,"Bothell, WA",King,"47.758919, -122.208015",1_79296,372,Bothell Way NE & Bothell Way NE,522 - Woodinville - Seattle,Express,,
,"Bothell, WA",King,"47.760597, -122.200272",1_76222,239,Beardslee Blvd & Sunrise Dr,522 - Woodinville - Seattle,Express,,
,"Bothell, WA",King,"47.761768, -122.192421",1_76305,230,UW Bothell - Main Entrance,522 - Woodinville - Seattle,Express,,
,"Bothell, WA",King,"47.767918, -122.191010",1_76228,230,Beardslee Blvd & NE 195th St,522 - Woodinville - Seattle,Express,,
,"Woodinville, WA",King,"47.757515, -122.164566",1_76970,256,SR 522 & 132nd Ave NE,522 - Woodinville - Seattle,Express,,
,"Woodinville, WA",King,"47.765854, -122.154541",1_77093,522,Woodinville Snohomsh Rd & 139th Ave NE,522 - Woodinville - Seattle,Express,,
,"Woodinville, WA",King,"47.756855, -122.154114",1_77999,231,NE 178th Pl & 138th Pl NE,522 - Woodinville - Seattle,Express,,
,"Woodinville, WA",King,"47.757122, -122.151436",1_75992,231,Woodinville Park And Ride,522 - Woodinville - Seattle,Express,,
University District,"Seattle, WA",King,"47.659370, -122.312096",1_10912,43,15th Ave NE & NE 43rd St,542 - Redmond - University District,Express,,
University District,"Seattle, WA",King,"47.656422, -122.312164",1_10914,43,15th Ave NE & NE Campus Pkwy,542 - Redmond - University District,Express,,
University District,"Seattle, WA",King,"47.654820, -122.312210",1_10917,43,15th Ave NE & NE 40th St,542 - Redmond - University District,Express,,
University District,"Seattle, WA",King,"47.652084, -122.310883",1_29240,43,NE Pacific St & 15th Ave NE,542 - Redmond - University District,Express,,
University District,"Seattle, WA",King,"47.649143, -122.304970",1_29247,43,NE Pacific St & Montlake Blvd NE - Bay 1,542 - Redmond - University District,Express,,
"Capitol Hill, Montlake","Seattle, WA",King,"47.644596, -122.304039",1_25754,255,SR 520 & Montlake Blvd E,542 - Redmond - University District,Express,,
,"Medina, WA",King,"47.636810, -122.236595",1_71348,255,SR 520 & Evergreen Point Rd,542 - Redmond - University District,Express,,
,"Yarrow Point, WA",King,"47.640091, -122.218277",1_71359,255,Clyde Hill/Yarrow Pt & SR-520 - 92nd Avenue,542 - Redmond - University District,Express,,
Overlake - Redmond,"Redmond, WA",King,"47.644791, -122.133774",1_71336,542,State Route 520 & NE 40th St,542 - Redmond - University District,Express,,
Overlake - Redmond,"Redmond, WA",King,"47.654922, -122.136627",1_71353,542,SR 520 & NE 51st St,542 - Redmond - University District,Express,,
,"Redmond, WA",King,"47.669819, -122.130348",1_72458,222,West Lake Sammamish Pkwy NE & Leary Way,542 - Redmond - University District,Express,,
Sammamish Valley,"Redmond, WA",King,"47.678536, -122.133942",1_73848,542,NE 85th St & 154th Ave NE,542 - Redmond - University District,Express,,
,"Redmond, WA",King,"47.678459, -122.126778",1_73757,542,NE 85th St & 161st Ave NE,542 - Redmond - University District,Express,,
,"Redmond, WA",King,"47.676594, -122.124939",1_73227,542,NE 83rd St & 161st Ave NE - Bay 1,542 - Redmond - University District,Express,,
Industrial District,"Seattle, WA",King,"47.591015, -122.325867",1_21765,124,6th Ave S & S Atlantic St,545 - Redmond - Seattle,Express,,
International District,"Seattle, WA",King,"47.598812, -122.328903",1_620,101,4th Ave S & S Jackson St,545 - Redmond - Seattle,Express,,
Pioneer Square,"Seattle, WA",King,"47.603012, -122.329979",1_640,101,4th Ave & James St,545 - Redmond - Seattle,Express,,
Central Business District,"Seattle, WA",King,"47.606007, -122.332710",1_660,101,4th Ave & Madison St,545 - Redmond - Seattle,Express,,
Central Business District,"Seattle, WA",King,"47.610951, -122.337250",1_700,101,4th Ave & Pike St,545 - Redmond - Seattle,Express,,
Central Business District,"Seattle, WA",King,"47.613937, -122.334160",1_1050,212,Olive Way & 8th Ave,545 - Redmond - Seattle,Express,,
Central Business District,"Seattle, WA",King,"47.614883, -122.331894",1_1070,545,Olive Way & Terry Ave,545 - Redmond - Seattle,Express,,
Central Business District,"Seattle, WA",King,"47.615665, -122.330063",1_1073,545,Olive Way &Boren Ave,545 - Redmond - Seattle,Express,,
,"Medina, WA",King,"47.636810, -122.236595",1_71348,255,SR 520 & Evergreen Point Rd,545 - Redmond - Seattle,Express,,
,"Yarrow Point, WA",King,"47.640091, -122.218277",1_71359,255,Clyde Hill/Yarrow Pt & SR-520 - 92nd Avenue,545 - Redmond - Seattle,Express,,
Overlake - Redmond,"Redmond, WA",King,"47.644791, -122.133774",1_71336,542,State Route 520 & NE 40th St,545 - Redmond - Seattle,Express,,
Overlake - Redmond,"Redmond, WA",King,"47.654922, -122.136627",1_71353,542,SR 520 & NE 51st St,545 - Redmond - Seattle,Express,,
,"Redmond, WA",King,"47.669819, -122.130348",1_72458,222,West Lake Sammamish Pkwy NE & Leary Way,545 - Redmond - Seattle,Express,,
Sammamish Valley,"Redmond, WA",King,"47.678536, -122.133942",1_73848,542,NE 85th St & 154th Ave NE,545 - Redmond - Seattle,Express,,
,"Redmond, WA",King,"47.678459, -122.126778",1_73757,542,NE 85th St & 161st Ave NE,545 - Redmond - Seattle,Express,,
,"Redmond, WA",King,"47.676598, -122.123665",1_71951,545,NE 83rd St & 164th Ave NE - Bay 3,545 - Redmond - Seattle,Express,,
,"Redmond, WA",King,"47.672779, -122.117928",1_72488,545,Redmond Way & 166th Ave NE,545 - Redmond - Seattle,Express,,
,"Redmond, WA",King,"47.671616, -122.103653",1_72306,269,NE 76th St & 177th Pl NE,545 - Redmond - Seattle,Express,,
,"Redmond, WA",King,"47.673611, -122.100960",1_81755,250,Bear Creek P&R & 178th Pl NE,545 - Redmond - Seattle,Express,,
Central Business District,"Seattle, WA",King,"47.609829, -122.334511",1_1215,550,Union St & 6th Ave,550 - Bellevue - Seattle,Express,,
Central Business District,"Seattle, WA",King,"47.609081, -122.336288",1_1230,550,Union St & 4th Ave,550 - Bellevue - Seattle,Express,,
Central Business District,"Seattle, WA",King,"47.606213, -122.336205",1_320,111,2nd Ave & Seneca St,550 - Bellevue - Seattle,Express,,
Central Business District,"Seattle, WA",King,"47.603020, -122.333282",1_360,111,2nd Ave & Cherry St,550 - Bellevue - Seattle,Express,,
Pioneer Square,"Seattle, WA",King,"47.601253, -122.331688",1_375,111,2nd Ave Ext S & Yesler Way,550 - Bellevue - Seattle,Express,,
Mercer Island,"Mercer Island, WA",King,"47.588390, -122.232101",1_64065,204,N Mercer Way & 80th Ave SE,550 - Bellevue - Seattle,Express,,
Enatai,"Bellevue, WA",King,"47.586979, -122.191330",1_84292,203,S Bellevue P&R - Bay 1,550 - Bellevue - Seattle,Express,,
Downtown Bellevue,"Bellevue, WA",King,"47.597080, -122.198387",1_67960,550,Bellevue Way SE & SE 16th St,550 - Bellevue - Seattle,Express,,
Downtown Bellevue,"Bellevue, WA",King,"47.601959, -122.200768",1_67990,550,Bellevue Way SE & SE 10th St,550 - Bellevue - Seattle,Express,,
Downtown Bellevue,"Bellevue, WA",King,"47.607876, -122.201324",1_68020,550,Bellevue Way SE & SE 3rd St,550 - Bellevue - Seattle,Express,,
Downtown Bellevue,"Bellevue, WA",King,"47.610634, -122.201408",1_68035,550,Bellevue Way NE & Main St,550 - Bellevue - Seattle,Express,,
Downtown Bellevue,"Bellevue, WA",King,"47.613777, -122.200508",1_68042,550,NE 4th St & 105th Ave NE,550 - Bellevue - Seattle,Express,,
Downtown Bellevue,"Bellevue, WA",King,"47.615360, -122.196190",1_68007,550,Bellevue Transit Center - Bay 12,550 - Bellevue - Seattle,Express,,
Downtown Bellevue,"Bellevue, WA",King,"47.619511, -122.193741",1_67636,550,110th Ave NE & NE 10th St,550 - Bellevue - Seattle,Express,,
"Belltown, Denny Regrade","Seattle, WA",King,"47.613972, -122.341293",1_1920,554,Lenora St & 4th Ave,554 - Issaquah - Seattle,Express,,
Pike Market,"Seattle, WA",King,"47.610615, -122.340248",1_280,111,2nd Ave & Stewart St,554 - Issaquah - Seattle,Express,,
Central Business District,"Seattle, WA",King,"47.606213, -122.336205",1_320,111,2nd Ave & Seneca St,554 - Issaquah - Seattle,Express,,
Central Business District,"Seattle, WA",King,"47.603020, -122.333282",1_360,111,2nd Ave & Cherry St,554 - Issaquah - Seattle,Express,,
Pioneer Square,"Seattle, WA",King,"47.601253, -122.331688",1_375,111,2nd Ave Ext S & Yesler Way,554 - Issaquah - Seattle,Express,,
International District,"Seattle, WA",King,"47.599117, -122.324570",1_1480,7,S Jackson St & Maynard Ave S,554 - Issaquah - Seattle,Express,,
"Beacon Hill, North Beacon Hill","Seattle, WA",King,"47.593727, -122.309998",1_8590,7,Rainier Ave S & S Charles St,554 - Issaquah - Seattle,Express,,
Mercer Island,"Mercer Island, WA",King,"47.588390, -122.232101",1_64065,204,N Mercer Way & 80th Ave SE,554 - Issaquah - Seattle,Express,,
Eastgate - Bellevue,"Bellevue, WA",King,"47.579414, -122.151398",1_67013,212,I-90 Expressway Ramp & 142nd Pl SE - Bay 4,554 - Issaquah - Seattle,Express,,
,"Issaquah, WA",King,"47.541897, -122.062263",1_64590,554,Issaquah P&R - Bay 6,554 - Issaquah - Seattle,Express,,
,"Issaquah, WA",King,"47.530026, -122.034233",1_80485,554,E Sunset Way & Rainier Blvd S,554 - Issaquah - Seattle,Express,,
Issaquah Highlands,"Issaquah, WA",King,"47.541138, -122.018890",1_65150,218,Highlands Dr NE & NE Ellis Dr,554 - Issaquah - Seattle,Express,,
Issaquah Highlands,"Issaquah, WA",King,"47.545704, -122.019318",1_64566,203,Issaquah Highlands P&R - Bay 3,554 - Issaquah - Seattle,Express,,
,"Issaquah, WA",King,"47.555473, -122.021736",1_81749,269,Issaquah Pine Lake Rd SE & SE Issaquah-Fall City Rd,554 - Issaquah - Seattle,Express,,
,"Sammamish, WA",King,"47.572491, -122.022018",1_81737,269,Issaquah Pine Lake Rd SE & SE 40th Pl,554 - Issaquah - Seattle,Express,,
Pine Lake,"Sammamish, WA",King,"47.582295, -122.037125",1_81684,269,S Sammamish P&R - Bay 1,554 - Issaquah - Seattle,Express,,
,"Sammamish, WA",King,"47.602303, -122.035408",1_81687,269,228th Ave SE & SE 8th St,554 - Issaquah - Seattle,Express,,
,"Sammamish, WA",King,"47.615864, -122.035324",1_81665,269,228th Ave NE & NE 8th St,554 - Issaquah - Seattle,Express,,
,"Sammamish, WA",King,"47.631916, -122.035355",1_81775,269,228th Ave NE & NE 25th Way,554 - Issaquah - Seattle,Express,,
,"Redmond, WA",King,"47.661099, -122.094818",1_72329,554,NE Redmond Way & 185th Ave NE,554 - Issaquah - Seattle,Express,,
Issaquah Highlands,"Issaquah, WA",King,"47.545567, -122.019287",1_64561,218,Issaquah Highlands P&R - Bay 4,556 - Issaquah - Northgate,Express,,
Issaquah Highlands,"Issaquah, WA",King,"47.540581, -122.020340",1_64549,218,9th Ave NE & NE Ellis Dr,556 - Issaquah - Northgate,Express,,
,"Issaquah, WA",King,"47.541584, -122.062302",1_64585,203,Issaquah P&R - Bay 3,556 - Issaquah - Northgate,Express,,
Eastgate - Bellevue,"Bellevue, WA",King,"47.579609, -122.151711",1_67019,212,I-90 Expressway Ramp & 142nd Pl SE - Bay 3,556 - Issaquah - Northgate,Express,,
Enatai,"Bellevue, WA",King,"47.586979, -122.191330",1_84292,203,S Bellevue P&R - Bay 1,556 - Issaquah - Northgate,Express,,
Downtown Bellevue,"Bellevue, WA",King,"47.597080, -122.198387",1_67960,550,Bellevue Way SE & SE 16th St,556 - Issaquah - Northgate,Express,,
Downtown Bellevue,"Bellevue, WA",King,"47.601959, -122.200768",1_67990,550,Bellevue Way SE & SE 10th St,556 - Issaquah - Northgate,Express,,
Downtown Bellevue,"Bellevue, WA",King,"47.607876, -122.201324",1_68020,550,Bellevue Way SE & SE 3rd St,556 - Issaquah - Northgate,Express,,
Downtown Bellevue,"Bellevue, WA",King,"47.610634, -122.201408",1_68035,550,Bellevue Way NE & Main St,556 - Issaquah - Northgate,Express,,
Downtown Bellevue,"Bellevue, WA",King,"47.613777, -122.200508",1_68042,550,NE 4th St & 105th Ave NE,556 - Issaquah - Northgate,Express,,
Downtown Bellevue,"Bellevue, WA",King,"47.615501, -122.194389",1_67655,271,Bellevue Transit Center - Bay 8,556 - Issaquah - Northgate,Express,,
,"Yarrow Point, WA",King,"47.640179, -122.218773",1_71356,255,Clyde Hill/Yarrow Pt & SR-520 - 92nd Avenue,556 - Issaquah - Northgate,Express,,
,"Medina, WA",King,"47.637135, -122.237007",1_71355,255,SR 520 & Evergreen Point Rd,556 - Issaquah - Northgate,Express,,
"Capitol Hill, Montlake","Seattle, WA",King,"47.644737, -122.304054",1_25753,255,SR 520 & Montlake Blvd E,556 - Issaquah - Northgate,Express,,
,"Seattle, WA",King,"47.650494, -122.304092",1_25755,255,Montlake Blvd NE & NE Pacific Pl - Bay 4,556 - Issaquah - Northgate,Express,,
University District,"Seattle, WA",King,"47.652206, -122.310783",1_29420,44,NE Pacific St & 15th Ave NE,556 - Issaquah - Northgate,Express,,
University District,"Seattle, WA",King,"47.655899, -122.311974",1_29440,44,15th Ave NE & NE Campus Pkwy,556 - Issaquah - Northgate,Express,,
University District,"Seattle, WA",King,"47.658668, -122.311905",1_11352,44,15th Ave NE & NE 42nd St,556 - Issaquah - Northgate,Express,,
,"Bellevue, WA",King,"47.615474, -122.193746",3_8468,560,Bellevue Transit Center - Bay 6,560 - Bellevue - Sea-Tac - W. Seattle,Express,3021,
,"Bellevue, WA",King,"47.557303, -122.190669",3_13432,560,Newport Hills Fwy Station,560 - Bellevue - Sea-Tac - W. Seattle,Express,3564,
,"Renton, WA",King,"47.518176, -122.199080",1_79952,560,Kennydale Fwy Station,560 - Bellevue - Sea-Tac - W. Seattle,Express,3565,
,"Renton, WA",King,"47.500594, -122.201358",1_45191,560,Park Dr NE & Lk Washington Blvd N,560 - Bellevue - Sea-Tac - W. Seattle,Express,3024,
,"Renton, WA",King,"47.495396, -122.202285",1_45219,560,Park Ave N & N 8th St,560 - Bellevue - Sea-Tac - W. Seattle,Express,3054,
,"Renton, WA",King,"47.480736, -122.207952",3_891119282,560,Renton Transit Center - Bay 4,560 - Bellevue - Sea-Tac - W. Seattle,Express,4572,
,"Renton, WA",King,"47.473229, -122.216958",3_24662,560,Rainier Ave S & SW 7th St,560 - Bellevue - Sea-Tac - W. Seattle,Express,3062,
,"Seatac, WA",King,"47.441730, -122.299271",3_13215,560,SeaTac Airport Terminal - Bay 2,560 - Bellevue - Sea-Tac - W. Seattle,Express,4080,
,"Seatac, WA",King,"47.445622, -122.296176",3_6160,560,SeaTac Station,560 - Bellevue - Sea-Tac - W. Seattle,Express,2282,
,"Burien, WA",King,"47.469683, -122.337340",1_52304,560,Burien Transit Center - Bay 4,560 - Bellevue - Sea-Tac - W. Seattle,Express,3566,
,"Burien, WA",King,"47.481769, -122.348290",1_51480,560,Ambaum Blvd SW & SW 136th St,560 - Bellevue - Sea-Tac - W. Seattle,Express,3571,
,"Burien, WA",King,"47.488661, -122.349957",1_51520,560,Ambaum Blvd SW & SW 128th St,560 - Bellevue - Sea-Tac - W. Seattle,Express,3575,
,"Burien, WA",King,"47.498480, -122.354278",3_5121,560,Ambaum Blvd SW & SW 116th St,560 - Bellevue - Sea-Tac - W. Seattle,Express,3576,
,"Seattle, WA",King,"47.517432, -122.359546",1_22256,560,SW Roxbury St & 20th Ave SW,560 - Bellevue - Sea-Tac - W. Seattle,Express,3577,
,"Seattle, WA",King,"47.520888, -122.365819",1_31731,560,Westwood Village - Bay 2,560 - Bellevue - Sea-Tac - W. Seattle,Express,3470,
,"Redmond, WA",King,"47.644402, -122.133202",1_71345,225,Redmond Technology Station Acs & 156th Ave NE - Bay 4,566 - Auburn - Overlake,Express,,
Overlake - Redmond,"Redmond, WA",King,"47.645172, -122.135262",1_71335,542,SR 520 & NE 40th St,566 - Auburn - Overlake,Express,,
Downtown Bellevue,County:,King,"47.615494, -122.193909",1_68006,566,Bellevue Transit Center - Bay 6,566 - Auburn - Overlake,Express,,
,"Renton, WA",King,"47.500553, -122.201424",1_45191,240,Park Ave N & Lake Washington Blvd N,566 - Auburn - Overlake,Express,,
,"Renton, WA",King,"47.495258, -122.202339",1_45219,240,Park Ave N & N 8th St,566 - Auburn - Overlake,Express,,
,"Renton, WA",King,"47.480499, -122.208199",1_46479,107,Renton Transit Center - Bay 4,566 - Auburn - Overlake,Express,,
,"Renton, WA",King,"47.473362, -122.216843",1_59911,566,Rainer Ave/SR 167 & SW 7th St,566 - Auburn - Overlake,Express,,
,"Kent, WA",King,"47.396648, -122.228127",1_80780,153,Central Ave N & S 228th St,566 - Auburn - Overlake,Express,,
,"Kent, WA",King,"47.383431, -122.232483",1_57459,153,Kent Sounder Station - Bay 9,566 - Auburn - Overlake,Express,,
,"Kent, WA",King,"47.382603, -122.237473",1_57481,566,4th Ave N & W Smith St,566 - Auburn - Overlake,Express,,
,"Auburn, WA",King,"47.321041, -122.228020",1_57892,566,Auburn P&R - Bay 1,566 - Auburn - Overlake,Express,,
,"Auburn, WA",King,"47.305241, -122.232086",1_57776,566,Auburn Sounder Station - Bay 4,566 - Auburn - Overlake,Express,,
,"Seatac, WA",King,"47.445622, -122.296176",3_6160,560,SeaTac Station,574 - Lakewood - SeaTac,Express,2282,
,"Seatac, WA",King,"47.441730, -122.299271",3_13215,560,SeaTac Airport Terminal - Bay 2,574 - Lakewood - SeaTac,Express,4080,
,"Seatac, WA",King,"47.439837, -122.296080",1_61090,574,International Blvd & SeaTac Exit,574 - Lakewood - SeaTac,Express,3768,
,"Seatac, WA",King,"47.434473, -122.294344",1_53501,574,188th St S & S International Blvd,574 - Lakewood - SeaTac,Express,3750,
,"Seatac, WA",King,"47.434426, -122.287863",1_53505,574,188th St S & 36th Ave S,574 - Lakewood - SeaTac,Express,2633,
,"Seatac, WA",King,"47.434340, -122.281925",1_53502,574,188th St S & 42nd Av,574 - Lakewood - SeaTac,Express,3789,
,"Seatac, WA",King,"47.434297, -122.276905",1_53503,574,188th St S & 46th Ave S,574 - Lakewood - SeaTac,Express,4131,
,"Kent, WA",King,"47.391141, -122.291851",1_53504,574,I-5 & Kent/Des Moines Fwy Station,574 - Lakewood - SeaTac,Express,3725,
,"Kent, WA",King,"47.358958, -122.297328",1_47970,574,Star Lake Fwy Station,574 - Lakewood - SeaTac,Express,3726,
Steel Lake,"Federal Way, WA",King,"47.316448, -122.303668",3_493671677,574,Federal Way Downtown Station - Bay 7,574 - Lakewood - SeaTac,Express,4696,
,"Tacoma, WA",Pierce,"47.240192, -122.424837",3_377411996,574,Tacoma Dome Station - Zone H,574 - Lakewood - SeaTac,Express,3916,
,"Tacoma, WA",Pierce,"47.238770, -122.428923",3_32725,574,26th St E & D St E,574 - Lakewood - SeaTac,Express,1311,
,"Lakewood, WA",Pierce,"47.161268, -122.483317",3_29008,574,SR 512 P&R - Zone H,574 - Lakewood - SeaTac,Express,4230,
,"Lakewood, WA",Pierce,"47.165059, -122.513010",3_27603,574,Lakewood Transit Center - Zone M,574 - Lakewood - SeaTac,Express,4481,
,"Seattle, WA",King,"47.620507, -122.334380",1_10225,577,Fairview Ave N & Thomas St,577 - Federal Way - Seattle,Express,3890,
,"Seattle, WA",King,"47.617492, -122.333810",3_971635598,577,Boren Ave & Virginia St,577 - Federal Way - Seattle,Express,3911,
,"Seattle, WA",King,"47.615733, -122.334375",1_940,577,Stewart St & 9th Ave,577 - Federal Way - Seattle,Express,3020,
,"Seattle, WA",King,"47.614406, -122.336079",3_2137019669,577,Stewart St & 7th Ave,577 - Federal Way - Seattle,Express,3912,
,"Seattle, WA",King,"47.611895, -122.339343",3_2011772586,577,Stewart St & 3rd Ave,577 - Federal Way - Seattle,Express,3913,
,"Seattle, WA",King,"47.608692, -122.338512",1_300,577,2nd Ave & Pike St,577 - Federal Way - Seattle,Express,1771,
,"Seattle, WA",King,"47.604470, -122.334618",1_340,577,2nd Ave & Marion St,577 - Federal Way - Seattle,Express,1776,
,"Seattle, WA",King,"47.602386, -122.332710",1_361,577,2nd Ave & James St,577 - Federal Way - Seattle,Express,1777,
,"Seattle, WA",King,"47.599321, -122.329900",1_390,577,2nd Ave Ext & Jackson St S,577 - Federal Way - Seattle,Express,1778,
Steel Lake,"Federal Way, WA",King,"47.316480, -122.303297",3_634993365,577,Federal Way Downtown Station - Bay 11,577 - Federal Way - Seattle,Express,4700,
,"Seattle, WA",King,"47.620507, -122.334380",1_10225,577,Fairview Ave N & Thomas St,578 - Puyallup - Seattle,Express,3890,
,"Seattle, WA",King,"47.617492, -122.333810",3_971635598,577,Boren Ave & Virginia St,578 - Puyallup - Seattle,Express,3911,
,"Seattle, WA",King,"47.615733, -122.334375",1_940,577,Stewart St & 9th Ave,578 - Puyallup - Seattle,Express,3020,
,"Seattle, WA",King,"47.614406, -122.336079",3_2137019669,577,Stewart St & 7th Ave,578 - Puyallup - Seattle,Express,3912,
,"Seattle, WA",King,"47.611895, -122.339343",3_2011772586,577,Stewart St & 3rd Ave,578 - Puyallup - Seattle,Express,3913,
,"Seattle, WA",King,"47.608692, -122.338512",1_300,577,2nd Ave & Pike St,578 - Puyallup - Seattle,Express,1771,
,"Seattle, WA",King,"47.604470, -122.334618",1_340,577,2nd Ave & Marion St,578 - Puyallup - Seattle,Express,1776,
,"Seattle, WA",King,"47.602386, -122.332710",1_361,577,2nd Ave & James St,578 - Puyallup - Seattle,Express,1777,
,"Seattle, WA",King,"47.599321, -122.329900",1_390,577,2nd Ave Ext & Jackson St S,578 - Puyallup - Seattle,Express,1778,
Steel Lake,"Federal Way, WA",King,"47.316448, -122.303668",3_493671677,574,Federal Way Downtown Station - Bay 7,578 - Puyallup - Seattle,Express,4696,
,"Auburn, WA",King,"47.305286, -122.232044",1_57776,497,Auburn Station - Bay 4,578 - Puyallup - Seattle,Express,4074,
,"Sumner, WA",Pierce,"47.201602, -122.244408",3_11093,578,Sumner Station - Bay 2,578 - Puyallup - Seattle,Express,4235,
,"Puyallup, WA",Pierce,"47.192952, -122.296851",3_10401,578,Puyallup Station - Bay 3,578 - Puyallup - Seattle,Express,4233,
,"Seattle, WA",King,"47.661240, -122.317192",1_29865,586,45th St NE & Roosevelt Way NE,586 - Tacoma - U. District,Express,4291,
,"Seattle, WA",King,"47.661251, -122.313216",1_10911,586,NE 45th St & University Way NE,586 - Tacoma - U. District,Express,4069,
,"Seattle, WA",King,"47.659360, -122.312047",3_790447569,586,15th Ave NE & NE 43rd St,586 - Tacoma - U. District,Express,4609,
,"Seattle, WA",King,"47.656436, -122.312131",1_10914,586,15th Ave NE & NE Campus Pkwy,586 - Tacoma - U. District,Express,4071,
,"Seattle, WA",King,"47.654870, -122.312171",1_10917,586,15th Ave NE & NE 40th St,586 - Tacoma - U. District,Express,4292,
,"Seattle, WA",King,"47.652127, -122.310828",1_29240,586,Pacific St NE & UW Hitchcock Hall,586 - Tacoma - U. District,Express,2663,
,"Seattle, WA",King,"47.649025, -122.304808",3_19473,586,University of Washington Station,586 - Tacoma - U. District,Express,4073,
Steel Lake,"Federal Way, WA",King,"47.316448, -122.303668",3_493671677,574,Federal Way Downtown Station - Bay 7,586 - Tacoma - U. District,Express,4696,
,"Tacoma, WA",Pierce,"47.240805, -122.426106",3_20163,400,Tacoma Dome Station - Zone E,586 - Tacoma - U. District,Express,4172,
,"Seattle, WA",King,"47.615733, -122.334375",1_940,577,Stewart St & 9th Ave,590 - Tacoma - Seattle,Express,3020,
,"Seattle, WA",King,"47.614406, -122.336079",3_2137019669,577,Stewart St & 7th Ave,590 - Tacoma - Seattle,Express,3912,
,"Seattle, WA",King,"47.611895, -122.339343",3_2011772586,577,Stewart St & 3rd Ave,590 - Tacoma - Seattle,Express,3913,
,"Seattle, WA",King,"47.610721, -122.340275",1_280,590,2nd Ave & Stewart St,590 - Tacoma - Seattle,Express,4241,
,"Seattle, WA",King,"47.606176, -122.336189",1_320,590,2nd Ave & Seneca St,590 - Tacoma - Seattle,Express,1772,
,"Seattle, WA",King,"47.603056, -122.333320",1_360,590,2nd Ave & Cherry St,590 - Tacoma - Seattle,Express,245,
,"Seattle, WA",King,"47.601279, -122.331647",3_227,590,2nd Ave & Yesler Way,590 - Tacoma - Seattle,Express,249,
,"Seattle, WA",King,"47.592134, -122.327469",1_99271,590,Bus Way & Royal Brougham St,590 - Tacoma - Seattle,Express,669,
,"Seattle, WA",King,"47.585304, -122.327635",1_99266,590,Bus Way & Holgate St,590 - Tacoma - Seattle,Express,663,
,"Seattle, WA",King,"47.579016, -122.327637",1_99263,590,Bus Way & Lander St,590 - Tacoma - Seattle,Express,665,
,"Seattle, WA",King,"47.571756, -122.327598",1_99253,590,Bus Way & S Spokane St,590 - Tacoma - Seattle,Express,671,
,"Tacoma, WA",Pierce,"47.240805, -122.426106",3_20163,400,Tacoma Dome Station - Zone E,590 - Tacoma - Seattle,Express,4172,
,"Tacoma, WA",Pierce,"47.240368, -122.435553",3_1629,41,Pacific Ave & S 24th St,590 - Tacoma - Seattle,Express,1847,
,"Tacoma, WA",Pierce,"47.245089, -122.436492",3_1678,1,Pacific Ave & S 19th St,590 - Tacoma - Seattle,Express,1902,
,"Tacoma, WA",Pierce,"47.250254, -122.437883",3_27574,1,Pacific Ave & S 14th St,590 - Tacoma - Seattle,Express,3714,
,"Tacoma, WA",Pierce,"47.255044, -122.439747",3_15624,45,Commerce St Transfer Area - Zone G,590 - Tacoma - Seattle,Express,4085,
,"Seattle, WA",King,"47.615733, -122.334375",1_940,577,Stewart St & 9th Ave,592 - Olympia/DuPont - Seattle,Express,3020,
,"Seattle, WA",King,"47.614406, -122.336079",3_2137019669,577,Stewart St & 7th Ave,592 - Olympia/DuPont - Seattle,Express,3912,
,"Seattle, WA",King,"47.611895, -122.339343",3_2011772586,577,Stewart St & 3rd Ave,592 - Olympia/DuPont - Seattle,Express,3913,
,"Seattle, WA",King,"47.610721, -122.340275",1_280,590,2nd Ave & Stewart St,592 - Olympia/DuPont - Seattle,Express,4241,
,"Seattle, WA",King,"47.606176, -122.336189",1_320,590,2nd Ave & Seneca St,592 - Olympia/DuPont - Seattle,Express,1772,
,"Seattle, WA",King,"47.603056, -122.333320",1_360,590,2nd Ave & Cherry St,592 - Olympia/DuPont - Seattle,Express,245,
,"Seattle, WA",King,"47.601279, -122.331647",3_227,590,2nd Ave & Yesler Way,592 - Olympia/DuPont - Seattle,Express,249,
,"Lakewood, WA",Pierce,"47.161115, -122.482996",3_5160,592,SR 512 P&R - Zone I,592 - Olympia/DuPont - Seattle,Express,4480,
,"Lakewood, WA",Pierce,"47.152605, -122.499474",3_14078,592,Lakewood Station - Bay 4,592 - Olympia/DuPont - Seattle,Express,1351,
,"Dupont, WA",Pierce,"47.090011, -122.640023",3_27540,592,Dupont Station - Bay 6,592 - Olympia/DuPont - Seattle,Express,4086,
,"Seattle, WA",King,"47.615733, -122.334375",1_940,577,Stewart St & 9th Ave,594 - Lakewood - Seattle,Express,3020,
,"Seattle, WA",King,"47.614406, -122.336079",3_2137019669,577,Stewart St & 7th Ave,594 - Lakewood - Seattle,Express,3912,
,"Seattle, WA",King,"47.611895, -122.339343",3_2011772586,577,Stewart St & 3rd Ave,594 - Lakewood - Seattle,Express,3913,
,"Seattle, WA",King,"47.610721, -122.340275",1_280,590,2nd Ave & Stewart St,594 - Lakewood - Seattle,Express,4241,
,"Seattle, WA",King,"47.606176, -122.336189",1_320,590,2nd Ave & Seneca St,594 - Lakewood - Seattle,Express,1772,
,"Seattle, WA",King,"47.603056, -122.333320",1_360,590,2nd Ave & Cherry St,594 - Lakewood - Seattle,Express,245,
,"Seattle, WA",King,"47.601279, -122.331647",3_227,590,2nd Ave & Yesler Way,594 - Lakewood - Seattle,Express,249,
,"Seattle, WA",King,"47.592134, -122.327469",1_99271,590,Bus Way & Royal Brougham St,594 - Lakewood - Seattle,Express,669,
,"Seattle, WA",King,"47.585304, -122.327635",1_99266,590,Bus Way & Holgate St,594 - Lakewood - Seattle,Express,663,
,"Seattle, WA",King,"47.579016, -122.327637",1_99263,590,Bus Way & Lander St,594 - Lakewood - Seattle,Express,665,
,"Seattle, WA",King,"47.571756, -122.327598",1_99253,590,Bus Way & S Spokane St,594 - Lakewood - Seattle,Express,671,
,"Tacoma, WA",Pierce,"47.240805, -122.426106",3_20163,400,Tacoma Dome Station - Zone E,594 - Lakewood - Seattle,Express,4172,
,"Tacoma, WA",Pierce,"47.240368, -122.435553",3_1629,41,Pacific Ave & S 24th St,594 - Lakewood - Seattle,Express,1847,
,"Tacoma, WA",Pierce,"47.245089, -122.436492",3_1678,1,Pacific Ave & S 19th St,594 - Lakewood - Seattle,Express,1902,
,"Tacoma, WA",Pierce,"47.250254, -122.437883",3_27574,1,Pacific Ave & S 14th St,594 - Lakewood - Seattle,Express,3714,
,"Tacoma, WA",Pierce,"47.255044, -122.439747",3_15624,45,Commerce St Transfer Area - Zone G,594 - Lakewood - Seattle,Express,4085,
,"Lakewood, WA",Pierce,"47.161115, -122.482996",3_5160,592,SR 512 P&R - Zone I,594 - Lakewood - Seattle,Express,4480,
,"Lakewood, WA",Pierce,"47.152605, -122.499474",3_14078,592,Lakewood Station - Bay 4,594 - Lakewood - Seattle,Express,1351,
,"Dupont, WA",Pierce,"47.090011, -122.640023",3_27540,592,Dupont Station - Bay 6,594 - Lakewood - Seattle,Express,4086,
,"Seattle, WA",King,"47.615733, -122.334375",1_940,577,Stewart St & 9th Ave,595 - Gig Harbor - Seattle,Express,3020,
,"Seattle, WA",King,"47.614406, -122.336079",3_2137019669,577,Stewart St & 7th Ave,595 - Gig Harbor - Seattle,Express,3912,
,"Seattle, WA",King,"47.611895, -122.339343",3_2011772586,577,Stewart St & 3rd Ave,595 - Gig Harbor - Seattle,Express,3913,
,"Seattle, WA",King,"47.610721, -122.340275",1_280,590,2nd Ave & Stewart St,595 - Gig Harbor - Seattle,Express,4241,
,"Seattle, WA",King,"47.606176, -122.336189",1_320,590,2nd Ave & Seneca St,595 - Gig Harbor - Seattle,Express,1772,
,"Seattle, WA",King,"47.603056, -122.333320",1_360,590,2nd Ave & Cherry St,595 - Gig Harbor - Seattle,Express,245,
,"Seattle, WA",King,"47.601279, -122.331647",3_227,590,2nd Ave & Yesler Way,595 - Gig Harbor - Seattle,Express,249,
,"Seattle, WA",King,"47.592134, -122.327469",1_99271,590,Bus Way & Royal Brougham St,595 - Gig Harbor - Seattle,Express,669,
,"Seattle, WA",King,"47.585304, -122.327635",1_99266,590,Bus Way & Holgate St,595 - Gig Harbor - Seattle,Express,663,
,"Seattle, WA",King,"47.579016, -122.327637",1_99263,590,Bus Way & Lander St,595 - Gig Harbor - Seattle,Express,665,
,"Seattle, WA",King,"47.571756, -122.327598",1_99253,590,Bus Way & S Spokane St,595 - Gig Harbor - Seattle,Express,671,
,"Tacoma, WA",Pierce,"47.240192, -122.424837",3_377411996,574,Tacoma Dome Station - Zone H,595 - Gig Harbor - Seattle,Express,3916,
,"Tacoma, WA",Pierce,"47.243555, -122.526257",3_12066,595,Tacoma Community College Transit Ctr - Zone M,595 - Gig Harbor - Seattle,Express,4210,
,"Tacoma, WA",Pierce,"47.255558, -122.532376",3_348,100,Narrows P&R,595 - Gig Harbor - Seattle,Express,394,
,"Gig Harbor, WA",Pierce,"47.318086, -122.586811",3_4738,595,Kimball Dr Park & Ride - Bay 2,595 - Gig Harbor - Seattle,Express,4237,
Purdy,"Gig Harbor, WA",Pierce,"47.389867, -122.625373",3_2038,100,Purdy Park & Ride,595 - Gig Harbor - Seattle,Express,2346,
,"Bonney Lake, WA",Pierce,"47.173257, -122.184856",3_11431,596,Bonney Lake P&R - Bay 5,596 - Bonney Lake - Sumner,Express,4491,
,"Sumner, WA",Pierce,"47.201336, -122.244691",3_24903,596,Sumner Station - Bay 3,596 - Bonney Lake - Sumner,Express,4236,
,3929 156th Avenue NE,King,"47.644812, -122.133615",,2 Line,Redmond Technology Station,2 Line - South Bellevue - Redmond Tech Station,Light Rail,,
,2801 152nd Ave NE,King,"47.636387, -122.138799",,2 Line,Overlake Village Station,2 Line - South Bellevue - Redmond Tech Station,Light Rail,,
,13102 NE Spring Blvd,King,"47.624450, -122.165794",,2 Line,BelRed Station,2 Line - South Bellevue - Redmond Tech Station,Light Rail,,
,12164 NE Spring Blvd,King,"47.623774, -122.178570",,2 Line,Spring District Station,2 Line - South Bellevue - Redmond Tech Station,Light Rail,,
,800 118th Ave NE,King,"47.618069, -122.183747",,2 Line,Wilburton Station,2 Line - South Bellevue - Redmond Tech Station,Light Rail,,
,594 110th Ave NE,King,"47.615234, -122.191917",,2 Line,Bellevue Downtown,2 Line - South Bellevue - Redmond Tech Station,Light Rail,,
,229 112th Ave SE,King,"47.608055, -122.191151",,2 Line,East Main Bellevue Station,2 Line - South Bellevue - Redmond Tech Station,Light Rail,,
,"Bellevue, WA",,"47.586932, -122.190604",40_E09-T2,2 Line,South Bellevue,2 Line - South Bellevue - Redmond Tech Station,Light Rail,,
,"Seatac, WA",King,"47.422638, -122.297787",,Seattle Link,Angle Lake Link Station,Seattle Link - Seattle Link Northgate - Angle Lake,Light Rail,,1160
,"Seatac, WA",King,"47.445011, -122.296860",,Seattle Link,SeaTac/Airport Station,Seattle Link - Seattle Link Northgate - Angle Lake,Light Rail,,
,15426 35th Avenue S.,King,"47.464098, -122.288201",,Seattle Link,Tukwila International Blvd Station,Seattle Link - Seattle Link Northgate - Angle Lake,Light Rail,,600
,9132 Martin Luther King Jr. Way South,King,"47.522610, -122.279335",,Seattle Link,Rainier Beach Station,Seattle Link - Seattle Link Northgate - Angle Lake,Light Rail,,
,7100 Martin Luther King Jr. Way South,King,"47.538006, -122.281574",,Seattle Link,Othello Station,Seattle Link - Seattle Link Northgate - Angle Lake,Light Rail,,
,4818 Martin Luther King Jr. Way S,King,"47.559616, -122.292618",,Seattle Link,Columbia City Station,Seattle Link - Seattle Link Northgate - Angle Lake,Light Rail,,
,3000 Rainier Avenue S,King,"47.576716, -122.297802",,Seattle Link,Mt. Baker Station,Seattle Link - Seattle Link Northgate - Angle Lake,Light Rail,,
,2702 Beacon Avenue S,King,"47.579401, -122.311340",,Seattle Link,Beacon Hill Station,Seattle Link - Seattle Link Northgate - Angle Lake,Light Rail,,
,500 S Lander Street,King,"47.580271, -122.327393",,Seattle Link,SODO Station,Seattle Link - Seattle Link Northgate - Angle Lake,Light Rail,,
,501 S Royal Brougham Way,King,"47.592047, -122.327171",,Seattle Link,Stadium Station,Seattle Link - Seattle Link Northgate - Angle Lake,Light Rail,,
,"Seattle, WA",King,"47.598055, -122.328019",,Seattle Link,International District Station,Seattle Link - Seattle Link Northgate - Angle Lake,Light Rail,,
,"Seattle, WA",King,"47.602669, -122.331318",,Seattle Link,Pioneer Sq Station,Seattle Link - Seattle Link Northgate - Angle Lake,Light Rail,,
,"Seattle, WA",King,"47.607746, -122.335960",,Seattle Link,University St Station,Seattle Link - Seattle Link Northgate - Angle Lake,Light Rail,,
,"Seattle, WA",King,"47.611597, -122.336666",,Seattle Link,Westlake Station,Seattle Link - Seattle Link Northgate - Angle Lake,Light Rail,,
,140 Broadway E,King,"47.619591, -122.320214",,Seattle Link,Capitol Hill Link Station,Seattle Link - Seattle Link Northgate - Angle Lake,Light Rail,,
,3720 Montlake Boulevard Northeast,King,"47.649704, -122.303772",,Seattle Link,University of Washington / Husky Stadium Station,Seattle Link - Seattle Link Northgate - Angle Lake,Light Rail,,
,4300 Brooklyn Avenue NE,King,"47.660312, -122.314131",,Seattle Link,U District Station,Seattle Link - Seattle Link Northgate - Angle Lake,Light Rail,,
,6501 12th Avenue Northeast,King,"47.676594, -122.315985",,Seattle Link,Roosevelt Station,Seattle Link - Seattle Link Northgate - Angle Lake,Light Rail,,
,10200 1st Avenue NE,King,"47.703038, -122.328282",,Seattle Link,Northgate Station,Seattle Link - Seattle Link Northgate - Angle Lake,Light Rail,,
,14711 5th Avenue Northeast,King,"47.736126, -122.325243",,Seattle Link,Shoreline South/148th Station,Seattle Link - Seattle Link Northgate - Angle Lake,Light Rail,,
,710 Northeast 185th St,King,"47.764088, -122.322890",,Seattle Link,Shoreline North/185th Station,Seattle Link - Seattle Link Northgate - Angle Lake,Light Rail,,360
,6001 236th Street Southwest,Snohomish,"47.784998, -122.314781",,Seattle Link,Mountlake Terrace Station,Seattle Link - Seattle Link Northgate - Angle Lake,Light Rail,,891
,20100 48th Avenue West,Snohomish,"47.815640, -122.294730",,Seattle Link,Lynnwood City Center Station,Seattle Link - Seattle Link Northgate - Angle Lake,Light Rail,,1670
,"Tacoma, WA",Pierce,"47.245289, -122.450191",,T Line,St Joseph Station,T Line - Tacoma Dome - St Joseph,Light Rail,,
,"Tacoma, WA",Pierce,"47.251773, -122.451669",,T Line,Hilltop District Station,T Line - Tacoma Dome - St Joseph,Light Rail,,
,"Tacoma, WA",Pierce,"47.256926, -122.452841",,T Line,6th Avenue Station,T Line - Tacoma Dome - St Joseph,Light Rail,,
,"Tacoma, WA",Pierce,"47.260091, -122.453562",,T Line,Tacoma General Station,T Line - Tacoma Dome - St Joseph,Light Rail,,
,"Tacoma, WA",Pierce,"47.263886, -122.448987",,T Line,Stadium District Station,T Line - Tacoma Dome - St Joseph,Light Rail,,
,"Tacoma, WA",Pierce,"47.261326, -122.442727",,T Line,South 4th Street Station,T Line - Tacoma Dome - St Joseph,Light Rail,,
,6001 236th Street Southwest,Pierce,"47.257745, -122.440418",,T Line,Old City Hall Station,T Line - Tacoma Dome - St Joseph,Light Rail,,
,"Tacoma, WA",Pierce,"47.252834, -122.439287",,T Line,Theater District Station,T Line - Tacoma Dome - St Joseph,Light Rail,,
,"Tacoma, WA",Pierce,"47.249504, -122.438578",,T Line,Convention Center Station,T Line - Tacoma Dome - St Joseph,Light Rail,,
,"Tacoma, WA",Pierce,"47.244843, -122.436622",,T Line,Tacoma Union Station,T Line - Tacoma Dome - St Joseph,Light Rail,,
,"Tacoma, WA",Pierce,"47.239081, -122.434202",40_T03,T Line,South 25th Street Station,T Line - Tacoma Dome - St Joseph,Light Rail,,
,"Tacoma, WA",Pierce,"47.239868, -122.428118",40_T01,T Line,Tacoma Dome Station,T Line - Tacoma Dome - St Joseph,Light Rail,,
,"Everett, WA",Snohomish,"47.979241, -122.195589",29_2986,510,Hewitt Ave & Fulton St,510 - Everett - Seattle,Sound Transit Express,,
,"Everett, WA",Snohomish,"47.979318, -122.202649",29_2440,510,Hewitt Ave & Lombard Ave,510 - Everett - Seattle,Sound Transit Express,,
,"Everett, WA",Snohomish,"47.977325, -122.207239",29_2355,510,Wetmore Ave & Wall St,510 - Everett - Seattle,Sound Transit Express,,
,"Everett, WA",Snohomish,"47.976509, -122.205033",29_2359,510,Pacific Ave & Rockefeller Ave,510 - Everett - Seattle,Sound Transit Express,,
,"Everett, WA",Snohomish,"47.974851, -122.197619",29_2345,510,Everett Station Bay C1,510 - Everett - Seattle,Sound Transit Express,,
,"Everett, WA",Snohomish,"47.972819, -122.201491",29_2367,201,Broadway & 34th St,510 - Everett - Seattle,Sound Transit Express,,
,"Everett, WA",Snohomish,"47.899018, -122.214478",29_2868,510,South Everett Fwy Station Bay 3,510 - Everett - Seattle,Sound Transit Express,,
,"Mountlake Terrace, WA",Snohomish,"47.787230, -122.316408",29_2765,510,Mountlake Terrace Fwy Station Bay 6,510 - Everett - Seattle,Sound Transit Express,,
"Belltown, Denny Regrade","Seattle, WA",King,"47.615832, -122.334230",1_940,424,Stewart St & 9th Ave,510 - Everett - Seattle,Sound Transit Express,,
"Belltown, Denny Regrade","Seattle, WA",King,"47.614556, -122.335971",1_950,424,Stewart St & 7th Ave,510 - Everett - Seattle,Sound Transit Express,,
Central Business District,"Seattle, WA",King,"47.611807, -122.336694",1_760,510,5th Ave & Pine St,510 - Everett - Seattle,Sound Transit Express,,
Central Business District,"Seattle, WA",King,"47.608238, -122.333425",1_790,510,5th Ave & Seneca St,510 - Everett - Seattle,Sound Transit Express,,
Central Business District,"Seattle, WA",King,"47.605927, -122.331319",1_810,510,5th Ave & Marion St,510 - Everett - Seattle,Sound Transit Express,,
Pioneer Square,"Seattle, WA",King,"47.603157, -122.328806",1_820,510,5th Ave & Jefferson St,510 - Everett - Seattle,Sound Transit Express,,
International District,"Seattle, WA",King,"47.598591, -122.327766",1_843,510,5th Ave S & S Jackson St,510 - Everett - Seattle,Sound Transit Express,,
,"Everett, WA",Snohomish,"47.974851, -122.197619",29_2345,510,Everett Station Bay C1,512 - Everett - Seattle,Sound Transit Express,,
,"Everett, WA",Snohomish,"47.972819, -122.201491",29_2367,201,Broadway & 34th St,512 - Everett - Seattle,Sound Transit Express,,
,"Everett, WA",Snohomish,"47.899018, -122.214478",29_2868,510,South Everett Fwy Station Bay 3,512 - Everett - Seattle,Sound Transit Express,,
,"Picnic Point-North Lynnwood, WA",Snohomish,"47.852882, -122.258253",29_2131,201,Ash Way Park & Ride Bay 2,512 - Everett - Seattle,Sound Transit Express,,
,"Lynnwood, WA",Snohomish,"47.815883, -122.296616",29_2114,512,Lynnwood Transit Center Bay D2,512 - Everett - Seattle,Sound Transit Express,,
,"Mountlake Terrace, WA",Snohomish,"47.787230, -122.316408",29_2765,510,Mountlake Terrace Fwy Station Bay 6,512 - Everett - Seattle,Sound Transit Express,,
,"Seattle, WA",King,"47.702191, -122.328018",29_2191,512,Northgate Station,512 - Everett - Seattle,Sound Transit Express,,
,"Everett, WA",Snohomish,"47.930484, -122.260484",29_3190,513,Seaway Transit Center Bay 11,513 - Seaway TC - Seattle,Sound Transit Express,,
,"Everett, WA",Snohomish,"47.921803, -122.230584",29_394,513,W Casino Rd & Evergreen Way,513 - Seaway TC - Seattle,Sound Transit Express,,
,"Everett, WA",Snohomish,"47.915359, -122.205140",29_2144,513,Eastmont Park & Ride Bay 1,513 - Seaway TC - Seattle,Sound Transit Express,,
,"Picnic Point-North Lynnwood, WA",Snohomish,"47.852882, -122.258253",29_2131,201,Ash Way Park & Ride Bay 2,513 - Seaway TC - Seattle,Sound Transit Express,,
,"Lynnwood, WA",Snohomish,"47.815883, -122.296616",29_2114,512,Lynnwood Transit Center Bay D2,513 - Seaway TC - Seattle,Sound Transit Express,,
,"Lynnwood, WA",Snohomish,"47.815889, -122.297029",29_2113,515,Lynnwood Transit Center Bay D1,515 - Lynnwood City Center Station - Seattle,Sound Transit Express,,
,"Mountlake Terrace, WA",Snohomish,"47.787230, -122.316408",29_2765,510,Mountlake Terrace Fwy Station Bay 6,515 - Lynnwood City Center Station - Seattle,Sound Transit Express,,
"Belltown, Denny Regrade","Seattle, WA",King,"47.615832, -122.334230",1_940,424,Stewart St & 9th Ave,515 - Lynnwood City Center Station - Seattle,Sound Transit Express,,
"Belltown, Denny Regrade","Seattle, WA",King,"47.614556, -122.335971",1_950,424,Stewart St & 7th Ave,515 - Lynnwood City Center Station - Seattle,Sound Transit Express,,
Central Business District,"Seattle, WA",King,"47.611807, -122.336694",1_760,510,5th Ave & Pine St,515 - Lynnwood City Center Station - Seattle,Sound Transit Express,,
Central Business District,"Seattle, WA",King,"47.608238, -122.333425",1_790,510,5th Ave & Seneca St,515 - Lynnwood City Center Station - Seattle,Sound Transit Express,,
Central Business District,"Seattle, WA",King,"47.605927, -122.331319",1_810,510,5th Ave & Marion St,515 - Lynnwood City Center Station - Seattle,Sound Transit Express,,
Pioneer Square,"Seattle, WA",King,"47.603157, -122.328806",1_820,510,5th Ave & Jefferson St,515 - Lynnwood City Center Station - Seattle,Sound Transit Express,,
International District,"Seattle, WA",King,"47.598591, -122.327766",1_843,510,5th Ave S & S Jackson St,515 - Lynnwood City Center Station - Seattle,Sound Transit Express,,
,"Everett, WA",Snohomish,"47.974434, -122.197432",29_2347,532,Everett Station Bay C3,532 - Everett - Bellevue,Sound Transit Express,,
,"Everett, WA",Snohomish,"47.972819, -122.201491",29_2367,201,Broadway & 34th St,532 - Everett - Bellevue,Sound Transit Express,,
,"Everett, WA",Snohomish,"47.899271, -122.214356",29_2867,532,South Everett Fwy Station Bay 2,532 - Everett - Bellevue,Sound Transit Express,,
,"Picnic Point-North Lynnwood, WA",Snohomish,"47.853234, -122.257814",29_2162,109,Ash Way Park & Ride Bay 3,532 - Everett - Bellevue,Sound Transit Express,,
,"Bothell, WA",Snohomish,"47.793847, -122.214072",29_2736,532,Canyon Park Fwy Station Bay 3,532 - Everett - Bellevue,Sound Transit Express,,
Totem Lake,"Kirkland, WA",King,"47.715440, -122.185817",1_82687,424,Totem Lake Fwy Station,532 - Everett - Bellevue,Sound Transit Express,,
Downtown Bellevue,"Bellevue, WA",King,"47.615437, -122.194537",1_67655,532,Bellevue Transit Center Bay 8,532 - Everett - Bellevue,Sound Transit Express,,
Downtown Bellevue,"Bellevue, WA",King,"47.617484, -122.196999",29_3339,532,NE 8th St & 108th Ave NE,532 - Everett - Bellevue,Sound Transit Express,,
Downtown Bellevue,"Bellevue, WA",King,"47.617541, -122.204908",1_70608,532,NE 8th St & 102nd Ave NE,532 - Everett - Bellevue,Sound Transit Express,,
Downtown Bellevue,"Bellevue, WA",King,"47.619172, -122.204880",29_2856,532,NE 10th St & 102nd Ave NE,532 - Everett - Bellevue,Sound Transit Express,,
,"Lynnwood, WA",Snohomish,"47.815889, -122.297029",29_2113,515,Lynnwood Transit Center Bay D1,535 - Lynnwood - Bellevue,Sound Transit Express,,
,"Lynnwood, WA",Snohomish,"47.829303, -122.268359",29_814,117,Alderwood Mall Pkwy & Beech Rd,535 - Lynnwood - Bellevue,Sound Transit Express,,
,"Lynnwood, WA",Snohomish,"47.831614, -122.268401",29_2431,117,Alderwood Mall Pkwy & 184th St SW,535 - Lynnwood - Bellevue,Sound Transit Express,,
,"Bothell, WA",Snohomish,"47.793847, -122.214072",29_2736,532,Canyon Park Fwy Station Bay 3,535 - Lynnwood - Bellevue,Sound Transit Express,,
,"Bothell, WA",King,"47.767936, -122.191257",1_76299,121,Beardslee Blvd & Ross Rd,535 - Lynnwood - Bellevue,Sound Transit Express,,
,"Bothell, WA",King,"47.761773, -122.192425",29_2229,106,UW Bothell & Cascadia College,535 - Lynnwood - Bellevue,Sound Transit Express,,
,"Bothell, WA",King,"47.759468, -122.199971",29_1399,535,Bothell Park & Ride Bay 2,535 - Lynnwood - Bellevue,Sound Transit Express,,
Oskams Corner,"Bothell, WA",King,"47.741250, -122.187676",1_82700,535,Brickyard Fwy Station,535 - Lynnwood - Bellevue,Sound Transit Express,,
Totem Lake,"Kirkland, WA",King,"47.715440, -122.185817",1_82687,424,Totem Lake Fwy Station,535 - Lynnwood - Bellevue,Sound Transit Express,,
Downtown Bellevue,"Bellevue, WA",King,"47.615437, -122.194537",1_67655,532,Bellevue Transit Center Bay 8,535 - Lynnwood - Bellevue,Sound Transit Express,,
Downtown Bellevue,"Bellevue, WA",King,"47.617484, -122.196999",29_3339,532,NE 8th St & 108th Ave NE,535 - Lynnwood - Bellevue,Sound Transit Express,,
Downtown Bellevue,"Bellevue, WA",King,"47.617541, -122.204908",1_70608,532,NE 8th St & 102nd Ave NE,535 - Lynnwood - Bellevue,Sound Transit Express,,
Downtown Bellevue,"Bellevue, WA",King,"47.619172, -122.204880",29_2856,532,NE 10th St & 102nd Ave NE,535 - Lynnwood - Bellevue,Sound Transit Express,,
